solid OpenSCAD_Model
  facet normal -0.427726 -0.903908 0
    outer loop
      vertex -48.1213 -37.4686 0
      vertex -47.7221 -37.6575 32
      vertex -48.1213 -37.4686 32
    endloop
  endfacet
  facet normal -0.427726 -0.903908 -0
    outer loop
      vertex -47.7221 -37.6575 32
      vertex -48.1213 -37.4686 0
      vertex -47.7221 -37.6575 0
    endloop
  endfacet
  facet normal -0.903908 0.427726 0
    outer loop
      vertex -50.1575 -31.7779 0
      vertex -49.9686 -31.3787 32
      vertex -49.9686 -31.3787 0
    endloop
  endfacet
  facet normal -0.903908 0.427726 0
    outer loop
      vertex -49.9686 -31.3787 32
      vertex -50.1575 -31.7779 0
      vertex -50.1575 -31.7779 32
    endloop
  endfacet
  facet normal -0.595753 -0.803168 0
    outer loop
      vertex -48.8548 -36.9785 0
      vertex -48.5001 -37.2416 32
      vertex -48.8548 -36.9785 32
    endloop
  endfacet
  facet normal -0.595753 -0.803168 -0
    outer loop
      vertex -48.5001 -37.2416 32
      vertex -48.8548 -36.9785 0
      vertex -48.5001 -37.2416 0
    endloop
  endfacet
  facet normal 0.671488 -0.741015 0
    outer loop
      vertex -43.1452 -36.9785 0
      vertex -42.818 -36.682 32
      vertex -43.1452 -36.9785 32
    endloop
  endfacet
  facet normal 0.671488 -0.741015 0
    outer loop
      vertex -42.818 -36.682 32
      vertex -43.1452 -36.9785 0
      vertex -42.818 -36.682 0
    endloop
  endfacet
  facet normal -0.803168 0.595753 0
    outer loop
      vertex -49.7416 -30.9999 0
      vertex -49.4785 -30.6452 32
      vertex -49.4785 -30.6452 0
    endloop
  endfacet
  facet normal -0.803168 0.595753 0
    outer loop
      vertex -49.4785 -30.6452 32
      vertex -49.7416 -30.9999 0
      vertex -49.7416 -30.9999 32
    endloop
  endfacet
  facet normal -0.989174 0.146746 0
    outer loop
      vertex -50.4783 -33.0589 0
      vertex -50.4135 -32.6221 32
      vertex -50.4135 -32.6221 0
    endloop
  endfacet
  facet normal -0.989174 0.146746 0
    outer loop
      vertex -50.4135 -32.6221 32
      vertex -50.4783 -33.0589 0
      vertex -50.4783 -33.0589 32
    endloop
  endfacet
  facet normal -0.857773 0.514029 0
    outer loop
      vertex -49.9686 -31.3787 0
      vertex -49.7416 -30.9999 32
      vertex -49.7416 -30.9999 0
    endloop
  endfacet
  facet normal -0.857773 0.514029 0
    outer loop
      vertex -49.7416 -30.9999 32
      vertex -49.9686 -31.3787 0
      vertex -49.9686 -31.3787 32
    endloop
  endfacet
  facet normal -0.998792 -0.0491358 0
    outer loop
      vertex -50.4783 -33.9411 0
      vertex -50.5 -33.5 32
      vertex -50.5 -33.5 0
    endloop
  endfacet
  facet normal -0.998792 -0.0491358 0
    outer loop
      vertex -50.5 -33.5 32
      vertex -50.4783 -33.9411 0
      vertex -50.4783 -33.9411 32
    endloop
  endfacet
  facet normal 0.735885 -0.677106 0
    outer loop
      vertex -42.818 -36.682 32
      vertex -35.7496 -29 0
      vertex -35.7496 -29 32
    endloop
  endfacet
  facet normal 0.735885 -0.677106 0
    outer loop
      vertex -35.7496 -29 0
      vertex -42.818 -36.682 32
      vertex -42.818 -36.682 0
    endloop
  endfacet
  facet normal -0.0491358 -0.998792 0
    outer loop
      vertex -46.4411 -37.9783 0
      vertex -46 -38 32
      vertex -46.4411 -37.9783 32
    endloop
  endfacet
  facet normal -0.0491358 -0.998792 -0
    outer loop
      vertex -46 -38 32
      vertex -46.4411 -37.9783 0
      vertex -46 -38 0
    endloop
  endfacet
  facet normal -0.857773 -0.514029 0
    outer loop
      vertex -49.7416 -36.0001 0
      vertex -49.9686 -35.6213 32
      vertex -49.9686 -35.6213 0
    endloop
  endfacet
  facet normal -0.857773 -0.514029 0
    outer loop
      vertex -49.9686 -35.6213 32
      vertex -49.7416 -36.0001 0
      vertex -49.7416 -36.0001 32
    endloop
  endfacet
  facet normal -0.146746 -0.989174 0
    outer loop
      vertex -46.8779 -37.9135 0
      vertex -46.4411 -37.9783 32
      vertex -46.8779 -37.9135 32
    endloop
  endfacet
  facet normal -0.146746 -0.989174 -0
    outer loop
      vertex -46.4411 -37.9783 32
      vertex -46.8779 -37.9135 0
      vertex -46.4411 -37.9783 0
    endloop
  endfacet
  facet normal -0.336738 -0.941598 0
    outer loop
      vertex -47.7221 -37.6575 0
      vertex -47.3063 -37.8062 32
      vertex -47.7221 -37.6575 32
    endloop
  endfacet
  facet normal -0.336738 -0.941598 -0
    outer loop
      vertex -47.3063 -37.8062 32
      vertex -47.7221 -37.6575 0
      vertex -47.3063 -37.8062 0
    endloop
  endfacet
  facet normal -0.671488 -0.741015 0
    outer loop
      vertex -49.182 -36.682 0
      vertex -48.8548 -36.9785 32
      vertex -49.182 -36.682 32
    endloop
  endfacet
  facet normal -0.671488 -0.741015 -0
    outer loop
      vertex -48.8548 -36.9785 32
      vertex -49.182 -36.682 0
      vertex -48.8548 -36.9785 0
    endloop
  endfacet
  facet normal -0.803168 -0.595753 0
    outer loop
      vertex -49.4785 -36.3548 0
      vertex -49.7416 -36.0001 32
      vertex -49.7416 -36.0001 0
    endloop
  endfacet
  facet normal -0.803168 -0.595753 0
    outer loop
      vertex -49.7416 -36.0001 32
      vertex -49.4785 -36.3548 0
      vertex -49.4785 -36.3548 32
    endloop
  endfacet
  facet normal 0.146746 -0.989174 0
    outer loop
      vertex -45.5589 -37.9783 0
      vertex -45.1221 -37.9135 32
      vertex -45.5589 -37.9783 32
    endloop
  endfacet
  facet normal 0.146746 -0.989174 0
    outer loop
      vertex -45.1221 -37.9135 32
      vertex -45.5589 -37.9783 0
      vertex -45.1221 -37.9135 0
    endloop
  endfacet
  facet normal -0.242962 -0.970036 0
    outer loop
      vertex -47.3063 -37.8062 0
      vertex -46.8779 -37.9135 32
      vertex -47.3063 -37.8062 32
    endloop
  endfacet
  facet normal -0.242962 -0.970036 -0
    outer loop
      vertex -46.8779 -37.9135 32
      vertex -47.3063 -37.8062 0
      vertex -46.8779 -37.9135 0
    endloop
  endfacet
  facet normal -0.677106 0.735885 0
    outer loop
      vertex -41.5 -23.2496 0
      vertex -49.182 -30.318 32
      vertex -41.5 -23.2496 32
    endloop
  endfacet
  facet normal -0.677106 0.735885 0
    outer loop
      vertex -49.182 -30.318 32
      vertex -41.5 -23.2496 0
      vertex -49.182 -30.318 0
    endloop
  endfacet
  facet normal 0.514029 -0.857773 0
    outer loop
      vertex -43.8787 -37.4686 0
      vertex -43.4999 -37.2416 32
      vertex -43.8787 -37.4686 32
    endloop
  endfacet
  facet normal 0.514029 -0.857773 0
    outer loop
      vertex -43.4999 -37.2416 32
      vertex -43.8787 -37.4686 0
      vertex -43.4999 -37.2416 0
    endloop
  endfacet
  facet normal 0.242962 -0.970036 0
    outer loop
      vertex -45.1221 -37.9135 0
      vertex -44.6937 -37.8062 32
      vertex -45.1221 -37.9135 32
    endloop
  endfacet
  facet normal 0.242962 -0.970036 0
    outer loop
      vertex -44.6937 -37.8062 32
      vertex -45.1221 -37.9135 0
      vertex -44.6937 -37.8062 0
    endloop
  endfacet
  facet normal 0.427726 -0.903908 0
    outer loop
      vertex -44.2779 -37.6575 0
      vertex -43.8787 -37.4686 32
      vertex -44.2779 -37.6575 32
    endloop
  endfacet
  facet normal 0.427726 -0.903908 0
    outer loop
      vertex -43.8787 -37.4686 32
      vertex -44.2779 -37.6575 0
      vertex -43.8787 -37.4686 0
    endloop
  endfacet
  facet normal -0.970036 -0.242962 0
    outer loop
      vertex -50.3062 -34.8063 0
      vertex -50.4135 -34.3779 32
      vertex -50.4135 -34.3779 0
    endloop
  endfacet
  facet normal -0.970036 -0.242962 0
    outer loop
      vertex -50.4135 -34.3779 32
      vertex -50.3062 -34.8063 0
      vertex -50.3062 -34.8063 32
    endloop
  endfacet
  facet normal -0.989174 -0.146746 0
    outer loop
      vertex -50.4135 -34.3779 0
      vertex -50.4783 -33.9411 32
      vertex -50.4783 -33.9411 0
    endloop
  endfacet
  facet normal -0.989174 -0.146746 0
    outer loop
      vertex -50.4783 -33.9411 32
      vertex -50.4135 -34.3779 0
      vertex -50.4135 -34.3779 32
    endloop
  endfacet
  facet normal -0.514029 -0.857773 0
    outer loop
      vertex -48.5001 -37.2416 0
      vertex -48.1213 -37.4686 32
      vertex -48.5001 -37.2416 32
    endloop
  endfacet
  facet normal -0.514029 -0.857773 -0
    outer loop
      vertex -48.1213 -37.4686 32
      vertex -48.5001 -37.2416 0
      vertex -48.1213 -37.4686 0
    endloop
  endfacet
  facet normal 0.595753 -0.803168 0
    outer loop
      vertex -43.4999 -37.2416 0
      vertex -43.1452 -36.9785 32
      vertex -43.4999 -37.2416 32
    endloop
  endfacet
  facet normal 0.595753 -0.803168 0
    outer loop
      vertex -43.1452 -36.9785 32
      vertex -43.4999 -37.2416 0
      vertex -43.1452 -36.9785 0
    endloop
  endfacet
  facet normal -0.741015 -0.671488 0
    outer loop
      vertex -49.182 -36.682 0
      vertex -49.4785 -36.3548 32
      vertex -49.4785 -36.3548 0
    endloop
  endfacet
  facet normal -0.741015 -0.671488 0
    outer loop
      vertex -49.4785 -36.3548 32
      vertex -49.182 -36.682 0
      vertex -49.182 -36.682 32
    endloop
  endfacet
  facet normal 0 0 1
    outer loop
      vertex -42.818 36.682 32
      vertex -43.9101 33.7058 32
      vertex -43.9 33.5 32
    endloop
  endfacet
  facet normal 0 0 1
    outer loop
      vertex -43.4999 37.2416 32
      vertex -43.9403 33.9097 32
      vertex -43.9101 33.7058 32
    endloop
  endfacet
  facet normal 0 0 1
    outer loop
      vertex -43.4999 37.2416 32
      vertex -43.9904 34.1096 32
      vertex -43.9403 33.9097 32
    endloop
  endfacet
  facet normal 0 0 1
    outer loop
      vertex -43.4999 37.2416 32
      vertex -44.0599 34.3036 32
      vertex -43.9904 34.1096 32
    endloop
  endfacet
  facet normal 0 0 1
    outer loop
      vertex -43.4999 37.2416 32
      vertex -44.148 34.4899 32
      vertex -44.0599 34.3036 32
    endloop
  endfacet
  facet normal 0 0 1
    outer loop
      vertex -43.4999 37.2416 32
      vertex -44.2539 34.6667 32
      vertex -44.148 34.4899 32
    endloop
  endfacet
  facet normal 0 0 1
    outer loop
      vertex -45.0101 35.352 32
      vertex -43.8787 37.4686 32
      vertex -44.2779 37.6575 32
    endloop
  endfacet
  facet normal 0 0 1
    outer loop
      vertex -43.4999 37.2416 32
      vertex -44.3767 34.8322 32
      vertex -44.2539 34.6667 32
    endloop
  endfacet
  facet normal 0 0 1
    outer loop
      vertex -43.4999 37.2416 32
      vertex -44.5151 34.9849 32
      vertex -44.3767 34.8322 32
    endloop
  endfacet
  facet normal 0 0 1
    outer loop
      vertex -43.4999 37.2416 32
      vertex -44.6678 35.1233 32
      vertex -44.5151 34.9849 32
    endloop
  endfacet
  facet normal 0 0 1
    outer loop
      vertex -45.1964 35.4401 32
      vertex -44.2779 37.6575 32
      vertex -44.6937 37.8062 32
    endloop
  endfacet
  facet normal 0 0 1
    outer loop
      vertex -43.4999 37.2416 32
      vertex -44.8333 35.2461 32
      vertex -44.6678 35.1233 32
    endloop
  endfacet
  facet normal 0 0 1
    outer loop
      vertex -43.8787 37.4686 32
      vertex -45.0101 35.352 32
      vertex -44.8333 35.2461 32
    endloop
  endfacet
  facet normal 0 0 1
    outer loop
      vertex -45.3904 35.5096 32
      vertex -44.6937 37.8062 32
      vertex -45.1221 37.9135 32
    endloop
  endfacet
  facet normal 0 0 1
    outer loop
      vertex -44.2779 37.6575 32
      vertex -45.1964 35.4401 32
      vertex -45.0101 35.352 32
    endloop
  endfacet
  facet normal 0 0 1
    outer loop
      vertex -44.6937 37.8062 32
      vertex -45.3904 35.5096 32
      vertex -45.1964 35.4401 32
    endloop
  endfacet
  facet normal 0 0 1
    outer loop
      vertex -45.5903 35.5596 32
      vertex -45.1221 37.9135 32
      vertex -45.5589 37.9783 32
    endloop
  endfacet
  facet normal 0 0 1
    outer loop
      vertex -45.1221 37.9135 32
      vertex -45.5903 35.5596 32
      vertex -45.3904 35.5096 32
    endloop
  endfacet
  facet normal 0 0 1
    outer loop
      vertex -45.5589 37.9783 32
      vertex -45.7942 35.5899 32
      vertex -45.5903 35.5596 32
    endloop
  endfacet
  facet normal 0 0 1
    outer loop
      vertex -46 38 32
      vertex -45.7942 35.5899 32
      vertex -45.5589 37.9783 32
    endloop
  endfacet
  facet normal 0 0 1
    outer loop
      vertex -46 38 32
      vertex -46 35.6 32
      vertex -45.7942 35.5899 32
    endloop
  endfacet
  facet normal 0 0 1
    outer loop
      vertex -46 38 32
      vertex -46.2058 35.5899 32
      vertex -46 35.6 32
    endloop
  endfacet
  facet normal -0 0 1
    outer loop
      vertex -46.4411 37.9783 32
      vertex -46.2058 35.5899 32
      vertex -46 38 32
    endloop
  endfacet
  facet normal 0 0 1
    outer loop
      vertex -46.2058 35.5899 32
      vertex -46.4411 37.9783 32
      vertex -46.4097 35.5596 32
    endloop
  endfacet
  facet normal -0 0 1
    outer loop
      vertex -46.8779 37.9135 32
      vertex -46.4097 35.5596 32
      vertex -46.4411 37.9783 32
    endloop
  endfacet
  facet normal 0 0 1
    outer loop
      vertex -46.4097 35.5596 32
      vertex -46.8779 37.9135 32
      vertex -46.6096 35.5096 32
    endloop
  endfacet
  facet normal -0 0 1
    outer loop
      vertex -47.3063 37.8062 32
      vertex -46.6096 35.5096 32
      vertex -46.8779 37.9135 32
    endloop
  endfacet
  facet normal 0 0 1
    outer loop
      vertex -46.6096 35.5096 32
      vertex -47.3063 37.8062 32
      vertex -46.8036 35.4401 32
    endloop
  endfacet
  facet normal -0 0 1
    outer loop
      vertex -47.7221 37.6575 32
      vertex -46.8036 35.4401 32
      vertex -47.3063 37.8062 32
    endloop
  endfacet
  facet normal 0 0 1
    outer loop
      vertex -46.8036 35.4401 32
      vertex -47.7221 37.6575 32
      vertex -46.9899 35.352 32
    endloop
  endfacet
  facet normal -0 0 1
    outer loop
      vertex -48.1213 37.4686 32
      vertex -46.9899 35.352 32
      vertex -47.7221 37.6575 32
    endloop
  endfacet
  facet normal 0 0 1
    outer loop
      vertex -46.9899 35.352 32
      vertex -48.1213 37.4686 32
      vertex -47.1667 35.2461 32
    endloop
  endfacet
  facet normal -0 0 1
    outer loop
      vertex -48.5001 37.2416 32
      vertex -47.1667 35.2461 32
      vertex -48.1213 37.4686 32
    endloop
  endfacet
  facet normal 0 0 1
    outer loop
      vertex -47.1667 35.2461 32
      vertex -48.5001 37.2416 32
      vertex -47.3322 35.1233 32
    endloop
  endfacet
  facet normal -0 0 1
    outer loop
      vertex -48.8548 36.9785 32
      vertex -47.3322 35.1233 32
      vertex -48.5001 37.2416 32
    endloop
  endfacet
  facet normal 0 0 1
    outer loop
      vertex -47.3322 35.1233 32
      vertex -48.8548 36.9785 32
      vertex -47.4849 34.9849 32
    endloop
  endfacet
  facet normal -0 0 1
    outer loop
      vertex -49.182 36.682 32
      vertex -47.4849 34.9849 32
      vertex -48.8548 36.9785 32
    endloop
  endfacet
  facet normal 0 0 1
    outer loop
      vertex -47.4849 34.9849 32
      vertex -49.182 36.682 32
      vertex -47.6233 34.8322 32
    endloop
  endfacet
  facet normal -0 0 1
    outer loop
      vertex -49.4785 36.3548 32
      vertex -47.6233 34.8322 32
      vertex -49.182 36.682 32
    endloop
  endfacet
  facet normal 0 0 1
    outer loop
      vertex -47.6233 34.8322 32
      vertex -49.4785 36.3548 32
      vertex -47.7461 34.6667 32
    endloop
  endfacet
  facet normal 0 0 1
    outer loop
      vertex -47.7461 34.6667 32
      vertex -49.7416 36.0001 32
      vertex -47.852 34.4899 32
    endloop
  endfacet
  facet normal -0 0 1
    outer loop
      vertex -49.7416 36.0001 32
      vertex -47.7461 34.6667 32
      vertex -49.4785 36.3548 32
    endloop
  endfacet
  facet normal 0 0 1
    outer loop
      vertex 48.1 -33.5 32
      vertex 50.5 -33.5 32
      vertex 50.4783 -33.0589 32
    endloop
  endfacet
  facet normal 0 0 1
    outer loop
      vertex 48.0899 -33.2942 32
      vertex 50.4783 -33.0589 32
      vertex 50.4135 -32.6221 32
    endloop
  endfacet
  facet normal 0 0 1
    outer loop
      vertex 50.5 -33.5 32
      vertex 48.1 -33.5 32
      vertex 50.4783 -33.9411 32
    endloop
  endfacet
  facet normal 0 0 1
    outer loop
      vertex 48.0596 -33.0903 32
      vertex 50.4135 -32.6221 32
      vertex 50.3062 -32.1937 32
    endloop
  endfacet
  facet normal -0 0 1
    outer loop
      vertex 48.0899 -33.7058 32
      vertex 50.4783 -33.9411 32
      vertex 48.1 -33.5 32
    endloop
  endfacet
  facet normal 0 0 1
    outer loop
      vertex 48.0096 -32.8904 32
      vertex 50.3062 -32.1937 32
      vertex 50.1575 -31.7779 32
    endloop
  endfacet
  facet normal 0 0 1
    outer loop
      vertex 50.4783 -33.9411 32
      vertex 48.0899 -33.7058 32
      vertex 50.4135 -34.3779 32
    endloop
  endfacet
  facet normal 0 0 1
    outer loop
      vertex 47.9401 -32.6964 32
      vertex 50.1575 -31.7779 32
      vertex 49.9686 -31.3787 32
    endloop
  endfacet
  facet normal -0 0 1
    outer loop
      vertex 48.0596 -33.9097 32
      vertex 50.4135 -34.3779 32
      vertex 48.0899 -33.7058 32
    endloop
  endfacet
  facet normal 0 0 1
    outer loop
      vertex 47.852 -32.5101 32
      vertex 49.9686 -31.3787 32
      vertex 49.7416 -30.9999 32
    endloop
  endfacet
  facet normal 0 0 1
    outer loop
      vertex 50.4135 -34.3779 32
      vertex 48.0596 -33.9097 32
      vertex 50.3062 -34.8063 32
    endloop
  endfacet
  facet normal 0 0 1
    outer loop
      vertex 47.7461 -32.3333 32
      vertex 49.7416 -30.9999 32
      vertex 49.4785 -30.6452 32
    endloop
  endfacet
  facet normal -0 0 1
    outer loop
      vertex 48.0096 -34.1096 32
      vertex 50.3062 -34.8063 32
      vertex 48.0596 -33.9097 32
    endloop
  endfacet
  facet normal 0 0 1
    outer loop
      vertex 47.6233 -32.1678 32
      vertex 49.4785 -30.6452 32
      vertex 49.182 -30.318 32
    endloop
  endfacet
  facet normal 0 0 1
    outer loop
      vertex 50.3062 -34.8063 32
      vertex 48.0096 -34.1096 32
      vertex 50.1575 -35.2221 32
    endloop
  endfacet
  facet normal -0 0 1
    outer loop
      vertex 47.9401 -34.3036 32
      vertex 50.1575 -35.2221 32
      vertex 48.0096 -34.1096 32
    endloop
  endfacet
  facet normal -0 0 1
    outer loop
      vertex 47.852 -34.4899 32
      vertex 49.9686 -35.6213 32
      vertex 47.9401 -34.3036 32
    endloop
  endfacet
  facet normal 0 0 1
    outer loop
      vertex 49.9686 -35.6213 32
      vertex 47.852 -34.4899 32
      vertex 49.7416 -36.0001 32
    endloop
  endfacet
  facet normal 0 0 1
    outer loop
      vertex 50.1575 -35.2221 32
      vertex 47.9401 -34.3036 32
      vertex 49.9686 -35.6213 32
    endloop
  endfacet
  facet normal 0 0 1
    outer loop
      vertex 50.4783 -33.0589 32
      vertex 48.0899 -33.2942 32
      vertex 48.1 -33.5 32
    endloop
  endfacet
  facet normal 0 0 1
    outer loop
      vertex 50.4135 -32.6221 32
      vertex 48.0596 -33.0903 32
      vertex 48.0899 -33.2942 32
    endloop
  endfacet
  facet normal 0 0 1
    outer loop
      vertex 50.3062 -32.1937 32
      vertex 48.0096 -32.8904 32
      vertex 48.0596 -33.0903 32
    endloop
  endfacet
  facet normal 0 0 1
    outer loop
      vertex 50.1575 -31.7779 32
      vertex 47.9401 -32.6964 32
      vertex 48.0096 -32.8904 32
    endloop
  endfacet
  facet normal 0 0 1
    outer loop
      vertex 49.9686 -31.3787 32
      vertex 47.852 -32.5101 32
      vertex 47.9401 -32.6964 32
    endloop
  endfacet
  facet normal 0 0 1
    outer loop
      vertex 49.7416 -30.9999 32
      vertex 47.7461 -32.3333 32
      vertex 47.852 -32.5101 32
    endloop
  endfacet
  facet normal 0 0 1
    outer loop
      vertex 49.4785 -30.6452 32
      vertex 47.6233 -32.1678 32
      vertex 47.7461 -32.3333 32
    endloop
  endfacet
  facet normal 0 0 1
    outer loop
      vertex 49.182 -30.318 32
      vertex 47.4849 -32.0151 32
      vertex 47.6233 -32.1678 32
    endloop
  endfacet
  facet normal 0 0 1
    outer loop
      vertex 49.182 -30.318 32
      vertex 47.3322 -31.8767 32
      vertex 47.4849 -32.0151 32
    endloop
  endfacet
  facet normal 0 0 1
    outer loop
      vertex 49.182 -30.318 32
      vertex 47.1667 -31.7539 32
      vertex 47.3322 -31.8767 32
    endloop
  endfacet
  facet normal 0 0 1
    outer loop
      vertex 49.182 -30.318 32
      vertex 46.9899 -31.648 32
      vertex 47.1667 -31.7539 32
    endloop
  endfacet
  facet normal 0 0 1
    outer loop
      vertex 49.182 -30.318 32
      vertex 46.8036 -31.5599 32
      vertex 46.9899 -31.648 32
    endloop
  endfacet
  facet normal 0 0 1
    outer loop
      vertex 49.182 -30.318 32
      vertex 46.6096 -31.4904 32
      vertex 46.8036 -31.5599 32
    endloop
  endfacet
  facet normal 0 0 1
    outer loop
      vertex 49.182 -30.318 32
      vertex 46.4097 -31.4403 32
      vertex 46.6096 -31.4904 32
    endloop
  endfacet
  facet normal 0 0 1
    outer loop
      vertex 49.182 -30.318 32
      vertex 46.2058 -31.4101 32
      vertex 46.4097 -31.4403 32
    endloop
  endfacet
  facet normal 0 0 1
    outer loop
      vertex 49.182 -30.318 32
      vertex 46 -31.4 32
      vertex 46.2058 -31.4101 32
    endloop
  endfacet
  facet normal 0 0 1
    outer loop
      vertex 41.5 -23.2496 32
      vertex 46 -31.4 32
      vertex 49.182 -30.318 32
    endloop
  endfacet
  facet normal 0 0 1
    outer loop
      vertex 46 -31.4 32
      vertex 41.5 -23.2496 32
      vertex 45.7942 -31.4101 32
    endloop
  endfacet
  facet normal 0 0 1
    outer loop
      vertex 45.7942 -31.4101 32
      vertex 41.5 -23.2496 32
      vertex 45.5903 -31.4403 32
    endloop
  endfacet
  facet normal 0 0 1
    outer loop
      vertex 44.8333 -35.2461 32
      vertex 43.4999 -37.2416 32
      vertex 43.8787 -37.4686 32
    endloop
  endfacet
  facet normal 0 0 1
    outer loop
      vertex 35.7496 -29 32
      vertex 43.9 -33.5 32
      vertex 43.9101 -33.2942 32
    endloop
  endfacet
  facet normal 0 0 1
    outer loop
      vertex 43.9101 -33.7058 32
      vertex 43.1452 -36.9785 32
      vertex 43.4999 -37.2416 32
    endloop
  endfacet
  facet normal 0 0 1
    outer loop
      vertex 35.7496 -29 32
      vertex 43.9101 -33.2942 32
      vertex 43.9403 -33.0903 32
    endloop
  endfacet
  facet normal 0 0 1
    outer loop
      vertex 43.9101 -33.7058 32
      vertex 42.818 -36.682 32
      vertex 43.1452 -36.9785 32
    endloop
  endfacet
  facet normal 0 0 1
    outer loop
      vertex 35.7496 -29 32
      vertex 43.9403 -33.0903 32
      vertex 43.9904 -32.8904 32
    endloop
  endfacet
  facet normal 0 0 1
    outer loop
      vertex 45.5903 -31.4403 32
      vertex 41.5 -23.2496 32
      vertex 45.3904 -31.4904 32
    endloop
  endfacet
  facet normal 0 0 1
    outer loop
      vertex 41.5 -23.2496 32
      vertex 45.1964 -31.5599 32
      vertex 45.3904 -31.4904 32
    endloop
  endfacet
  facet normal -0 0 1
    outer loop
      vertex 39.5277 -25.3856 32
      vertex 45.1964 -31.5599 32
      vertex 41.5 -23.2496 32
    endloop
  endfacet
  facet normal 0 0 1
    outer loop
      vertex 45.1964 -31.5599 32
      vertex 39.5277 -25.3856 32
      vertex 45.0101 -31.648 32
    endloop
  endfacet
  facet normal -0 0 1
    outer loop
      vertex 39.3259 -25.7223 32
      vertex 45.0101 -31.648 32
      vertex 39.5277 -25.3856 32
    endloop
  endfacet
  facet normal 0 0 1
    outer loop
      vertex 45.0101 -31.648 32
      vertex 39.3259 -25.7223 32
      vertex 44.8333 -31.7539 32
    endloop
  endfacet
  facet normal -0 0 1
    outer loop
      vertex 39.092 -26.0376 32
      vertex 44.8333 -31.7539 32
      vertex 39.3259 -25.7223 32
    endloop
  endfacet
  facet normal 0 0 1
    outer loop
      vertex 44.8333 -31.7539 32
      vertex 39.092 -26.0376 32
      vertex 44.6678 -31.8767 32
    endloop
  endfacet
  facet normal -0 0 1
    outer loop
      vertex 38.8284 -26.3284 32
      vertex 44.6678 -31.8767 32
      vertex 39.092 -26.0376 32
    endloop
  endfacet
  facet normal 0 0 1
    outer loop
      vertex 44.6678 -31.8767 32
      vertex 38.8284 -26.3284 32
      vertex 44.5151 -32.0151 32
    endloop
  endfacet
  facet normal 0 0 1
    outer loop
      vertex 44.5151 -32.0151 32
      vertex 38.8284 -26.3284 32
      vertex 44.3767 -32.1678 32
    endloop
  endfacet
  facet normal -0 0 1
    outer loop
      vertex 38.5376 -26.592 32
      vertex 44.3767 -32.1678 32
      vertex 38.8284 -26.3284 32
    endloop
  endfacet
  facet normal 0 0 1
    outer loop
      vertex 40 -23.5 32
      vertex 41.5 -23.2496 32
      vertex 40 23.5 32
    endloop
  endfacet
  facet normal 0 0 1
    outer loop
      vertex 39.9807 -23.8921 32
      vertex 41.5 -23.2496 32
      vertex 40 -23.5 32
    endloop
  endfacet
  facet normal 0 0 1
    outer loop
      vertex 39.9231 -24.2804 32
      vertex 41.5 -23.2496 32
      vertex 39.9807 -23.8921 32
    endloop
  endfacet
  facet normal 0 0 1
    outer loop
      vertex 39.8278 -24.6611 32
      vertex 41.5 -23.2496 32
      vertex 39.9231 -24.2804 32
    endloop
  endfacet
  facet normal 0 0 1
    outer loop
      vertex 39.6955 -25.0307 32
      vertex 41.5 -23.2496 32
      vertex 39.8278 -24.6611 32
    endloop
  endfacet
  facet normal 0 0 1
    outer loop
      vertex 39.5277 -25.3856 32
      vertex 41.5 -23.2496 32
      vertex 39.6955 -25.0307 32
    endloop
  endfacet
  facet normal 0 0 1
    outer loop
      vertex 44.3767 -32.1678 32
      vertex 38.5376 -26.592 32
      vertex 44.2539 -32.3333 32
    endloop
  endfacet
  facet normal -0 0 1
    outer loop
      vertex 38.2223 -26.8259 32
      vertex 44.2539 -32.3333 32
      vertex 38.5376 -26.592 32
    endloop
  endfacet
  facet normal 0 0 1
    outer loop
      vertex 44.2539 -32.3333 32
      vertex 38.2223 -26.8259 32
      vertex 44.148 -32.5101 32
    endloop
  endfacet
  facet normal -0 0 1
    outer loop
      vertex 37.8856 -27.0277 32
      vertex 44.148 -32.5101 32
      vertex 38.2223 -26.8259 32
    endloop
  endfacet
  facet normal 0 0 1
    outer loop
      vertex 44.148 -32.5101 32
      vertex 37.8856 -27.0277 32
      vertex 44.0599 -32.6964 32
    endloop
  endfacet
  facet normal -0 0 1
    outer loop
      vertex 35.7496 -29 32
      vertex 44.0599 -32.6964 32
      vertex 37.8856 -27.0277 32
    endloop
  endfacet
  facet normal 0 0 1
    outer loop
      vertex 44.0599 -32.6964 32
      vertex 35.7496 -29 32
      vertex 43.9904 -32.8904 32
    endloop
  endfacet
  facet normal 0 0 1
    outer loop
      vertex 35.7496 -29 32
      vertex 37.8856 -27.0277 32
      vertex 37.5307 -27.1955 32
    endloop
  endfacet
  facet normal 0 0 1
    outer loop
      vertex 35.7496 -29 32
      vertex 37.5307 -27.1955 32
      vertex 37.1611 -27.3278 32
    endloop
  endfacet
  facet normal 0 0 1
    outer loop
      vertex 35.7496 -29 32
      vertex 37.1611 -27.3278 32
      vertex 36.7804 -27.4231 32
    endloop
  endfacet
  facet normal 0 0 1
    outer loop
      vertex 35.7496 -29 32
      vertex 36.7804 -27.4231 32
      vertex 36.3921 -27.4807 32
    endloop
  endfacet
  facet normal 0 0 1
    outer loop
      vertex 35.7496 -29 32
      vertex 36.3921 -27.4807 32
      vertex 36 -27.5 32
    endloop
  endfacet
  facet normal 0 0 1
    outer loop
      vertex 43.9 -33.5 32
      vertex 35.7496 -29 32
      vertex 42.818 -36.682 32
    endloop
  endfacet
  facet normal 0 0 1
    outer loop
      vertex 36 -27.5 32
      vertex -35.7496 -29 32
      vertex 35.7496 -29 32
    endloop
  endfacet
  facet normal -0 0 1
    outer loop
      vertex -36 -27.5 32
      vertex -35.7496 -29 32
      vertex 36 -27.5 32
    endloop
  endfacet
  facet normal 0 0 1
    outer loop
      vertex -36.3921 -27.4807 32
      vertex -35.7496 -29 32
      vertex -36 -27.5 32
    endloop
  endfacet
  facet normal 0 0 1
    outer loop
      vertex -36.7804 -27.4231 32
      vertex -35.7496 -29 32
      vertex -36.3921 -27.4807 32
    endloop
  endfacet
  facet normal 0 0 1
    outer loop
      vertex -37.1611 -27.3278 32
      vertex -35.7496 -29 32
      vertex -36.7804 -27.4231 32
    endloop
  endfacet
  facet normal 0 0 1
    outer loop
      vertex -37.5307 -27.1955 32
      vertex -35.7496 -29 32
      vertex -37.1611 -27.3278 32
    endloop
  endfacet
  facet normal 0 0 1
    outer loop
      vertex -37.8856 -27.0277 32
      vertex -35.7496 -29 32
      vertex -37.5307 -27.1955 32
    endloop
  endfacet
  facet normal 0 0 1
    outer loop
      vertex -44.148 -32.5101 32
      vertex -37.8856 -27.0277 32
      vertex -38.2223 -26.8259 32
    endloop
  endfacet
  facet normal 0 0 1
    outer loop
      vertex -44.2539 -32.3333 32
      vertex -38.2223 -26.8259 32
      vertex -38.5376 -26.592 32
    endloop
  endfacet
  facet normal -0 0 1
    outer loop
      vertex -41.5 -23.2496 32
      vertex -40 -23.5 32
      vertex -41.5 23.2496 32
    endloop
  endfacet
  facet normal 0 0 1
    outer loop
      vertex -41.5 -23.2496 32
      vertex -39.9807 -23.8921 32
      vertex -40 -23.5 32
    endloop
  endfacet
  facet normal 0 0 1
    outer loop
      vertex -41.5 -23.2496 32
      vertex -39.9231 -24.2804 32
      vertex -39.9807 -23.8921 32
    endloop
  endfacet
  facet normal 0 0 1
    outer loop
      vertex -41.5 -23.2496 32
      vertex -39.8278 -24.6611 32
      vertex -39.9231 -24.2804 32
    endloop
  endfacet
  facet normal 0 0 1
    outer loop
      vertex -41.5 -23.2496 32
      vertex -39.6955 -25.0307 32
      vertex -39.8278 -24.6611 32
    endloop
  endfacet
  facet normal 0 0 1
    outer loop
      vertex -41.5 -23.2496 32
      vertex -39.5277 -25.3856 32
      vertex -39.6955 -25.0307 32
    endloop
  endfacet
  facet normal 0 0 1
    outer loop
      vertex -45.1964 -31.5599 32
      vertex -39.5277 -25.3856 32
      vertex -41.5 -23.2496 32
    endloop
  endfacet
  facet normal 0 -0 1
    outer loop
      vertex -45.0101 -31.648 32
      vertex -39.5277 -25.3856 32
      vertex -45.1964 -31.5599 32
    endloop
  endfacet
  facet normal 0 0 1
    outer loop
      vertex -37.8856 -27.0277 32
      vertex -44.0599 -32.6964 32
      vertex -35.7496 -29 32
    endloop
  endfacet
  facet normal 0 0 1
    outer loop
      vertex -44.3767 -32.1678 32
      vertex -38.5376 -26.592 32
      vertex -38.8284 -26.3284 32
    endloop
  endfacet
  facet normal 0 0 1
    outer loop
      vertex -44.6678 -31.8767 32
      vertex -38.8284 -26.3284 32
      vertex -39.092 -26.0376 32
    endloop
  endfacet
  facet normal 0 0 1
    outer loop
      vertex -39.5277 -25.3856 32
      vertex -45.0101 -31.648 32
      vertex -39.3259 -25.7223 32
    endloop
  endfacet
  facet normal 0 0 1
    outer loop
      vertex -35.7496 -29 32
      vertex -43.9403 -33.0903 32
      vertex -43.9101 -33.2942 32
    endloop
  endfacet
  facet normal 0 0 1
    outer loop
      vertex -35.7496 -29 32
      vertex -43.9 -33.5 32
      vertex -42.818 -36.682 32
    endloop
  endfacet
  facet normal -0 0 1
    outer loop
      vertex -43.9403 -33.9097 32
      vertex -42.818 -36.682 32
      vertex -43.9101 -33.7058 32
    endloop
  endfacet
  facet normal -0 0 1
    outer loop
      vertex -43.9904 -34.1096 32
      vertex -42.818 -36.682 32
      vertex -43.9403 -33.9097 32
    endloop
  endfacet
  facet normal -0 0 1
    outer loop
      vertex -43.9101 -33.7058 32
      vertex -42.818 -36.682 32
      vertex -43.9 -33.5 32
    endloop
  endfacet
  facet normal 0 -0 1
    outer loop
      vertex -43.9 -33.5 32
      vertex -35.7496 -29 32
      vertex -43.9101 -33.2942 32
    endloop
  endfacet
  facet normal 0 0 1
    outer loop
      vertex -35.7496 -29 32
      vertex -43.9904 -32.8904 32
      vertex -43.9403 -33.0903 32
    endloop
  endfacet
  facet normal 0 0 1
    outer loop
      vertex -35.7496 -29 32
      vertex -44.0599 -32.6964 32
      vertex -43.9904 -32.8904 32
    endloop
  endfacet
  facet normal 0 0 1
    outer loop
      vertex -37.8856 -27.0277 32
      vertex -44.148 -32.5101 32
      vertex -44.0599 -32.6964 32
    endloop
  endfacet
  facet normal 0 0 1
    outer loop
      vertex -38.2223 -26.8259 32
      vertex -44.2539 -32.3333 32
      vertex -44.148 -32.5101 32
    endloop
  endfacet
  facet normal 0 0 1
    outer loop
      vertex -38.5376 -26.592 32
      vertex -44.3767 -32.1678 32
      vertex -44.2539 -32.3333 32
    endloop
  endfacet
  facet normal 0 0 1
    outer loop
      vertex -38.8284 -26.3284 32
      vertex -44.5151 -32.0151 32
      vertex -44.3767 -32.1678 32
    endloop
  endfacet
  facet normal 0 0 1
    outer loop
      vertex -38.8284 -26.3284 32
      vertex -44.6678 -31.8767 32
      vertex -44.5151 -32.0151 32
    endloop
  endfacet
  facet normal 0 0 1
    outer loop
      vertex -39.092 -26.0376 32
      vertex -44.8333 -31.7539 32
      vertex -44.6678 -31.8767 32
    endloop
  endfacet
  facet normal 0 0 1
    outer loop
      vertex -39.3259 -25.7223 32
      vertex -44.8333 -31.7539 32
      vertex -39.092 -26.0376 32
    endloop
  endfacet
  facet normal 0 -0 1
    outer loop
      vertex -44.8333 -31.7539 32
      vertex -39.3259 -25.7223 32
      vertex -45.0101 -31.648 32
    endloop
  endfacet
  facet normal 0 0 1
    outer loop
      vertex -41.5 -23.2496 32
      vertex -45.3904 -31.4904 32
      vertex -45.1964 -31.5599 32
    endloop
  endfacet
  facet normal 0 0 1
    outer loop
      vertex -41.5 -23.2496 32
      vertex -45.5903 -31.4403 32
      vertex -45.3904 -31.4904 32
    endloop
  endfacet
  facet normal 0 0 1
    outer loop
      vertex -41.5 -23.2496 32
      vertex -45.7942 -31.4101 32
      vertex -45.5903 -31.4403 32
    endloop
  endfacet
  facet normal 0 0 1
    outer loop
      vertex -41.5 -23.2496 32
      vertex -46 -31.4 32
      vertex -45.7942 -31.4101 32
    endloop
  endfacet
  facet normal -0 0 1
    outer loop
      vertex -49.182 -30.318 32
      vertex -46 -31.4 32
      vertex -41.5 -23.2496 32
    endloop
  endfacet
  facet normal 0 0 1
    outer loop
      vertex -46 -31.4 32
      vertex -49.182 -30.318 32
      vertex -46.2058 -31.4101 32
    endloop
  endfacet
  facet normal 0 0 1
    outer loop
      vertex -46.2058 -31.4101 32
      vertex -49.182 -30.318 32
      vertex -46.4097 -31.4403 32
    endloop
  endfacet
  facet normal 0 0 1
    outer loop
      vertex -46.4097 -31.4403 32
      vertex -49.182 -30.318 32
      vertex -46.6096 -31.4904 32
    endloop
  endfacet
  facet normal 0 0 1
    outer loop
      vertex -46.6096 -31.4904 32
      vertex -49.182 -30.318 32
      vertex -46.8036 -31.5599 32
    endloop
  endfacet
  facet normal 0 0 1
    outer loop
      vertex -46.8036 -31.5599 32
      vertex -49.182 -30.318 32
      vertex -46.9899 -31.648 32
    endloop
  endfacet
  facet normal 0 0 1
    outer loop
      vertex -46.9899 -31.648 32
      vertex -49.182 -30.318 32
      vertex -47.1667 -31.7539 32
    endloop
  endfacet
  facet normal 0 0 1
    outer loop
      vertex -47.1667 -31.7539 32
      vertex -49.182 -30.318 32
      vertex -47.3322 -31.8767 32
    endloop
  endfacet
  facet normal 0 0 1
    outer loop
      vertex -47.3322 -31.8767 32
      vertex -49.182 -30.318 32
      vertex -47.4849 -32.0151 32
    endloop
  endfacet
  facet normal 0 0 1
    outer loop
      vertex -47.4849 -32.0151 32
      vertex -49.182 -30.318 32
      vertex -47.6233 -32.1678 32
    endloop
  endfacet
  facet normal 0 0 1
    outer loop
      vertex -47.1667 -35.2461 32
      vertex -48.5001 -37.2416 32
      vertex -48.1213 -37.4686 32
    endloop
  endfacet
  facet normal 0 0 1
    outer loop
      vertex -50.5 -33.5 32
      vertex -48.1 -33.5 32
      vertex -48.0899 -33.2942 32
    endloop
  endfacet
  facet normal 0 0 1
    outer loop
      vertex -48.0899 -33.7058 32
      vertex -48.8548 -36.9785 32
      vertex -48.5001 -37.2416 32
    endloop
  endfacet
  facet normal 0 0 1
    outer loop
      vertex -50.4783 -33.0589 32
      vertex -48.0899 -33.2942 32
      vertex -48.0596 -33.0903 32
    endloop
  endfacet
  facet normal -0 0 1
    outer loop
      vertex -49.4785 -30.6452 32
      vertex -47.6233 -32.1678 32
      vertex -49.182 -30.318 32
    endloop
  endfacet
  facet normal 0 0 1
    outer loop
      vertex -47.6233 -32.1678 32
      vertex -49.4785 -30.6452 32
      vertex -47.7461 -32.3333 32
    endloop
  endfacet
  facet normal -0 0 1
    outer loop
      vertex -49.7416 -30.9999 32
      vertex -47.7461 -32.3333 32
      vertex -49.4785 -30.6452 32
    endloop
  endfacet
  facet normal 0 0 1
    outer loop
      vertex -47.7461 -32.3333 32
      vertex -49.7416 -30.9999 32
      vertex -47.852 -32.5101 32
    endloop
  endfacet
  facet normal -0 0 1
    outer loop
      vertex -49.9686 -31.3787 32
      vertex -47.852 -32.5101 32
      vertex -49.7416 -30.9999 32
    endloop
  endfacet
  facet normal 0 0 1
    outer loop
      vertex -47.852 -32.5101 32
      vertex -49.9686 -31.3787 32
      vertex -47.9401 -32.6964 32
    endloop
  endfacet
  facet normal 0 0 1
    outer loop
      vertex -48.0899 -33.7058 32
      vertex -49.182 -36.682 32
      vertex -48.8548 -36.9785 32
    endloop
  endfacet
  facet normal -0 0 1
    outer loop
      vertex -50.1575 -31.7779 32
      vertex -47.9401 -32.6964 32
      vertex -49.9686 -31.3787 32
    endloop
  endfacet
  facet normal 0 0 1
    outer loop
      vertex -48.0899 -33.7058 32
      vertex -49.4785 -36.3548 32
      vertex -49.182 -36.682 32
    endloop
  endfacet
  facet normal 0 0 1
    outer loop
      vertex -47.9401 -32.6964 32
      vertex -50.1575 -31.7779 32
      vertex -48.0096 -32.8904 32
    endloop
  endfacet
  facet normal 0 0 1
    outer loop
      vertex -48.0899 -33.7058 32
      vertex -49.7416 -36.0001 32
      vertex -49.4785 -36.3548 32
    endloop
  endfacet
  facet normal -0 0 1
    outer loop
      vertex -50.3062 -32.1937 32
      vertex -48.0096 -32.8904 32
      vertex -50.1575 -31.7779 32
    endloop
  endfacet
  facet normal 0 0 1
    outer loop
      vertex -48.0899 -33.7058 32
      vertex -49.9686 -35.6213 32
      vertex -49.7416 -36.0001 32
    endloop
  endfacet
  facet normal 0 0 1
    outer loop
      vertex -48.0096 -32.8904 32
      vertex -50.3062 -32.1937 32
      vertex -48.0596 -33.0903 32
    endloop
  endfacet
  facet normal 0 0 1
    outer loop
      vertex -48.0899 -33.7058 32
      vertex -50.1575 -35.2221 32
      vertex -49.9686 -35.6213 32
    endloop
  endfacet
  facet normal -0 0 1
    outer loop
      vertex -50.4135 -32.6221 32
      vertex -48.0596 -33.0903 32
      vertex -50.3062 -32.1937 32
    endloop
  endfacet
  facet normal 0 0 1
    outer loop
      vertex -48.0899 -33.7058 32
      vertex -50.3062 -34.8063 32
      vertex -50.1575 -35.2221 32
    endloop
  endfacet
  facet normal -0 0 1
    outer loop
      vertex -50.4783 -33.0589 32
      vertex -48.0596 -33.0903 32
      vertex -50.4135 -32.6221 32
    endloop
  endfacet
  facet normal 0 0 1
    outer loop
      vertex -48.0899 -33.7058 32
      vertex -50.4135 -34.3779 32
      vertex -50.3062 -34.8063 32
    endloop
  endfacet
  facet normal 0 0 1
    outer loop
      vertex -48.0899 -33.2942 32
      vertex -50.4783 -33.0589 32
      vertex -50.5 -33.5 32
    endloop
  endfacet
  facet normal 0 0 1
    outer loop
      vertex -48.0899 -33.7058 32
      vertex -50.4783 -33.9411 32
      vertex -50.4135 -34.3779 32
    endloop
  endfacet
  facet normal 0 0 1
    outer loop
      vertex -48.1 -33.5 32
      vertex -50.5 -33.5 32
      vertex -50.4783 -33.9411 32
    endloop
  endfacet
  facet normal -0 0 1
    outer loop
      vertex 47.7461 -34.6667 32
      vertex 49.7416 -36.0001 32
      vertex 47.852 -34.4899 32
    endloop
  endfacet
  facet normal 0 0 1
    outer loop
      vertex 49.7416 -36.0001 32
      vertex 47.7461 -34.6667 32
      vertex 49.4785 -36.3548 32
    endloop
  endfacet
  facet normal -0 0 1
    outer loop
      vertex 47.6233 -34.8322 32
      vertex 49.4785 -36.3548 32
      vertex 47.7461 -34.6667 32
    endloop
  endfacet
  facet normal 0 0 1
    outer loop
      vertex 49.4785 -36.3548 32
      vertex 47.6233 -34.8322 32
      vertex 49.182 -36.682 32
    endloop
  endfacet
  facet normal -0 0 1
    outer loop
      vertex 47.4849 -34.9849 32
      vertex 49.182 -36.682 32
      vertex 47.6233 -34.8322 32
    endloop
  endfacet
  facet normal 0 0 1
    outer loop
      vertex 49.182 -36.682 32
      vertex 47.4849 -34.9849 32
      vertex 48.8548 -36.9785 32
    endloop
  endfacet
  facet normal -0 0 1
    outer loop
      vertex 47.3322 -35.1233 32
      vertex 48.8548 -36.9785 32
      vertex 47.4849 -34.9849 32
    endloop
  endfacet
  facet normal 0 0 1
    outer loop
      vertex 48.8548 -36.9785 32
      vertex 47.3322 -35.1233 32
      vertex 48.5001 -37.2416 32
    endloop
  endfacet
  facet normal -0 0 1
    outer loop
      vertex 47.1667 -35.2461 32
      vertex 48.5001 -37.2416 32
      vertex 47.3322 -35.1233 32
    endloop
  endfacet
  facet normal 0 0 1
    outer loop
      vertex 48.5001 -37.2416 32
      vertex 47.1667 -35.2461 32
      vertex 48.1213 -37.4686 32
    endloop
  endfacet
  facet normal -0 0 1
    outer loop
      vertex 46.9899 -35.352 32
      vertex 48.1213 -37.4686 32
      vertex 47.1667 -35.2461 32
    endloop
  endfacet
  facet normal 0 0 1
    outer loop
      vertex 48.1213 -37.4686 32
      vertex 46.9899 -35.352 32
      vertex 47.7221 -37.6575 32
    endloop
  endfacet
  facet normal -0 0 1
    outer loop
      vertex 46.8036 -35.4401 32
      vertex 47.7221 -37.6575 32
      vertex 46.9899 -35.352 32
    endloop
  endfacet
  facet normal 0 0 1
    outer loop
      vertex 47.7221 -37.6575 32
      vertex 46.8036 -35.4401 32
      vertex 47.3063 -37.8062 32
    endloop
  endfacet
  facet normal -0 0 1
    outer loop
      vertex 46.6096 -35.5096 32
      vertex 47.3063 -37.8062 32
      vertex 46.8036 -35.4401 32
    endloop
  endfacet
  facet normal 0 0 1
    outer loop
      vertex 47.3063 -37.8062 32
      vertex 46.6096 -35.5096 32
      vertex 46.8779 -37.9135 32
    endloop
  endfacet
  facet normal -0 0 1
    outer loop
      vertex 46.4097 -35.5596 32
      vertex 46.8779 -37.9135 32
      vertex 46.6096 -35.5096 32
    endloop
  endfacet
  facet normal 0 0 1
    outer loop
      vertex 46.8779 -37.9135 32
      vertex 46.4097 -35.5596 32
      vertex 46.4411 -37.9783 32
    endloop
  endfacet
  facet normal -0 0 1
    outer loop
      vertex 46.2058 -35.5899 32
      vertex 46.4411 -37.9783 32
      vertex 46.4097 -35.5596 32
    endloop
  endfacet
  facet normal -0 0 1
    outer loop
      vertex 46 -35.6 32
      vertex 46.4411 -37.9783 32
      vertex 46.2058 -35.5899 32
    endloop
  endfacet
  facet normal 0 0 1
    outer loop
      vertex 46 -35.6 32
      vertex 46 -38 32
      vertex 46.4411 -37.9783 32
    endloop
  endfacet
  facet normal 0 0 1
    outer loop
      vertex 45.7942 -35.5899 32
      vertex 46 -38 32
      vertex 46 -35.6 32
    endloop
  endfacet
  facet normal 0 0 1
    outer loop
      vertex 45.5589 -37.9783 32
      vertex 45.7942 -35.5899 32
      vertex 45.5903 -35.5596 32
    endloop
  endfacet
  facet normal 0 0 1
    outer loop
      vertex 45.7942 -35.5899 32
      vertex 45.5589 -37.9783 32
      vertex 46 -38 32
    endloop
  endfacet
  facet normal 0 0 1
    outer loop
      vertex 45.1221 -37.9135 32
      vertex 45.5903 -35.5596 32
      vertex 45.3904 -35.5096 32
    endloop
  endfacet
  facet normal 0 0 1
    outer loop
      vertex 44.6937 -37.8062 32
      vertex 45.3904 -35.5096 32
      vertex 45.1964 -35.4401 32
    endloop
  endfacet
  facet normal 0 0 1
    outer loop
      vertex 45.5903 -35.5596 32
      vertex 45.1221 -37.9135 32
      vertex 45.5589 -37.9783 32
    endloop
  endfacet
  facet normal 0 0 1
    outer loop
      vertex 44.2779 -37.6575 32
      vertex 45.1964 -35.4401 32
      vertex 45.0101 -35.352 32
    endloop
  endfacet
  facet normal 0 0 1
    outer loop
      vertex 43.8787 -37.4686 32
      vertex 45.0101 -35.352 32
      vertex 44.8333 -35.2461 32
    endloop
  endfacet
  facet normal 0 0 1
    outer loop
      vertex 45.3904 -35.5096 32
      vertex 44.6937 -37.8062 32
      vertex 45.1221 -37.9135 32
    endloop
  endfacet
  facet normal 0 0 1
    outer loop
      vertex 43.4999 -37.2416 32
      vertex 44.8333 -35.2461 32
      vertex 44.6678 -35.1233 32
    endloop
  endfacet
  facet normal 0 0 1
    outer loop
      vertex 43.4999 -37.2416 32
      vertex 44.6678 -35.1233 32
      vertex 44.5151 -34.9849 32
    endloop
  endfacet
  facet normal 0 0 1
    outer loop
      vertex 43.4999 -37.2416 32
      vertex 44.5151 -34.9849 32
      vertex 44.3767 -34.8322 32
    endloop
  endfacet
  facet normal 0 0 1
    outer loop
      vertex 45.1964 -35.4401 32
      vertex 44.2779 -37.6575 32
      vertex 44.6937 -37.8062 32
    endloop
  endfacet
  facet normal 0 0 1
    outer loop
      vertex 43.4999 -37.2416 32
      vertex 44.3767 -34.8322 32
      vertex 44.2539 -34.6667 32
    endloop
  endfacet
  facet normal 0 0 1
    outer loop
      vertex 43.4999 -37.2416 32
      vertex 44.2539 -34.6667 32
      vertex 44.148 -34.4899 32
    endloop
  endfacet
  facet normal 0 0 1
    outer loop
      vertex 43.4999 -37.2416 32
      vertex 44.148 -34.4899 32
      vertex 44.0599 -34.3036 32
    endloop
  endfacet
  facet normal 0 0 1
    outer loop
      vertex 43.4999 -37.2416 32
      vertex 44.0599 -34.3036 32
      vertex 43.9904 -34.1096 32
    endloop
  endfacet
  facet normal 0 0 1
    outer loop
      vertex 43.4999 -37.2416 32
      vertex 43.9904 -34.1096 32
      vertex 43.9403 -33.9097 32
    endloop
  endfacet
  facet normal 0 0 1
    outer loop
      vertex 43.4999 -37.2416 32
      vertex 43.9403 -33.9097 32
      vertex 43.9101 -33.7058 32
    endloop
  endfacet
  facet normal 0 0 1
    outer loop
      vertex 45.0101 -35.352 32
      vertex 43.8787 -37.4686 32
      vertex 44.2779 -37.6575 32
    endloop
  endfacet
  facet normal 0 0 1
    outer loop
      vertex 42.818 -36.682 32
      vertex 43.9101 -33.7058 32
      vertex 43.9 -33.5 32
    endloop
  endfacet
  facet normal -0 0 1
    outer loop
      vertex -44.0599 -34.3036 32
      vertex -42.818 -36.682 32
      vertex -43.9904 -34.1096 32
    endloop
  endfacet
  facet normal -0 0 1
    outer loop
      vertex -44.148 -34.4899 32
      vertex -42.818 -36.682 32
      vertex -44.0599 -34.3036 32
    endloop
  endfacet
  facet normal -0 0 1
    outer loop
      vertex -44.2539 -34.6667 32
      vertex -42.818 -36.682 32
      vertex -44.148 -34.4899 32
    endloop
  endfacet
  facet normal -0 0 1
    outer loop
      vertex -44.3767 -34.8322 32
      vertex -42.818 -36.682 32
      vertex -44.2539 -34.6667 32
    endloop
  endfacet
  facet normal -0 0 1
    outer loop
      vertex -44.5151 -34.9849 32
      vertex -42.818 -36.682 32
      vertex -44.3767 -34.8322 32
    endloop
  endfacet
  facet normal 0 0 1
    outer loop
      vertex -42.818 -36.682 32
      vertex -44.5151 -34.9849 32
      vertex -43.1452 -36.9785 32
    endloop
  endfacet
  facet normal -0 0 1
    outer loop
      vertex -44.6678 -35.1233 32
      vertex -43.1452 -36.9785 32
      vertex -44.5151 -34.9849 32
    endloop
  endfacet
  facet normal 0 0 1
    outer loop
      vertex -43.1452 -36.9785 32
      vertex -44.6678 -35.1233 32
      vertex -43.4999 -37.2416 32
    endloop
  endfacet
  facet normal -0 0 1
    outer loop
      vertex -44.8333 -35.2461 32
      vertex -43.4999 -37.2416 32
      vertex -44.6678 -35.1233 32
    endloop
  endfacet
  facet normal 0 0 1
    outer loop
      vertex -43.4999 -37.2416 32
      vertex -44.8333 -35.2461 32
      vertex -43.8787 -37.4686 32
    endloop
  endfacet
  facet normal -0 0 1
    outer loop
      vertex -45.0101 -35.352 32
      vertex -43.8787 -37.4686 32
      vertex -44.8333 -35.2461 32
    endloop
  endfacet
  facet normal 0 0 1
    outer loop
      vertex -43.8787 -37.4686 32
      vertex -45.0101 -35.352 32
      vertex -44.2779 -37.6575 32
    endloop
  endfacet
  facet normal -0 0 1
    outer loop
      vertex -45.1964 -35.4401 32
      vertex -44.2779 -37.6575 32
      vertex -45.0101 -35.352 32
    endloop
  endfacet
  facet normal 0 0 1
    outer loop
      vertex -44.2779 -37.6575 32
      vertex -45.1964 -35.4401 32
      vertex -44.6937 -37.8062 32
    endloop
  endfacet
  facet normal -0 0 1
    outer loop
      vertex -45.3904 -35.5096 32
      vertex -44.6937 -37.8062 32
      vertex -45.1964 -35.4401 32
    endloop
  endfacet
  facet normal 0 0 1
    outer loop
      vertex -44.6937 -37.8062 32
      vertex -45.3904 -35.5096 32
      vertex -45.1221 -37.9135 32
    endloop
  endfacet
  facet normal -0 0 1
    outer loop
      vertex -45.5903 -35.5596 32
      vertex -45.1221 -37.9135 32
      vertex -45.3904 -35.5096 32
    endloop
  endfacet
  facet normal 0 0 1
    outer loop
      vertex -45.1221 -37.9135 32
      vertex -45.5903 -35.5596 32
      vertex -45.5589 -37.9783 32
    endloop
  endfacet
  facet normal -0 0 1
    outer loop
      vertex -45.7942 -35.5899 32
      vertex -45.5589 -37.9783 32
      vertex -45.5903 -35.5596 32
    endloop
  endfacet
  facet normal -0 0 1
    outer loop
      vertex -46 -35.6 32
      vertex -45.5589 -37.9783 32
      vertex -45.7942 -35.5899 32
    endloop
  endfacet
  facet normal 0 0 1
    outer loop
      vertex -46 -35.6 32
      vertex -46 -38 32
      vertex -45.5589 -37.9783 32
    endloop
  endfacet
  facet normal 0 0 1
    outer loop
      vertex -46.2058 -35.5899 32
      vertex -46 -38 32
      vertex -46 -35.6 32
    endloop
  endfacet
  facet normal 0 0 1
    outer loop
      vertex -46.4411 -37.9783 32
      vertex -46.2058 -35.5899 32
      vertex -46.4097 -35.5596 32
    endloop
  endfacet
  facet normal 0 0 1
    outer loop
      vertex -46.2058 -35.5899 32
      vertex -46.4411 -37.9783 32
      vertex -46 -38 32
    endloop
  endfacet
  facet normal 0 0 1
    outer loop
      vertex -46.8779 -37.9135 32
      vertex -46.4097 -35.5596 32
      vertex -46.6096 -35.5096 32
    endloop
  endfacet
  facet normal 0 0 1
    outer loop
      vertex -47.3063 -37.8062 32
      vertex -46.6096 -35.5096 32
      vertex -46.8036 -35.4401 32
    endloop
  endfacet
  facet normal 0 0 1
    outer loop
      vertex -46.4097 -35.5596 32
      vertex -46.8779 -37.9135 32
      vertex -46.4411 -37.9783 32
    endloop
  endfacet
  facet normal 0 0 1
    outer loop
      vertex -47.7221 -37.6575 32
      vertex -46.8036 -35.4401 32
      vertex -46.9899 -35.352 32
    endloop
  endfacet
  facet normal 0 0 1
    outer loop
      vertex -48.1213 -37.4686 32
      vertex -46.9899 -35.352 32
      vertex -47.1667 -35.2461 32
    endloop
  endfacet
  facet normal 0 0 1
    outer loop
      vertex -46.6096 -35.5096 32
      vertex -47.3063 -37.8062 32
      vertex -46.8779 -37.9135 32
    endloop
  endfacet
  facet normal 0 0 1
    outer loop
      vertex -48.5001 -37.2416 32
      vertex -47.1667 -35.2461 32
      vertex -47.3322 -35.1233 32
    endloop
  endfacet
  facet normal 0 0 1
    outer loop
      vertex -48.5001 -37.2416 32
      vertex -47.3322 -35.1233 32
      vertex -47.4849 -34.9849 32
    endloop
  endfacet
  facet normal 0 0 1
    outer loop
      vertex -48.5001 -37.2416 32
      vertex -47.4849 -34.9849 32
      vertex -47.6233 -34.8322 32
    endloop
  endfacet
  facet normal 0 0 1
    outer loop
      vertex -46.8036 -35.4401 32
      vertex -47.7221 -37.6575 32
      vertex -47.3063 -37.8062 32
    endloop
  endfacet
  facet normal 0 0 1
    outer loop
      vertex -48.5001 -37.2416 32
      vertex -47.6233 -34.8322 32
      vertex -47.7461 -34.6667 32
    endloop
  endfacet
  facet normal 0 0 1
    outer loop
      vertex -48.5001 -37.2416 32
      vertex -47.7461 -34.6667 32
      vertex -47.852 -34.4899 32
    endloop
  endfacet
  facet normal 0 0 1
    outer loop
      vertex -48.5001 -37.2416 32
      vertex -47.852 -34.4899 32
      vertex -47.9401 -34.3036 32
    endloop
  endfacet
  facet normal 0 0 1
    outer loop
      vertex -48.5001 -37.2416 32
      vertex -47.9401 -34.3036 32
      vertex -48.0096 -34.1096 32
    endloop
  endfacet
  facet normal 0 0 1
    outer loop
      vertex -48.5001 -37.2416 32
      vertex -48.0096 -34.1096 32
      vertex -48.0596 -33.9097 32
    endloop
  endfacet
  facet normal 0 0 1
    outer loop
      vertex -48.5001 -37.2416 32
      vertex -48.0596 -33.9097 32
      vertex -48.0899 -33.7058 32
    endloop
  endfacet
  facet normal 0 0 1
    outer loop
      vertex -46.9899 -35.352 32
      vertex -48.1213 -37.4686 32
      vertex -47.7221 -37.6575 32
    endloop
  endfacet
  facet normal 0 0 1
    outer loop
      vertex -50.4783 -33.9411 32
      vertex -48.0899 -33.7058 32
      vertex -48.1 -33.5 32
    endloop
  endfacet
  facet normal 0 0 1
    outer loop
      vertex 50.4783 33.9411 32
      vertex 48.0899 33.7058 32
      vertex 48.1 33.5 32
    endloop
  endfacet
  facet normal 0 0 1
    outer loop
      vertex 48.5001 37.2416 32
      vertex 48.0596 33.9097 32
      vertex 48.0899 33.7058 32
    endloop
  endfacet
  facet normal 0 0 1
    outer loop
      vertex 48.5001 37.2416 32
      vertex 48.0096 34.1096 32
      vertex 48.0596 33.9097 32
    endloop
  endfacet
  facet normal 0 0 1
    outer loop
      vertex 48.5001 37.2416 32
      vertex 47.9401 34.3036 32
      vertex 48.0096 34.1096 32
    endloop
  endfacet
  facet normal 0 0 1
    outer loop
      vertex 48.5001 37.2416 32
      vertex 47.852 34.4899 32
      vertex 47.9401 34.3036 32
    endloop
  endfacet
  facet normal 0 0 1
    outer loop
      vertex 48.5001 37.2416 32
      vertex 47.7461 34.6667 32
      vertex 47.852 34.4899 32
    endloop
  endfacet
  facet normal 0 0 1
    outer loop
      vertex 46.9899 35.352 32
      vertex 48.1213 37.4686 32
      vertex 47.7221 37.6575 32
    endloop
  endfacet
  facet normal 0 0 1
    outer loop
      vertex 48.5001 37.2416 32
      vertex 47.6233 34.8322 32
      vertex 47.7461 34.6667 32
    endloop
  endfacet
  facet normal 0 0 1
    outer loop
      vertex 48.5001 37.2416 32
      vertex 47.4849 34.9849 32
      vertex 47.6233 34.8322 32
    endloop
  endfacet
  facet normal 0 0 1
    outer loop
      vertex 48.5001 37.2416 32
      vertex 47.3322 35.1233 32
      vertex 47.4849 34.9849 32
    endloop
  endfacet
  facet normal 0 0 1
    outer loop
      vertex 46.8036 35.4401 32
      vertex 47.7221 37.6575 32
      vertex 47.3063 37.8062 32
    endloop
  endfacet
  facet normal 0 0 1
    outer loop
      vertex 48.5001 37.2416 32
      vertex 47.1667 35.2461 32
      vertex 47.3322 35.1233 32
    endloop
  endfacet
  facet normal 0 0 1
    outer loop
      vertex 48.1213 37.4686 32
      vertex 46.9899 35.352 32
      vertex 47.1667 35.2461 32
    endloop
  endfacet
  facet normal 0 0 1
    outer loop
      vertex 46.6096 35.5096 32
      vertex 47.3063 37.8062 32
      vertex 46.8779 37.9135 32
    endloop
  endfacet
  facet normal 0 0 1
    outer loop
      vertex 47.7221 37.6575 32
      vertex 46.8036 35.4401 32
      vertex 46.9899 35.352 32
    endloop
  endfacet
  facet normal 0 0 1
    outer loop
      vertex 47.3063 37.8062 32
      vertex 46.6096 35.5096 32
      vertex 46.8036 35.4401 32
    endloop
  endfacet
  facet normal 0 0 1
    outer loop
      vertex 46.4097 35.5596 32
      vertex 46.8779 37.9135 32
      vertex 46.4411 37.9783 32
    endloop
  endfacet
  facet normal 0 0 1
    outer loop
      vertex 46.8779 37.9135 32
      vertex 46.4097 35.5596 32
      vertex 46.6096 35.5096 32
    endloop
  endfacet
  facet normal 0 0 1
    outer loop
      vertex 46.4411 37.9783 32
      vertex 46.2058 35.5899 32
      vertex 46.4097 35.5596 32
    endloop
  endfacet
  facet normal 0 0 1
    outer loop
      vertex 46 38 32
      vertex 46.2058 35.5899 32
      vertex 46.4411 37.9783 32
    endloop
  endfacet
  facet normal 0 0 1
    outer loop
      vertex 46 38 32
      vertex 46 35.6 32
      vertex 46.2058 35.5899 32
    endloop
  endfacet
  facet normal 0 0 1
    outer loop
      vertex 46 38 32
      vertex 45.7942 35.5899 32
      vertex 46 35.6 32
    endloop
  endfacet
  facet normal -0 0 1
    outer loop
      vertex 45.5589 37.9783 32
      vertex 45.7942 35.5899 32
      vertex 46 38 32
    endloop
  endfacet
  facet normal 0 0 1
    outer loop
      vertex 45.7942 35.5899 32
      vertex 45.5589 37.9783 32
      vertex 45.5903 35.5596 32
    endloop
  endfacet
  facet normal -0 0 1
    outer loop
      vertex 45.1221 37.9135 32
      vertex 45.5903 35.5596 32
      vertex 45.5589 37.9783 32
    endloop
  endfacet
  facet normal 0 0 1
    outer loop
      vertex 45.5903 35.5596 32
      vertex 45.1221 37.9135 32
      vertex 45.3904 35.5096 32
    endloop
  endfacet
  facet normal -0 0 1
    outer loop
      vertex 44.6937 37.8062 32
      vertex 45.3904 35.5096 32
      vertex 45.1221 37.9135 32
    endloop
  endfacet
  facet normal 0 0 1
    outer loop
      vertex 45.3904 35.5096 32
      vertex 44.6937 37.8062 32
      vertex 45.1964 35.4401 32
    endloop
  endfacet
  facet normal -0 0 1
    outer loop
      vertex 44.2779 37.6575 32
      vertex 45.1964 35.4401 32
      vertex 44.6937 37.8062 32
    endloop
  endfacet
  facet normal 0 0 1
    outer loop
      vertex 45.1964 35.4401 32
      vertex 44.2779 37.6575 32
      vertex 45.0101 35.352 32
    endloop
  endfacet
  facet normal -0 0 1
    outer loop
      vertex 43.8787 37.4686 32
      vertex 45.0101 35.352 32
      vertex 44.2779 37.6575 32
    endloop
  endfacet
  facet normal 0 0 1
    outer loop
      vertex 45.0101 35.352 32
      vertex 43.8787 37.4686 32
      vertex 44.8333 35.2461 32
    endloop
  endfacet
  facet normal -0 0 1
    outer loop
      vertex 43.4999 37.2416 32
      vertex 44.8333 35.2461 32
      vertex 43.8787 37.4686 32
    endloop
  endfacet
  facet normal 0 0 1
    outer loop
      vertex 44.8333 35.2461 32
      vertex 43.4999 37.2416 32
      vertex 44.6678 35.1233 32
    endloop
  endfacet
  facet normal -0 0 1
    outer loop
      vertex 43.1452 36.9785 32
      vertex 44.6678 35.1233 32
      vertex 43.4999 37.2416 32
    endloop
  endfacet
  facet normal 0 0 1
    outer loop
      vertex 44.6678 35.1233 32
      vertex 43.1452 36.9785 32
      vertex 44.5151 34.9849 32
    endloop
  endfacet
  facet normal -0 0 1
    outer loop
      vertex 42.818 36.682 32
      vertex 44.5151 34.9849 32
      vertex 43.1452 36.9785 32
    endloop
  endfacet
  facet normal 0 0 1
    outer loop
      vertex 44.5151 34.9849 32
      vertex 42.818 36.682 32
      vertex 44.3767 34.8322 32
    endloop
  endfacet
  facet normal 0 0 1
    outer loop
      vertex 44.3767 34.8322 32
      vertex 42.818 36.682 32
      vertex 44.2539 34.6667 32
    endloop
  endfacet
  facet normal 0 0 1
    outer loop
      vertex 44.2539 34.6667 32
      vertex 42.818 36.682 32
      vertex 44.148 34.4899 32
    endloop
  endfacet
  facet normal 0 0 1
    outer loop
      vertex 44.0599 34.3036 32
      vertex 42.818 36.682 32
      vertex 43.9904 34.1096 32
    endloop
  endfacet
  facet normal 0 0 1
    outer loop
      vertex 44.148 34.4899 32
      vertex 42.818 36.682 32
      vertex 44.0599 34.3036 32
    endloop
  endfacet
  facet normal 0 0 1
    outer loop
      vertex 48.1 33.5 32
      vertex 50.5 33.5 32
      vertex 50.4783 33.9411 32
    endloop
  endfacet
  facet normal 0 0 1
    outer loop
      vertex 48.0899 33.7058 32
      vertex 50.4783 33.9411 32
      vertex 50.4135 34.3779 32
    endloop
  endfacet
  facet normal 0 0 1
    outer loop
      vertex 50.5 33.5 32
      vertex 48.1 33.5 32
      vertex 50.4783 33.0589 32
    endloop
  endfacet
  facet normal 0 0 1
    outer loop
      vertex 48.0899 33.7058 32
      vertex 50.4135 34.3779 32
      vertex 50.3062 34.8063 32
    endloop
  endfacet
  facet normal -0 0 1
    outer loop
      vertex 48.0899 33.2942 32
      vertex 50.4783 33.0589 32
      vertex 48.1 33.5 32
    endloop
  endfacet
  facet normal 0 0 1
    outer loop
      vertex 48.0899 33.7058 32
      vertex 50.3062 34.8063 32
      vertex 50.1575 35.2221 32
    endloop
  endfacet
  facet normal 0 0 1
    outer loop
      vertex 50.4783 33.0589 32
      vertex 48.0899 33.2942 32
      vertex 50.4135 32.6221 32
    endloop
  endfacet
  facet normal 0 0 1
    outer loop
      vertex 48.0899 33.7058 32
      vertex 50.1575 35.2221 32
      vertex 49.9686 35.6213 32
    endloop
  endfacet
  facet normal -0 0 1
    outer loop
      vertex 48.0596 33.0903 32
      vertex 50.4135 32.6221 32
      vertex 48.0899 33.2942 32
    endloop
  endfacet
  facet normal 0 0 1
    outer loop
      vertex 48.0899 33.7058 32
      vertex 49.9686 35.6213 32
      vertex 49.7416 36.0001 32
    endloop
  endfacet
  facet normal 0 0 1
    outer loop
      vertex 50.4135 32.6221 32
      vertex 48.0596 33.0903 32
      vertex 50.3062 32.1937 32
    endloop
  endfacet
  facet normal 0 0 1
    outer loop
      vertex 48.0899 33.7058 32
      vertex 49.7416 36.0001 32
      vertex 49.4785 36.3548 32
    endloop
  endfacet
  facet normal -0 0 1
    outer loop
      vertex 48.0096 32.8904 32
      vertex 50.3062 32.1937 32
      vertex 48.0596 33.0903 32
    endloop
  endfacet
  facet normal 0 0 1
    outer loop
      vertex 48.0899 33.7058 32
      vertex 49.4785 36.3548 32
      vertex 49.182 36.682 32
    endloop
  endfacet
  facet normal 0 0 1
    outer loop
      vertex 50.3062 32.1937 32
      vertex 48.0096 32.8904 32
      vertex 50.1575 31.7779 32
    endloop
  endfacet
  facet normal 0 0 1
    outer loop
      vertex 48.0899 33.7058 32
      vertex 49.182 36.682 32
      vertex 48.8548 36.9785 32
    endloop
  endfacet
  facet normal 0 0 1
    outer loop
      vertex 48.0899 33.7058 32
      vertex 48.8548 36.9785 32
      vertex 48.5001 37.2416 32
    endloop
  endfacet
  facet normal 0 0 1
    outer loop
      vertex 47.1667 35.2461 32
      vertex 48.5001 37.2416 32
      vertex 48.1213 37.4686 32
    endloop
  endfacet
  facet normal -0 0 1
    outer loop
      vertex 47.9401 32.6964 32
      vertex 50.1575 31.7779 32
      vertex 48.0096 32.8904 32
    endloop
  endfacet
  facet normal 0 0 1
    outer loop
      vertex 50.1575 31.7779 32
      vertex 47.9401 32.6964 32
      vertex 49.9686 31.3787 32
    endloop
  endfacet
  facet normal -0 0 1
    outer loop
      vertex 47.852 32.5101 32
      vertex 49.9686 31.3787 32
      vertex 47.9401 32.6964 32
    endloop
  endfacet
  facet normal 0 0 1
    outer loop
      vertex 49.9686 31.3787 32
      vertex 47.852 32.5101 32
      vertex 49.7416 30.9999 32
    endloop
  endfacet
  facet normal -0 0 1
    outer loop
      vertex 47.7461 32.3333 32
      vertex 49.7416 30.9999 32
      vertex 47.852 32.5101 32
    endloop
  endfacet
  facet normal 0 0 1
    outer loop
      vertex 49.7416 30.9999 32
      vertex 47.7461 32.3333 32
      vertex 49.4785 30.6452 32
    endloop
  endfacet
  facet normal -0 0 1
    outer loop
      vertex 47.6233 32.1678 32
      vertex 49.4785 30.6452 32
      vertex 47.7461 32.3333 32
    endloop
  endfacet
  facet normal 0 0 1
    outer loop
      vertex 49.4785 30.6452 32
      vertex 47.6233 32.1678 32
      vertex 49.182 30.318 32
    endloop
  endfacet
  facet normal -0 0 1
    outer loop
      vertex 47.4849 32.0151 32
      vertex 49.182 30.318 32
      vertex 47.6233 32.1678 32
    endloop
  endfacet
  facet normal -0 0 1
    outer loop
      vertex 47.3322 31.8767 32
      vertex 49.182 30.318 32
      vertex 47.4849 32.0151 32
    endloop
  endfacet
  facet normal -0 0 1
    outer loop
      vertex 47.1667 31.7539 32
      vertex 49.182 30.318 32
      vertex 47.3322 31.8767 32
    endloop
  endfacet
  facet normal -0 0 1
    outer loop
      vertex 46.9899 31.648 32
      vertex 49.182 30.318 32
      vertex 47.1667 31.7539 32
    endloop
  endfacet
  facet normal -0 0 1
    outer loop
      vertex 46.8036 31.5599 32
      vertex 49.182 30.318 32
      vertex 46.9899 31.648 32
    endloop
  endfacet
  facet normal -0 0 1
    outer loop
      vertex 46.6096 31.4904 32
      vertex 49.182 30.318 32
      vertex 46.8036 31.5599 32
    endloop
  endfacet
  facet normal -0 0 1
    outer loop
      vertex 46.4097 31.4403 32
      vertex 49.182 30.318 32
      vertex 46.6096 31.4904 32
    endloop
  endfacet
  facet normal -0 0 1
    outer loop
      vertex 46.2058 31.4101 32
      vertex 49.182 30.318 32
      vertex 46.4097 31.4403 32
    endloop
  endfacet
  facet normal -0 0 1
    outer loop
      vertex 46 31.4 32
      vertex 49.182 30.318 32
      vertex 46.2058 31.4101 32
    endloop
  endfacet
  facet normal 0 0 1
    outer loop
      vertex 41.5 23.2496 32
      vertex 46 31.4 32
      vertex 45.7942 31.4101 32
    endloop
  endfacet
  facet normal 0 0 1
    outer loop
      vertex 41.5 23.2496 32
      vertex 45.7942 31.4101 32
      vertex 45.5903 31.4403 32
    endloop
  endfacet
  facet normal 0 0 1
    outer loop
      vertex 41.5 23.2496 32
      vertex 45.5903 31.4403 32
      vertex 45.3904 31.4904 32
    endloop
  endfacet
  facet normal 0 0 1
    outer loop
      vertex 43.9904 34.1096 32
      vertex 42.818 36.682 32
      vertex 43.9403 33.9097 32
    endloop
  endfacet
  facet normal 0 0 1
    outer loop
      vertex 43.9403 33.9097 32
      vertex 42.818 36.682 32
      vertex 43.9101 33.7058 32
    endloop
  endfacet
  facet normal 0 0 1
    outer loop
      vertex 43.9101 33.7058 32
      vertex 42.818 36.682 32
      vertex 43.9 33.5 32
    endloop
  endfacet
  facet normal 0 0 1
    outer loop
      vertex 35.7496 29 32
      vertex 43.9 33.5 32
      vertex 42.818 36.682 32
    endloop
  endfacet
  facet normal 0 0 1
    outer loop
      vertex 43.9 33.5 32
      vertex 35.7496 29 32
      vertex 43.9101 33.2942 32
    endloop
  endfacet
  facet normal 0 0 1
    outer loop
      vertex 43.9101 33.2942 32
      vertex 35.7496 29 32
      vertex 43.9403 33.0903 32
    endloop
  endfacet
  facet normal 0 0 1
    outer loop
      vertex 46 31.4 32
      vertex 41.5 23.2496 32
      vertex 49.182 30.318 32
    endloop
  endfacet
  facet normal 0 0 1
    outer loop
      vertex 45.1964 31.5599 32
      vertex 41.5 23.2496 32
      vertex 45.3904 31.4904 32
    endloop
  endfacet
  facet normal 0 0 1
    outer loop
      vertex 39.5277 25.3856 32
      vertex 45.1964 31.5599 32
      vertex 45.0101 31.648 32
    endloop
  endfacet
  facet normal 0 0 1
    outer loop
      vertex 39.3259 25.7223 32
      vertex 45.0101 31.648 32
      vertex 44.8333 31.7539 32
    endloop
  endfacet
  facet normal 0 0 1
    outer loop
      vertex 39.092 26.0376 32
      vertex 44.8333 31.7539 32
      vertex 44.6678 31.8767 32
    endloop
  endfacet
  facet normal 0 0 1
    outer loop
      vertex 38.8284 26.3284 32
      vertex 44.6678 31.8767 32
      vertex 44.5151 32.0151 32
    endloop
  endfacet
  facet normal 0 0 1
    outer loop
      vertex 38.8284 26.3284 32
      vertex 44.5151 32.0151 32
      vertex 44.3767 32.1678 32
    endloop
  endfacet
  facet normal 0 0 1
    outer loop
      vertex 38.5376 26.592 32
      vertex 44.3767 32.1678 32
      vertex 44.2539 32.3333 32
    endloop
  endfacet
  facet normal 0 0 1
    outer loop
      vertex 38.2223 26.8259 32
      vertex 44.2539 32.3333 32
      vertex 44.148 32.5101 32
    endloop
  endfacet
  facet normal 0 0 1
    outer loop
      vertex 37.8856 27.0277 32
      vertex 44.148 32.5101 32
      vertex 44.0599 32.6964 32
    endloop
  endfacet
  facet normal 0 0 1
    outer loop
      vertex 35.7496 29 32
      vertex 44.0599 32.6964 32
      vertex 43.9904 32.8904 32
    endloop
  endfacet
  facet normal 0 0 1
    outer loop
      vertex 43.9403 33.0903 32
      vertex 35.7496 29 32
      vertex 43.9904 32.8904 32
    endloop
  endfacet
  facet normal 0 0 1
    outer loop
      vertex 41.5 23.2496 32
      vertex 40 23.5 32
      vertex 41.5 -23.2496 32
    endloop
  endfacet
  facet normal 0 0 1
    outer loop
      vertex 45.1964 31.5599 32
      vertex 39.5277 25.3856 32
      vertex 41.5 23.2496 32
    endloop
  endfacet
  facet normal 0 0 1
    outer loop
      vertex 41.5 23.2496 32
      vertex 39.9807 23.8921 32
      vertex 40 23.5 32
    endloop
  endfacet
  facet normal 0 0 1
    outer loop
      vertex 41.5 23.2496 32
      vertex 39.9231 24.2804 32
      vertex 39.9807 23.8921 32
    endloop
  endfacet
  facet normal 0 0 1
    outer loop
      vertex 41.5 23.2496 32
      vertex 39.8278 24.6611 32
      vertex 39.9231 24.2804 32
    endloop
  endfacet
  facet normal 0 0 1
    outer loop
      vertex 41.5 23.2496 32
      vertex 39.6955 25.0307 32
      vertex 39.8278 24.6611 32
    endloop
  endfacet
  facet normal 0 0 1
    outer loop
      vertex 41.5 23.2496 32
      vertex 39.5277 25.3856 32
      vertex 39.6955 25.0307 32
    endloop
  endfacet
  facet normal 0 0 1
    outer loop
      vertex 45.0101 31.648 32
      vertex 39.3259 25.7223 32
      vertex 39.5277 25.3856 32
    endloop
  endfacet
  facet normal 0 0 1
    outer loop
      vertex 44.8333 31.7539 32
      vertex 39.092 26.0376 32
      vertex 39.3259 25.7223 32
    endloop
  endfacet
  facet normal 0 0 1
    outer loop
      vertex 44.6678 31.8767 32
      vertex 38.8284 26.3284 32
      vertex 39.092 26.0376 32
    endloop
  endfacet
  facet normal 0 0 1
    outer loop
      vertex 44.3767 32.1678 32
      vertex 38.5376 26.592 32
      vertex 38.8284 26.3284 32
    endloop
  endfacet
  facet normal 0 0 1
    outer loop
      vertex 44.2539 32.3333 32
      vertex 38.2223 26.8259 32
      vertex 38.5376 26.592 32
    endloop
  endfacet
  facet normal 0 0 1
    outer loop
      vertex 44.148 32.5101 32
      vertex 37.8856 27.0277 32
      vertex 38.2223 26.8259 32
    endloop
  endfacet
  facet normal 0 0 1
    outer loop
      vertex 44.0599 32.6964 32
      vertex 35.7496 29 32
      vertex 37.8856 27.0277 32
    endloop
  endfacet
  facet normal 0 0 1
    outer loop
      vertex 37.8856 27.0277 32
      vertex 35.7496 29 32
      vertex 37.5307 27.1955 32
    endloop
  endfacet
  facet normal 0 0 1
    outer loop
      vertex 37.5307 27.1955 32
      vertex 35.7496 29 32
      vertex 37.1611 27.3278 32
    endloop
  endfacet
  facet normal 0 0 1
    outer loop
      vertex 37.1611 27.3278 32
      vertex 35.7496 29 32
      vertex 36.7804 27.4231 32
    endloop
  endfacet
  facet normal 0 0 1
    outer loop
      vertex 36.7804 27.4231 32
      vertex 35.7496 29 32
      vertex 36.3921 27.4807 32
    endloop
  endfacet
  facet normal 0 0 1
    outer loop
      vertex 36.3921 27.4807 32
      vertex 35.7496 29 32
      vertex 36 27.5 32
    endloop
  endfacet
  facet normal -0 0 1
    outer loop
      vertex -35.7496 29 32
      vertex 36 27.5 32
      vertex 35.7496 29 32
    endloop
  endfacet
  facet normal 0 0 1
    outer loop
      vertex -35.7496 29 32
      vertex -36 27.5 32
      vertex 36 27.5 32
    endloop
  endfacet
  facet normal 0 0 1
    outer loop
      vertex -35.7496 29 32
      vertex -36.3921 27.4807 32
      vertex -36 27.5 32
    endloop
  endfacet
  facet normal 0 0 1
    outer loop
      vertex -35.7496 29 32
      vertex -36.7804 27.4231 32
      vertex -36.3921 27.4807 32
    endloop
  endfacet
  facet normal 0 0 1
    outer loop
      vertex -35.7496 29 32
      vertex -37.1611 27.3278 32
      vertex -36.7804 27.4231 32
    endloop
  endfacet
  facet normal 0 0 1
    outer loop
      vertex -35.7496 29 32
      vertex -37.5307 27.1955 32
      vertex -37.1611 27.3278 32
    endloop
  endfacet
  facet normal 0 0 1
    outer loop
      vertex -35.7496 29 32
      vertex -37.8856 27.0277 32
      vertex -37.5307 27.1955 32
    endloop
  endfacet
  facet normal 0 0 1
    outer loop
      vertex -44.0599 32.6964 32
      vertex -37.8856 27.0277 32
      vertex -35.7496 29 32
    endloop
  endfacet
  facet normal -0 0 1
    outer loop
      vertex -44.148 32.5101 32
      vertex -37.8856 27.0277 32
      vertex -44.0599 32.6964 32
    endloop
  endfacet
  facet normal 0 0 1
    outer loop
      vertex -40 23.5 32
      vertex -41.5 23.2496 32
      vertex -40 -23.5 32
    endloop
  endfacet
  facet normal 0 0 1
    outer loop
      vertex -39.9807 23.8921 32
      vertex -41.5 23.2496 32
      vertex -40 23.5 32
    endloop
  endfacet
  facet normal 0 0 1
    outer loop
      vertex -39.9231 24.2804 32
      vertex -41.5 23.2496 32
      vertex -39.9807 23.8921 32
    endloop
  endfacet
  facet normal 0 0 1
    outer loop
      vertex -39.8278 24.6611 32
      vertex -41.5 23.2496 32
      vertex -39.9231 24.2804 32
    endloop
  endfacet
  facet normal 0 0 1
    outer loop
      vertex -39.6955 25.0307 32
      vertex -41.5 23.2496 32
      vertex -39.8278 24.6611 32
    endloop
  endfacet
  facet normal 0 0 1
    outer loop
      vertex -39.5277 25.3856 32
      vertex -41.5 23.2496 32
      vertex -39.6955 25.0307 32
    endloop
  endfacet
  facet normal 0 0 1
    outer loop
      vertex -45.0101 31.648 32
      vertex -39.5277 25.3856 32
      vertex -39.3259 25.7223 32
    endloop
  endfacet
  facet normal 0 0 1
    outer loop
      vertex -44.8333 31.7539 32
      vertex -39.3259 25.7223 32
      vertex -39.092 26.0376 32
    endloop
  endfacet
  facet normal -0 0 1
    outer loop
      vertex -43.9 33.5 32
      vertex -35.7496 29 32
      vertex -42.818 36.682 32
    endloop
  endfacet
  facet normal -0 0 1
    outer loop
      vertex -43.9403 33.0903 32
      vertex -35.7496 29 32
      vertex -43.9101 33.2942 32
    endloop
  endfacet
  facet normal -0 0 1
    outer loop
      vertex -43.9904 32.8904 32
      vertex -35.7496 29 32
      vertex -43.9403 33.0903 32
    endloop
  endfacet
  facet normal -0 0 1
    outer loop
      vertex -44.0599 32.6964 32
      vertex -35.7496 29 32
      vertex -43.9904 32.8904 32
    endloop
  endfacet
  facet normal 0 0 1
    outer loop
      vertex -43.9101 33.7058 32
      vertex -42.818 36.682 32
      vertex -43.1452 36.9785 32
    endloop
  endfacet
  facet normal 0 0 1
    outer loop
      vertex -43.9101 33.7058 32
      vertex -43.1452 36.9785 32
      vertex -43.4999 37.2416 32
    endloop
  endfacet
  facet normal 0 0 1
    outer loop
      vertex -44.8333 35.2461 32
      vertex -43.4999 37.2416 32
      vertex -43.8787 37.4686 32
    endloop
  endfacet
  facet normal 0 0 1
    outer loop
      vertex -35.7496 29 32
      vertex -43.9 33.5 32
      vertex -43.9101 33.2942 32
    endloop
  endfacet
  facet normal 0 0 1
    outer loop
      vertex -37.8856 27.0277 32
      vertex -44.148 32.5101 32
      vertex -38.2223 26.8259 32
    endloop
  endfacet
  facet normal -0 0 1
    outer loop
      vertex -44.2539 32.3333 32
      vertex -38.2223 26.8259 32
      vertex -44.148 32.5101 32
    endloop
  endfacet
  facet normal 0 0 1
    outer loop
      vertex -38.2223 26.8259 32
      vertex -44.2539 32.3333 32
      vertex -38.5376 26.592 32
    endloop
  endfacet
  facet normal -0 0 1
    outer loop
      vertex -44.3767 32.1678 32
      vertex -38.5376 26.592 32
      vertex -44.2539 32.3333 32
    endloop
  endfacet
  facet normal 0 0 1
    outer loop
      vertex -38.5376 26.592 32
      vertex -44.3767 32.1678 32
      vertex -38.8284 26.3284 32
    endloop
  endfacet
  facet normal -0 0 1
    outer loop
      vertex -44.5151 32.0151 32
      vertex -38.8284 26.3284 32
      vertex -44.3767 32.1678 32
    endloop
  endfacet
  facet normal -0 0 1
    outer loop
      vertex -44.6678 31.8767 32
      vertex -38.8284 26.3284 32
      vertex -44.5151 32.0151 32
    endloop
  endfacet
  facet normal 0 0 1
    outer loop
      vertex -38.8284 26.3284 32
      vertex -44.6678 31.8767 32
      vertex -39.092 26.0376 32
    endloop
  endfacet
  facet normal -0 0 1
    outer loop
      vertex -44.8333 31.7539 32
      vertex -39.092 26.0376 32
      vertex -44.6678 31.8767 32
    endloop
  endfacet
  facet normal 0 0 1
    outer loop
      vertex -39.3259 25.7223 32
      vertex -44.8333 31.7539 32
      vertex -45.0101 31.648 32
    endloop
  endfacet
  facet normal 0 0 1
    outer loop
      vertex -39.5277 25.3856 32
      vertex -45.0101 31.648 32
      vertex -45.1964 31.5599 32
    endloop
  endfacet
  facet normal 0 0 1
    outer loop
      vertex -39.5277 25.3856 32
      vertex -45.1964 31.5599 32
      vertex -41.5 23.2496 32
    endloop
  endfacet
  facet normal -0 0 1
    outer loop
      vertex -45.3904 31.4904 32
      vertex -41.5 23.2496 32
      vertex -45.1964 31.5599 32
    endloop
  endfacet
  facet normal -0 0 1
    outer loop
      vertex -45.5903 31.4403 32
      vertex -41.5 23.2496 32
      vertex -45.3904 31.4904 32
    endloop
  endfacet
  facet normal -0 0 1
    outer loop
      vertex -45.7942 31.4101 32
      vertex -41.5 23.2496 32
      vertex -45.5903 31.4403 32
    endloop
  endfacet
  facet normal -0 0 1
    outer loop
      vertex -46 31.4 32
      vertex -41.5 23.2496 32
      vertex -45.7942 31.4101 32
    endloop
  endfacet
  facet normal 0 0 1
    outer loop
      vertex -49.182 30.318 32
      vertex -46 31.4 32
      vertex -46.2058 31.4101 32
    endloop
  endfacet
  facet normal 0 0 1
    outer loop
      vertex -49.182 30.318 32
      vertex -46.2058 31.4101 32
      vertex -46.4097 31.4403 32
    endloop
  endfacet
  facet normal 0 0 1
    outer loop
      vertex -49.182 30.318 32
      vertex -46.4097 31.4403 32
      vertex -46.6096 31.4904 32
    endloop
  endfacet
  facet normal 0 0 1
    outer loop
      vertex -49.182 30.318 32
      vertex -46.6096 31.4904 32
      vertex -46.8036 31.5599 32
    endloop
  endfacet
  facet normal 0 0 1
    outer loop
      vertex -49.182 30.318 32
      vertex -46.8036 31.5599 32
      vertex -46.9899 31.648 32
    endloop
  endfacet
  facet normal 0 0 1
    outer loop
      vertex -49.182 30.318 32
      vertex -46.9899 31.648 32
      vertex -47.1667 31.7539 32
    endloop
  endfacet
  facet normal 0 0 1
    outer loop
      vertex -49.182 30.318 32
      vertex -47.1667 31.7539 32
      vertex -47.3322 31.8767 32
    endloop
  endfacet
  facet normal 0 0 1
    outer loop
      vertex -49.182 30.318 32
      vertex -47.3322 31.8767 32
      vertex -47.4849 32.0151 32
    endloop
  endfacet
  facet normal 0 0 1
    outer loop
      vertex -49.182 30.318 32
      vertex -47.4849 32.0151 32
      vertex -47.6233 32.1678 32
    endloop
  endfacet
  facet normal 0 0 1
    outer loop
      vertex -49.4785 30.6452 32
      vertex -47.6233 32.1678 32
      vertex -47.7461 32.3333 32
    endloop
  endfacet
  facet normal -0 0 1
    outer loop
      vertex -49.9686 35.6213 32
      vertex -47.852 34.4899 32
      vertex -49.7416 36.0001 32
    endloop
  endfacet
  facet normal 0 0 1
    outer loop
      vertex -47.852 34.4899 32
      vertex -49.9686 35.6213 32
      vertex -47.9401 34.3036 32
    endloop
  endfacet
  facet normal -0 0 1
    outer loop
      vertex -50.1575 35.2221 32
      vertex -47.9401 34.3036 32
      vertex -49.9686 35.6213 32
    endloop
  endfacet
  facet normal 0 0 1
    outer loop
      vertex -47.9401 34.3036 32
      vertex -50.1575 35.2221 32
      vertex -48.0096 34.1096 32
    endloop
  endfacet
  facet normal -0 0 1
    outer loop
      vertex -50.3062 34.8063 32
      vertex -48.0096 34.1096 32
      vertex -50.1575 35.2221 32
    endloop
  endfacet
  facet normal 0 0 1
    outer loop
      vertex -48.0096 34.1096 32
      vertex -50.3062 34.8063 32
      vertex -48.0596 33.9097 32
    endloop
  endfacet
  facet normal 0 0 1
    outer loop
      vertex -46 31.4 32
      vertex -49.182 30.318 32
      vertex -41.5 23.2496 32
    endloop
  endfacet
  facet normal 0 0 1
    outer loop
      vertex -49.7416 30.9999 32
      vertex -47.7461 32.3333 32
      vertex -47.852 32.5101 32
    endloop
  endfacet
  facet normal 0 0 1
    outer loop
      vertex -49.9686 31.3787 32
      vertex -47.852 32.5101 32
      vertex -47.9401 32.6964 32
    endloop
  endfacet
  facet normal 0 0 1
    outer loop
      vertex -50.1575 31.7779 32
      vertex -47.9401 32.6964 32
      vertex -48.0096 32.8904 32
    endloop
  endfacet
  facet normal -0 0 1
    outer loop
      vertex -50.4135 34.3779 32
      vertex -48.0596 33.9097 32
      vertex -50.3062 34.8063 32
    endloop
  endfacet
  facet normal 0 0 1
    outer loop
      vertex -48.0596 33.9097 32
      vertex -50.4135 34.3779 32
      vertex -48.0899 33.7058 32
    endloop
  endfacet
  facet normal 0 0 1
    outer loop
      vertex -47.6233 32.1678 32
      vertex -49.4785 30.6452 32
      vertex -49.182 30.318 32
    endloop
  endfacet
  facet normal -0 0 1
    outer loop
      vertex -50.4783 33.9411 32
      vertex -48.0899 33.7058 32
      vertex -50.4135 34.3779 32
    endloop
  endfacet
  facet normal 0 0 1
    outer loop
      vertex -47.7461 32.3333 32
      vertex -49.7416 30.9999 32
      vertex -49.4785 30.6452 32
    endloop
  endfacet
  facet normal 0 0 1
    outer loop
      vertex -48.0899 33.7058 32
      vertex -50.4783 33.9411 32
      vertex -48.1 33.5 32
    endloop
  endfacet
  facet normal 0 0 1
    outer loop
      vertex -47.852 32.5101 32
      vertex -49.9686 31.3787 32
      vertex -49.7416 30.9999 32
    endloop
  endfacet
  facet normal 0 0 1
    outer loop
      vertex -50.5 33.5 32
      vertex -48.1 33.5 32
      vertex -50.4783 33.9411 32
    endloop
  endfacet
  facet normal 0 0 1
    outer loop
      vertex -47.9401 32.6964 32
      vertex -50.1575 31.7779 32
      vertex -49.9686 31.3787 32
    endloop
  endfacet
  facet normal 0 0 1
    outer loop
      vertex -48.1 33.5 32
      vertex -50.5 33.5 32
      vertex -48.0899 33.2942 32
    endloop
  endfacet
  facet normal 0 0 1
    outer loop
      vertex -48.0096 32.8904 32
      vertex -50.3062 32.1937 32
      vertex -50.1575 31.7779 32
    endloop
  endfacet
  facet normal 0 -0 1
    outer loop
      vertex -50.4783 33.0589 32
      vertex -48.0899 33.2942 32
      vertex -50.5 33.5 32
    endloop
  endfacet
  facet normal 0 0 1
    outer loop
      vertex -48.0096 32.8904 32
      vertex -50.4135 32.6221 32
      vertex -50.3062 32.1937 32
    endloop
  endfacet
  facet normal 0 0 1
    outer loop
      vertex -48.0899 33.2942 32
      vertex -50.4783 33.0589 32
      vertex -48.0596 33.0903 32
    endloop
  endfacet
  facet normal 0 0 1
    outer loop
      vertex -48.0596 33.0903 32
      vertex -50.4135 32.6221 32
      vertex -48.0096 32.8904 32
    endloop
  endfacet
  facet normal 0 -0 1
    outer loop
      vertex -50.4135 32.6221 32
      vertex -48.0596 33.0903 32
      vertex -50.4783 33.0589 32
    endloop
  endfacet
  facet normal 0 0 1
    outer loop
      vertex 34.1458 20.4142 32
      vertex 37.5 21 32
      vertex 37.4807 21.3921 32
    endloop
  endfacet
  facet normal 0 0 1
    outer loop
      vertex 37.5 21 32
      vertex 34.5 19 32
      vertex 37.5 -21 32
    endloop
  endfacet
  facet normal 0 0 1
    outer loop
      vertex 34.1458 20.4142 32
      vertex 37.4807 21.3921 32
      vertex 37.4231 21.7804 32
    endloop
  endfacet
  facet normal -0 0 1
    outer loop
      vertex 34.5 -19 32
      vertex 37.5 -21 32
      vertex 34.5 19 32
    endloop
  endfacet
  facet normal 0 0 1
    outer loop
      vertex 33.9944 20.6667 32
      vertex 37.4231 21.7804 32
      vertex 37.3278 22.1611 32
    endloop
  endfacet
  facet normal -0 0 1
    outer loop
      vertex 34.4856 -19.2941 32
      vertex 37.5 -21 32
      vertex 34.5 -19 32
    endloop
  endfacet
  facet normal 0 0 1
    outer loop
      vertex 33.9944 20.6667 32
      vertex 37.3278 22.1611 32
      vertex 37.1955 22.5307 32
    endloop
  endfacet
  facet normal -0 0 1
    outer loop
      vertex 34.4424 -19.5853 32
      vertex 37.5 -21 32
      vertex 34.4856 -19.2941 32
    endloop
  endfacet
  facet normal 0 0 1
    outer loop
      vertex 33.9944 20.6667 32
      vertex 37.1955 22.5307 32
      vertex 37.0277 22.8856 32
    endloop
  endfacet
  facet normal -0 0 1
    outer loop
      vertex 34.3708 -19.8709 32
      vertex 37.5 -21 32
      vertex 34.4424 -19.5853 32
    endloop
  endfacet
  facet normal 0 0 1
    outer loop
      vertex 33.819 20.9032 32
      vertex 37.0277 22.8856 32
      vertex 36.8259 23.2223 32
    endloop
  endfacet
  facet normal -0 0 1
    outer loop
      vertex 34.2716 -20.148 32
      vertex 37.5 -21 32
      vertex 34.3708 -19.8709 32
    endloop
  endfacet
  facet normal 0 0 1
    outer loop
      vertex 33.819 20.9032 32
      vertex 36.8259 23.2223 32
      vertex 36.592 23.5376 32
    endloop
  endfacet
  facet normal -0 0 1
    outer loop
      vertex 34.1458 -20.4142 32
      vertex 37.5 -21 32
      vertex 34.2716 -20.148 32
    endloop
  endfacet
  facet normal 0 0 1
    outer loop
      vertex 33.6213 21.1213 32
      vertex 36.592 23.5376 32
      vertex 36.3284 23.8284 32
    endloop
  endfacet
  facet normal 0 0 1
    outer loop
      vertex 37.5 -21 32
      vertex 34.1458 -20.4142 32
      vertex 37.4807 -21.3921 32
    endloop
  endfacet
  facet normal 0 0 1
    outer loop
      vertex 33.6213 21.1213 32
      vertex 36.3284 23.8284 32
      vertex 36.0376 24.092 32
    endloop
  endfacet
  facet normal 0 0 1
    outer loop
      vertex 37.4807 -21.3921 32
      vertex 34.1458 -20.4142 32
      vertex 37.4231 -21.7804 32
    endloop
  endfacet
  facet normal 0 0 1
    outer loop
      vertex 33.4032 21.319 32
      vertex 36.0376 24.092 32
      vertex 35.7223 24.3259 32
    endloop
  endfacet
  facet normal -0 0 1
    outer loop
      vertex 33.9944 -20.6667 32
      vertex 37.4231 -21.7804 32
      vertex 34.1458 -20.4142 32
    endloop
  endfacet
  facet normal 0 0 1
    outer loop
      vertex 33.4032 21.319 32
      vertex 35.7223 24.3259 32
      vertex 35.3856 24.5277 32
    endloop
  endfacet
  facet normal 0 0 1
    outer loop
      vertex 37.4231 -21.7804 32
      vertex 33.9944 -20.6667 32
      vertex 37.3278 -22.1611 32
    endloop
  endfacet
  facet normal 0 0 1
    outer loop
      vertex 33.4032 21.319 32
      vertex 35.3856 24.5277 32
      vertex 35.0307 24.6955 32
    endloop
  endfacet
  facet normal 0 0 1
    outer loop
      vertex 37.3278 -22.1611 32
      vertex 33.9944 -20.6667 32
      vertex 37.1955 -22.5307 32
    endloop
  endfacet
  facet normal 0 0 1
    outer loop
      vertex 33.1667 21.4944 32
      vertex 35.0307 24.6955 32
      vertex 34.6611 24.8278 32
    endloop
  endfacet
  facet normal 0 0 1
    outer loop
      vertex 37.1955 -22.5307 32
      vertex 33.9944 -20.6667 32
      vertex 37.0277 -22.8856 32
    endloop
  endfacet
  facet normal -0 0 1
    outer loop
      vertex 33.819 -20.9032 32
      vertex 37.0277 -22.8856 32
      vertex 33.9944 -20.6667 32
    endloop
  endfacet
  facet normal 0 0 1
    outer loop
      vertex 37.5 21 32
      vertex 34.4856 19.2941 32
      vertex 34.5 19 32
    endloop
  endfacet
  facet normal 0 0 1
    outer loop
      vertex 37.5 21 32
      vertex 34.4424 19.5853 32
      vertex 34.4856 19.2941 32
    endloop
  endfacet
  facet normal 0 0 1
    outer loop
      vertex 37.5 21 32
      vertex 34.3708 19.8709 32
      vertex 34.4424 19.5853 32
    endloop
  endfacet
  facet normal 0 0 1
    outer loop
      vertex 33.1667 21.4944 32
      vertex 34.6611 24.8278 32
      vertex 34.2804 24.9231 32
    endloop
  endfacet
  facet normal 0 0 1
    outer loop
      vertex 37.5 21 32
      vertex 34.2716 20.148 32
      vertex 34.3708 19.8709 32
    endloop
  endfacet
  facet normal 0 0 1
    outer loop
      vertex 37.5 21 32
      vertex 34.1458 20.4142 32
      vertex 34.2716 20.148 32
    endloop
  endfacet
  facet normal 0 0 1
    outer loop
      vertex 37.4231 21.7804 32
      vertex 33.9944 20.6667 32
      vertex 34.1458 20.4142 32
    endloop
  endfacet
  facet normal 0 0 1
    outer loop
      vertex 32.9142 21.6458 32
      vertex 34.2804 24.9231 32
      vertex 33.8921 24.9807 32
    endloop
  endfacet
  facet normal 0 0 1
    outer loop
      vertex 37.0277 22.8856 32
      vertex 33.819 20.9032 32
      vertex 33.9944 20.6667 32
    endloop
  endfacet
  facet normal 0 0 1
    outer loop
      vertex 36.592 23.5376 32
      vertex 33.6213 21.1213 32
      vertex 33.819 20.9032 32
    endloop
  endfacet
  facet normal 0 0 1
    outer loop
      vertex 32.9142 21.6458 32
      vertex 33.8921 24.9807 32
      vertex 33.5 25 32
    endloop
  endfacet
  facet normal 0 0 1
    outer loop
      vertex 36.0376 24.092 32
      vertex 33.4032 21.319 32
      vertex 33.6213 21.1213 32
    endloop
  endfacet
  facet normal 0 0 1
    outer loop
      vertex 35.0307 24.6955 32
      vertex 33.1667 21.4944 32
      vertex 33.4032 21.319 32
    endloop
  endfacet
  facet normal 0 0 1
    outer loop
      vertex 34.2804 24.9231 32
      vertex 32.9142 21.6458 32
      vertex 33.1667 21.4944 32
    endloop
  endfacet
  facet normal 0 0 1
    outer loop
      vertex 33.5 25 32
      vertex 32.648 21.7716 32
      vertex 32.9142 21.6458 32
    endloop
  endfacet
  facet normal 0 0 1
    outer loop
      vertex 33.5 25 32
      vertex 32.3709 21.8708 32
      vertex 32.648 21.7716 32
    endloop
  endfacet
  facet normal 0 0 1
    outer loop
      vertex 33.5 25 32
      vertex 32.0853 21.9424 32
      vertex 32.3709 21.8708 32
    endloop
  endfacet
  facet normal 0 0 1
    outer loop
      vertex 33.5 25 32
      vertex 31.7941 21.9856 32
      vertex 32.0853 21.9424 32
    endloop
  endfacet
  facet normal 0 0 1
    outer loop
      vertex 33.5 25 32
      vertex 31.5 22 32
      vertex 31.7941 21.9856 32
    endloop
  endfacet
  facet normal 0 0 1
    outer loop
      vertex 33.5 25 32
      vertex -31.5 22 32
      vertex 31.5 22 32
    endloop
  endfacet
  facet normal -0 0 1
    outer loop
      vertex -33.5 25 32
      vertex -31.5 22 32
      vertex 33.5 25 32
    endloop
  endfacet
  facet normal 0 0 1
    outer loop
      vertex -33.5 25 32
      vertex -31.7941 21.9856 32
      vertex -31.5 22 32
    endloop
  endfacet
  facet normal 0 0 1
    outer loop
      vertex -33.5 25 32
      vertex -32.0853 21.9424 32
      vertex -31.7941 21.9856 32
    endloop
  endfacet
  facet normal 0 0 1
    outer loop
      vertex -33.5 25 32
      vertex -32.3709 21.8708 32
      vertex -32.0853 21.9424 32
    endloop
  endfacet
  facet normal 0 0 1
    outer loop
      vertex -33.5 25 32
      vertex -32.648 21.7716 32
      vertex -32.3709 21.8708 32
    endloop
  endfacet
  facet normal 0 0 1
    outer loop
      vertex -33.5 25 32
      vertex -32.9142 21.6458 32
      vertex -32.648 21.7716 32
    endloop
  endfacet
  facet normal -0 0 1
    outer loop
      vertex -33.8921 24.9807 32
      vertex -32.9142 21.6458 32
      vertex -33.5 25 32
    endloop
  endfacet
  facet normal -0 0 1
    outer loop
      vertex -34.2804 24.9231 32
      vertex -32.9142 21.6458 32
      vertex -33.8921 24.9807 32
    endloop
  endfacet
  facet normal 0 0 1
    outer loop
      vertex -32.9142 21.6458 32
      vertex -34.2804 24.9231 32
      vertex -33.1667 21.4944 32
    endloop
  endfacet
  facet normal -0 0 1
    outer loop
      vertex -34.6611 24.8278 32
      vertex -33.1667 21.4944 32
      vertex -34.2804 24.9231 32
    endloop
  endfacet
  facet normal -0 0 1
    outer loop
      vertex -35.0307 24.6955 32
      vertex -33.1667 21.4944 32
      vertex -34.6611 24.8278 32
    endloop
  endfacet
  facet normal 0 0 1
    outer loop
      vertex -33.1667 21.4944 32
      vertex -35.0307 24.6955 32
      vertex -33.4032 21.319 32
    endloop
  endfacet
  facet normal -0 0 1
    outer loop
      vertex -35.3856 24.5277 32
      vertex -33.4032 21.319 32
      vertex -35.0307 24.6955 32
    endloop
  endfacet
  facet normal -0 0 1
    outer loop
      vertex -35.7223 24.3259 32
      vertex -33.4032 21.319 32
      vertex -35.3856 24.5277 32
    endloop
  endfacet
  facet normal -0 0 1
    outer loop
      vertex -36.0376 24.092 32
      vertex -33.4032 21.319 32
      vertex -35.7223 24.3259 32
    endloop
  endfacet
  facet normal 0 0 1
    outer loop
      vertex -33.4032 21.319 32
      vertex -36.0376 24.092 32
      vertex -33.6213 21.1213 32
    endloop
  endfacet
  facet normal -0 0 1
    outer loop
      vertex -36.3284 23.8284 32
      vertex -33.6213 21.1213 32
      vertex -36.0376 24.092 32
    endloop
  endfacet
  facet normal -0 0 1
    outer loop
      vertex -36.592 23.5376 32
      vertex -33.6213 21.1213 32
      vertex -36.3284 23.8284 32
    endloop
  endfacet
  facet normal 0 0 1
    outer loop
      vertex -33.6213 21.1213 32
      vertex -36.592 23.5376 32
      vertex -33.819 20.9032 32
    endloop
  endfacet
  facet normal -0 0 1
    outer loop
      vertex -37.0277 22.8856 32
      vertex -33.819 20.9032 32
      vertex -36.8259 23.2223 32
    endloop
  endfacet
  facet normal -0 0 1
    outer loop
      vertex -36.8259 23.2223 32
      vertex -33.819 20.9032 32
      vertex -36.592 23.5376 32
    endloop
  endfacet
  facet normal 0 0 1
    outer loop
      vertex 37.0277 -22.8856 32
      vertex 33.819 -20.9032 32
      vertex 36.8259 -23.2223 32
    endloop
  endfacet
  facet normal 0 0 1
    outer loop
      vertex 36.8259 -23.2223 32
      vertex 33.819 -20.9032 32
      vertex 36.592 -23.5376 32
    endloop
  endfacet
  facet normal -0 0 1
    outer loop
      vertex 33.6213 -21.1213 32
      vertex 36.592 -23.5376 32
      vertex 33.819 -20.9032 32
    endloop
  endfacet
  facet normal 0 0 1
    outer loop
      vertex 36.592 -23.5376 32
      vertex 33.6213 -21.1213 32
      vertex 36.3284 -23.8284 32
    endloop
  endfacet
  facet normal 0 0 1
    outer loop
      vertex 36.3284 -23.8284 32
      vertex 33.6213 -21.1213 32
      vertex 36.0376 -24.092 32
    endloop
  endfacet
  facet normal -0 0 1
    outer loop
      vertex 33.4032 -21.319 32
      vertex 36.0376 -24.092 32
      vertex 33.6213 -21.1213 32
    endloop
  endfacet
  facet normal 0 0 1
    outer loop
      vertex 36.0376 -24.092 32
      vertex 33.4032 -21.319 32
      vertex 35.7223 -24.3259 32
    endloop
  endfacet
  facet normal 0 0 1
    outer loop
      vertex 35.7223 -24.3259 32
      vertex 33.4032 -21.319 32
      vertex 35.3856 -24.5277 32
    endloop
  endfacet
  facet normal 0 0 1
    outer loop
      vertex 35.3856 -24.5277 32
      vertex 33.4032 -21.319 32
      vertex 35.0307 -24.6955 32
    endloop
  endfacet
  facet normal -0 0 1
    outer loop
      vertex 33.1667 -21.4944 32
      vertex 35.0307 -24.6955 32
      vertex 33.4032 -21.319 32
    endloop
  endfacet
  facet normal 0 0 1
    outer loop
      vertex 35.0307 -24.6955 32
      vertex 33.1667 -21.4944 32
      vertex 34.6611 -24.8278 32
    endloop
  endfacet
  facet normal 0 0 1
    outer loop
      vertex 34.6611 -24.8278 32
      vertex 33.1667 -21.4944 32
      vertex 34.2804 -24.9231 32
    endloop
  endfacet
  facet normal -0 0 1
    outer loop
      vertex 32.9142 -21.6458 32
      vertex 34.2804 -24.9231 32
      vertex 33.1667 -21.4944 32
    endloop
  endfacet
  facet normal 0 0 1
    outer loop
      vertex 34.2804 -24.9231 32
      vertex 32.9142 -21.6458 32
      vertex 33.8921 -24.9807 32
    endloop
  endfacet
  facet normal 0 0 1
    outer loop
      vertex 33.8921 -24.9807 32
      vertex 32.9142 -21.6458 32
      vertex 33.5 -25 32
    endloop
  endfacet
  facet normal -0 0 1
    outer loop
      vertex 32.648 -21.7716 32
      vertex 33.5 -25 32
      vertex 32.9142 -21.6458 32
    endloop
  endfacet
  facet normal -0 0 1
    outer loop
      vertex 32.3709 -21.8708 32
      vertex 33.5 -25 32
      vertex 32.648 -21.7716 32
    endloop
  endfacet
  facet normal -0 0 1
    outer loop
      vertex 32.0853 -21.9424 32
      vertex 33.5 -25 32
      vertex 32.3709 -21.8708 32
    endloop
  endfacet
  facet normal -0 0 1
    outer loop
      vertex 31.7941 -21.9856 32
      vertex 33.5 -25 32
      vertex 32.0853 -21.9424 32
    endloop
  endfacet
  facet normal -0 0 1
    outer loop
      vertex 31.5 -22 32
      vertex 33.5 -25 32
      vertex 31.7941 -21.9856 32
    endloop
  endfacet
  facet normal -0 0 1
    outer loop
      vertex -31.5 -22 32
      vertex 33.5 -25 32
      vertex 31.5 -22 32
    endloop
  endfacet
  facet normal 0 0 1
    outer loop
      vertex -31.5 -22 32
      vertex -33.5 -25 32
      vertex 33.5 -25 32
    endloop
  endfacet
  facet normal 0 0 1
    outer loop
      vertex -31.7941 -21.9856 32
      vertex -33.5 -25 32
      vertex -31.5 -22 32
    endloop
  endfacet
  facet normal 0 0 1
    outer loop
      vertex -32.0853 -21.9424 32
      vertex -33.5 -25 32
      vertex -31.7941 -21.9856 32
    endloop
  endfacet
  facet normal 0 0 1
    outer loop
      vertex -32.3709 -21.8708 32
      vertex -33.5 -25 32
      vertex -32.0853 -21.9424 32
    endloop
  endfacet
  facet normal 0 0 1
    outer loop
      vertex -32.648 -21.7716 32
      vertex -33.5 -25 32
      vertex -32.3709 -21.8708 32
    endloop
  endfacet
  facet normal 0 0 1
    outer loop
      vertex -32.9142 -21.6458 32
      vertex -33.5 -25 32
      vertex -32.648 -21.7716 32
    endloop
  endfacet
  facet normal 0 0 1
    outer loop
      vertex -34.2804 -24.9231 32
      vertex -32.9142 -21.6458 32
      vertex -33.1667 -21.4944 32
    endloop
  endfacet
  facet normal 0 0 1
    outer loop
      vertex -35.0307 -24.6955 32
      vertex -33.1667 -21.4944 32
      vertex -33.4032 -21.319 32
    endloop
  endfacet
  facet normal 0 0 1
    outer loop
      vertex -36.0376 -24.092 32
      vertex -33.4032 -21.319 32
      vertex -33.6213 -21.1213 32
    endloop
  endfacet
  facet normal 0 0 1
    outer loop
      vertex -36.592 -23.5376 32
      vertex -33.6213 -21.1213 32
      vertex -33.819 -20.9032 32
    endloop
  endfacet
  facet normal 0 0 1
    outer loop
      vertex -32.9142 -21.6458 32
      vertex -33.8921 -24.9807 32
      vertex -33.5 -25 32
    endloop
  endfacet
  facet normal 0 0 1
    outer loop
      vertex -37.0277 -22.8856 32
      vertex -33.819 -20.9032 32
      vertex -33.9944 -20.6667 32
    endloop
  endfacet
  facet normal 0 0 1
    outer loop
      vertex -37.4231 -21.7804 32
      vertex -33.9944 -20.6667 32
      vertex -34.1458 -20.4142 32
    endloop
  endfacet
  facet normal 0 0 1
    outer loop
      vertex -37.5 -21 32
      vertex -34.1458 -20.4142 32
      vertex -34.2716 -20.148 32
    endloop
  endfacet
  facet normal 0 0 1
    outer loop
      vertex -32.9142 -21.6458 32
      vertex -34.2804 -24.9231 32
      vertex -33.8921 -24.9807 32
    endloop
  endfacet
  facet normal 0 0 1
    outer loop
      vertex -37.5 -21 32
      vertex -34.2716 -20.148 32
      vertex -34.3708 -19.8709 32
    endloop
  endfacet
  facet normal 0 0 1
    outer loop
      vertex -37.5 -21 32
      vertex -34.3708 -19.8709 32
      vertex -34.4424 -19.5853 32
    endloop
  endfacet
  facet normal 0 0 1
    outer loop
      vertex -37.5 -21 32
      vertex -34.4424 -19.5853 32
      vertex -34.4856 -19.2941 32
    endloop
  endfacet
  facet normal 0 0 1
    outer loop
      vertex -37.5 -21 32
      vertex -34.4856 -19.2941 32
      vertex -34.5 -19 32
    endloop
  endfacet
  facet normal 0 0 1
    outer loop
      vertex -33.1667 -21.4944 32
      vertex -34.6611 -24.8278 32
      vertex -34.2804 -24.9231 32
    endloop
  endfacet
  facet normal 0 0 1
    outer loop
      vertex -34.5 19 32
      vertex -37.5 21 32
      vertex -34.5 -19 32
    endloop
  endfacet
  facet normal 0 0 1
    outer loop
      vertex -33.819 20.9032 32
      vertex -37.0277 22.8856 32
      vertex -33.9944 20.6667 32
    endloop
  endfacet
  facet normal 0 0 1
    outer loop
      vertex -37.5 -21 32
      vertex -34.5 -19 32
      vertex -37.5 21 32
    endloop
  endfacet
  facet normal -0 0 1
    outer loop
      vertex -37.1955 22.5307 32
      vertex -33.9944 20.6667 32
      vertex -37.0277 22.8856 32
    endloop
  endfacet
  facet normal 0 0 1
    outer loop
      vertex -34.1458 -20.4142 32
      vertex -37.5 -21 32
      vertex -37.4807 -21.3921 32
    endloop
  endfacet
  facet normal -0 0 1
    outer loop
      vertex -37.3278 22.1611 32
      vertex -33.9944 20.6667 32
      vertex -37.1955 22.5307 32
    endloop
  endfacet
  facet normal 0 0 1
    outer loop
      vertex -33.1667 -21.4944 32
      vertex -35.0307 -24.6955 32
      vertex -34.6611 -24.8278 32
    endloop
  endfacet
  facet normal -0 0 1
    outer loop
      vertex -37.4231 21.7804 32
      vertex -33.9944 20.6667 32
      vertex -37.3278 22.1611 32
    endloop
  endfacet
  facet normal 0 0 1
    outer loop
      vertex -33.4032 -21.319 32
      vertex -35.3856 -24.5277 32
      vertex -35.0307 -24.6955 32
    endloop
  endfacet
  facet normal 0 0 1
    outer loop
      vertex -33.9944 20.6667 32
      vertex -37.4231 21.7804 32
      vertex -34.1458 20.4142 32
    endloop
  endfacet
  facet normal 0 0 1
    outer loop
      vertex -33.4032 -21.319 32
      vertex -35.7223 -24.3259 32
      vertex -35.3856 -24.5277 32
    endloop
  endfacet
  facet normal -0 0 1
    outer loop
      vertex -37.4807 21.3921 32
      vertex -34.1458 20.4142 32
      vertex -37.4231 21.7804 32
    endloop
  endfacet
  facet normal 0 0 1
    outer loop
      vertex -33.4032 -21.319 32
      vertex -36.0376 -24.092 32
      vertex -35.7223 -24.3259 32
    endloop
  endfacet
  facet normal -0 0 1
    outer loop
      vertex -37.5 21 32
      vertex -34.1458 20.4142 32
      vertex -37.4807 21.3921 32
    endloop
  endfacet
  facet normal 0 0 1
    outer loop
      vertex -33.6213 -21.1213 32
      vertex -36.3284 -23.8284 32
      vertex -36.0376 -24.092 32
    endloop
  endfacet
  facet normal 0 0 1
    outer loop
      vertex -34.1458 20.4142 32
      vertex -37.5 21 32
      vertex -34.2716 20.148 32
    endloop
  endfacet
  facet normal 0 0 1
    outer loop
      vertex -33.6213 -21.1213 32
      vertex -36.592 -23.5376 32
      vertex -36.3284 -23.8284 32
    endloop
  endfacet
  facet normal 0 0 1
    outer loop
      vertex -34.2716 20.148 32
      vertex -37.5 21 32
      vertex -34.3708 19.8709 32
    endloop
  endfacet
  facet normal 0 0 1
    outer loop
      vertex -33.819 -20.9032 32
      vertex -36.8259 -23.2223 32
      vertex -36.592 -23.5376 32
    endloop
  endfacet
  facet normal 0 0 1
    outer loop
      vertex -34.3708 19.8709 32
      vertex -37.5 21 32
      vertex -34.4424 19.5853 32
    endloop
  endfacet
  facet normal 0 0 1
    outer loop
      vertex -33.819 -20.9032 32
      vertex -37.0277 -22.8856 32
      vertex -36.8259 -23.2223 32
    endloop
  endfacet
  facet normal 0 0 1
    outer loop
      vertex -34.4424 19.5853 32
      vertex -37.5 21 32
      vertex -34.4856 19.2941 32
    endloop
  endfacet
  facet normal 0 0 1
    outer loop
      vertex -33.9944 -20.6667 32
      vertex -37.1955 -22.5307 32
      vertex -37.0277 -22.8856 32
    endloop
  endfacet
  facet normal 0 0 1
    outer loop
      vertex -34.4856 19.2941 32
      vertex -37.5 21 32
      vertex -34.5 19 32
    endloop
  endfacet
  facet normal 0 0 1
    outer loop
      vertex -33.9944 -20.6667 32
      vertex -37.3278 -22.1611 32
      vertex -37.1955 -22.5307 32
    endloop
  endfacet
  facet normal 0 0 1
    outer loop
      vertex -33.9944 -20.6667 32
      vertex -37.4231 -21.7804 32
      vertex -37.3278 -22.1611 32
    endloop
  endfacet
  facet normal 0 0 1
    outer loop
      vertex -34.1458 -20.4142 32
      vertex -37.4807 -21.3921 32
      vertex -37.4231 -21.7804 32
    endloop
  endfacet
  facet normal -0.741015 0.671488 0
    outer loop
      vertex -49.4785 -30.6452 0
      vertex -49.182 -30.318 32
      vertex -49.182 -30.318 0
    endloop
  endfacet
  facet normal -0.741015 0.671488 0
    outer loop
      vertex -49.182 -30.318 32
      vertex -49.4785 -30.6452 0
      vertex -49.4785 -30.6452 32
    endloop
  endfacet
  facet normal -0.998792 0.0491358 0
    outer loop
      vertex -50.5 -33.5 0
      vertex -50.4783 -33.0589 32
      vertex -50.4783 -33.0589 0
    endloop
  endfacet
  facet normal -0.998792 0.0491358 0
    outer loop
      vertex -50.4783 -33.0589 32
      vertex -50.5 -33.5 0
      vertex -50.5 -33.5 32
    endloop
  endfacet
  facet normal 0.336738 -0.941598 0
    outer loop
      vertex -44.6937 -37.8062 0
      vertex -44.2779 -37.6575 32
      vertex -44.6937 -37.8062 32
    endloop
  endfacet
  facet normal 0.336738 -0.941598 0
    outer loop
      vertex -44.2779 -37.6575 32
      vertex -44.6937 -37.8062 0
      vertex -44.2779 -37.6575 0
    endloop
  endfacet
  facet normal -0.970036 0.242962 0
    outer loop
      vertex -50.4135 -32.6221 0
      vertex -50.3062 -32.1937 32
      vertex -50.3062 -32.1937 0
    endloop
  endfacet
  facet normal -0.970036 0.242962 0
    outer loop
      vertex -50.3062 -32.1937 32
      vertex -50.4135 -32.6221 0
      vertex -50.4135 -32.6221 32
    endloop
  endfacet
  facet normal 0 0 -1
    outer loop
      vertex 50.4783 -33.9411 0
      vertex 50.4783 -33.0589 0
      vertex 50.5 -33.5 0
    endloop
  endfacet
  facet normal 0 0 -1
    outer loop
      vertex 50.4135 -34.3779 0
      vertex 50.4783 -33.0589 0
      vertex 50.4783 -33.9411 0
    endloop
  endfacet
  facet normal 0 0 -1
    outer loop
      vertex 50.4135 -34.3779 0
      vertex 50.4135 -32.6221 0
      vertex 50.4783 -33.0589 0
    endloop
  endfacet
  facet normal 0 0 -1
    outer loop
      vertex 50.3062 -34.8063 0
      vertex 50.4135 -32.6221 0
      vertex 50.4135 -34.3779 0
    endloop
  endfacet
  facet normal 0 0 -1
    outer loop
      vertex 50.3062 -34.8063 0
      vertex 50.3062 -32.1937 0
      vertex 50.4135 -32.6221 0
    endloop
  endfacet
  facet normal 0 0 -1
    outer loop
      vertex 50.1575 -35.2221 0
      vertex 50.3062 -32.1937 0
      vertex 50.3062 -34.8063 0
    endloop
  endfacet
  facet normal 0 0 -1
    outer loop
      vertex 50.1575 -35.2221 0
      vertex 50.1575 -31.7779 0
      vertex 50.3062 -32.1937 0
    endloop
  endfacet
  facet normal 0 0 -1
    outer loop
      vertex 49.9686 -35.6213 0
      vertex 50.1575 -31.7779 0
      vertex 50.1575 -35.2221 0
    endloop
  endfacet
  facet normal 0 0 -1
    outer loop
      vertex 49.9686 -35.6213 0
      vertex 49.9686 -31.3787 0
      vertex 50.1575 -31.7779 0
    endloop
  endfacet
  facet normal 0 0 -1
    outer loop
      vertex 49.7416 -36.0001 0
      vertex 49.9686 -31.3787 0
      vertex 49.9686 -35.6213 0
    endloop
  endfacet
  facet normal 0 0 -1
    outer loop
      vertex 49.7416 -36.0001 0
      vertex 49.7416 -30.9999 0
      vertex 49.9686 -31.3787 0
    endloop
  endfacet
  facet normal 0 0 -1
    outer loop
      vertex 49.4785 -36.3548 0
      vertex 49.7416 -30.9999 0
      vertex 49.7416 -36.0001 0
    endloop
  endfacet
  facet normal 0 0 -1
    outer loop
      vertex 49.4785 -36.3548 0
      vertex 49.4785 -30.6452 0
      vertex 49.7416 -30.9999 0
    endloop
  endfacet
  facet normal 0 0 -1
    outer loop
      vertex 49.182 -36.682 0
      vertex 49.4785 -30.6452 0
      vertex 49.4785 -36.3548 0
    endloop
  endfacet
  facet normal 0 0 -1
    outer loop
      vertex 49.182 -36.682 0
      vertex 49.182 -30.318 0
      vertex 49.4785 -30.6452 0
    endloop
  endfacet
  facet normal 0 0 -1
    outer loop
      vertex 48.8548 -36.9785 0
      vertex 49.182 -30.318 0
      vertex 49.182 -36.682 0
    endloop
  endfacet
  facet normal 0 0 -1
    outer loop
      vertex 48.5001 -37.2416 0
      vertex 49.182 -30.318 0
      vertex 48.8548 -36.9785 0
    endloop
  endfacet
  facet normal 0 0 -1
    outer loop
      vertex 48.1213 -37.4686 0
      vertex 49.182 -30.318 0
      vertex 48.5001 -37.2416 0
    endloop
  endfacet
  facet normal 0 0 -1
    outer loop
      vertex 47.7221 -37.6575 0
      vertex 49.182 -30.318 0
      vertex 48.1213 -37.4686 0
    endloop
  endfacet
  facet normal 0 0 -1
    outer loop
      vertex 47.3063 -37.8062 0
      vertex 49.182 -30.318 0
      vertex 47.7221 -37.6575 0
    endloop
  endfacet
  facet normal 0 0 -1
    outer loop
      vertex 46.8779 -37.9135 0
      vertex 49.182 -30.318 0
      vertex 47.3063 -37.8062 0
    endloop
  endfacet
  facet normal 0 0 -1
    outer loop
      vertex 46.4411 -37.9783 0
      vertex 49.182 -30.318 0
      vertex 46.8779 -37.9135 0
    endloop
  endfacet
  facet normal 0 0 -1
    outer loop
      vertex 46 -38 0
      vertex 49.182 -30.318 0
      vertex 46.4411 -37.9783 0
    endloop
  endfacet
  facet normal 0 0 -1
    outer loop
      vertex 45.5589 -37.9783 0
      vertex 49.182 -30.318 0
      vertex 46 -38 0
    endloop
  endfacet
  facet normal 0 0 -1
    outer loop
      vertex 45.1221 -37.9135 0
      vertex 49.182 -30.318 0
      vertex 45.5589 -37.9783 0
    endloop
  endfacet
  facet normal 0 0 -1
    outer loop
      vertex 44.6937 -37.8062 0
      vertex 49.182 -30.318 0
      vertex 45.1221 -37.9135 0
    endloop
  endfacet
  facet normal 0 0 -1
    outer loop
      vertex 44.2779 -37.6575 0
      vertex 49.182 -30.318 0
      vertex 44.6937 -37.8062 0
    endloop
  endfacet
  facet normal 0 0 -1
    outer loop
      vertex 43.8787 -37.4686 0
      vertex 49.182 -30.318 0
      vertex 44.2779 -37.6575 0
    endloop
  endfacet
  facet normal 0 0 -1
    outer loop
      vertex 43.4999 -37.2416 0
      vertex 49.182 -30.318 0
      vertex 43.8787 -37.4686 0
    endloop
  endfacet
  facet normal 0 0 -1
    outer loop
      vertex 43.1452 -36.9785 0
      vertex 49.182 -30.318 0
      vertex 43.4999 -37.2416 0
    endloop
  endfacet
  facet normal 0 0 -1
    outer loop
      vertex 42.818 -36.682 0
      vertex 49.182 -30.318 0
      vertex 43.1452 -36.9785 0
    endloop
  endfacet
  facet normal 0 0 -1
    outer loop
      vertex 42.818 -36.682 0
      vertex 41.5 -23.2496 0
      vertex 49.182 -30.318 0
    endloop
  endfacet
  facet normal 0 0 -1
    outer loop
      vertex 32.5 -12 0
      vertex 41.5 -23.2496 0
      vertex 35.7496 -29 0
    endloop
  endfacet
  facet normal 0 0 -1
    outer loop
      vertex 35.7496 -29 0
      vertex 41.5 -23.2496 0
      vertex 42.818 -36.682 0
    endloop
  endfacet
  facet normal 0 0 -1
    outer loop
      vertex 50.4783 33.0589 0
      vertex 50.4783 33.9411 0
      vertex 50.5 33.5 0
    endloop
  endfacet
  facet normal 0 0 -1
    outer loop
      vertex 50.4135 32.6221 0
      vertex 50.4783 33.9411 0
      vertex 50.4783 33.0589 0
    endloop
  endfacet
  facet normal 0 0 -1
    outer loop
      vertex 50.4135 32.6221 0
      vertex 50.4135 34.3779 0
      vertex 50.4783 33.9411 0
    endloop
  endfacet
  facet normal 0 0 -1
    outer loop
      vertex 50.3062 32.1937 0
      vertex 50.4135 34.3779 0
      vertex 50.4135 32.6221 0
    endloop
  endfacet
  facet normal 0 0 -1
    outer loop
      vertex 50.3062 32.1937 0
      vertex 50.3062 34.8063 0
      vertex 50.4135 34.3779 0
    endloop
  endfacet
  facet normal 0 0 -1
    outer loop
      vertex 50.1575 31.7779 0
      vertex 50.3062 34.8063 0
      vertex 50.3062 32.1937 0
    endloop
  endfacet
  facet normal 0 0 -1
    outer loop
      vertex 50.1575 31.7779 0
      vertex 50.1575 35.2221 0
      vertex 50.3062 34.8063 0
    endloop
  endfacet
  facet normal 0 0 -1
    outer loop
      vertex 49.9686 31.3787 0
      vertex 50.1575 35.2221 0
      vertex 50.1575 31.7779 0
    endloop
  endfacet
  facet normal 0 0 -1
    outer loop
      vertex 49.9686 31.3787 0
      vertex 49.9686 35.6213 0
      vertex 50.1575 35.2221 0
    endloop
  endfacet
  facet normal 0 0 -1
    outer loop
      vertex 49.7416 30.9999 0
      vertex 49.9686 35.6213 0
      vertex 49.9686 31.3787 0
    endloop
  endfacet
  facet normal 0 0 -1
    outer loop
      vertex 49.7416 30.9999 0
      vertex 49.7416 36.0001 0
      vertex 49.9686 35.6213 0
    endloop
  endfacet
  facet normal 0 0 -1
    outer loop
      vertex 49.4785 30.6452 0
      vertex 49.7416 36.0001 0
      vertex 49.7416 30.9999 0
    endloop
  endfacet
  facet normal 0 0 -1
    outer loop
      vertex 49.4785 30.6452 0
      vertex 49.4785 36.3548 0
      vertex 49.7416 36.0001 0
    endloop
  endfacet
  facet normal 0 0 -1
    outer loop
      vertex 49.182 30.318 0
      vertex 49.4785 36.3548 0
      vertex 49.4785 30.6452 0
    endloop
  endfacet
  facet normal 0 0 -1
    outer loop
      vertex 49.182 30.318 0
      vertex 49.182 36.682 0
      vertex 49.4785 36.3548 0
    endloop
  endfacet
  facet normal 0 0 -1
    outer loop
      vertex 49.182 30.318 0
      vertex 48.8548 36.9785 0
      vertex 49.182 36.682 0
    endloop
  endfacet
  facet normal 0 0 -1
    outer loop
      vertex 49.182 30.318 0
      vertex 48.5001 37.2416 0
      vertex 48.8548 36.9785 0
    endloop
  endfacet
  facet normal 0 0 -1
    outer loop
      vertex 49.182 30.318 0
      vertex 48.1213 37.4686 0
      vertex 48.5001 37.2416 0
    endloop
  endfacet
  facet normal 0 0 -1
    outer loop
      vertex 49.182 30.318 0
      vertex 47.7221 37.6575 0
      vertex 48.1213 37.4686 0
    endloop
  endfacet
  facet normal 0 0 -1
    outer loop
      vertex 49.182 30.318 0
      vertex 47.3063 37.8062 0
      vertex 47.7221 37.6575 0
    endloop
  endfacet
  facet normal 0 0 -1
    outer loop
      vertex 49.182 30.318 0
      vertex 46.8779 37.9135 0
      vertex 47.3063 37.8062 0
    endloop
  endfacet
  facet normal 0 0 -1
    outer loop
      vertex 49.182 30.318 0
      vertex 46.4411 37.9783 0
      vertex 46.8779 37.9135 0
    endloop
  endfacet
  facet normal 0 0 -1
    outer loop
      vertex 49.182 30.318 0
      vertex 46 38 0
      vertex 46.4411 37.9783 0
    endloop
  endfacet
  facet normal 0 0 -1
    outer loop
      vertex 49.182 30.318 0
      vertex 45.5589 37.9783 0
      vertex 46 38 0
    endloop
  endfacet
  facet normal 0 0 -1
    outer loop
      vertex 49.182 30.318 0
      vertex 45.1221 37.9135 0
      vertex 45.5589 37.9783 0
    endloop
  endfacet
  facet normal 0 0 -1
    outer loop
      vertex 49.182 30.318 0
      vertex 44.6937 37.8062 0
      vertex 45.1221 37.9135 0
    endloop
  endfacet
  facet normal 0 0 -1
    outer loop
      vertex 49.182 30.318 0
      vertex 44.2779 37.6575 0
      vertex 44.6937 37.8062 0
    endloop
  endfacet
  facet normal 0 0 -1
    outer loop
      vertex 49.182 30.318 0
      vertex 43.8787 37.4686 0
      vertex 44.2779 37.6575 0
    endloop
  endfacet
  facet normal 0 0 -1
    outer loop
      vertex 49.182 30.318 0
      vertex 43.4999 37.2416 0
      vertex 43.8787 37.4686 0
    endloop
  endfacet
  facet normal 0 0 -1
    outer loop
      vertex 49.182 30.318 0
      vertex 43.1452 36.9785 0
      vertex 43.4999 37.2416 0
    endloop
  endfacet
  facet normal 0 0 -1
    outer loop
      vertex 49.182 30.318 0
      vertex 42.818 36.682 0
      vertex 43.1452 36.9785 0
    endloop
  endfacet
  facet normal 0 0 -1
    outer loop
      vertex 41.5 23.2496 0
      vertex 42.818 36.682 0
      vertex 49.182 30.318 0
    endloop
  endfacet
  facet normal 0 0 -1
    outer loop
      vertex 41.5 -23.2496 0
      vertex 34.5 -12 0
      vertex 41.5 23.2496 0
    endloop
  endfacet
  facet normal 0 0 -1
    outer loop
      vertex 34.5 12 0
      vertex 41.5 23.2496 0
      vertex 34.5 -12 0
    endloop
  endfacet
  facet normal 0 0 -1
    outer loop
      vertex 32.5 12 0
      vertex 41.5 23.2496 0
      vertex 34.5 12 0
    endloop
  endfacet
  facet normal 0 0 -1
    outer loop
      vertex 41.5 -23.2496 0
      vertex 32.5 -12 0
      vertex 34.5 -12 0
    endloop
  endfacet
  facet normal 0 0 -1
    outer loop
      vertex 32.5 -12 0
      vertex -32.5 -12 0
      vertex 32.5 12 0
    endloop
  endfacet
  facet normal 0 0 -1
    outer loop
      vertex 35.7496 -29 0
      vertex -32.5 -12 0
      vertex 32.5 -12 0
    endloop
  endfacet
  facet normal 0 0 -1
    outer loop
      vertex -35.7496 -29 0
      vertex -32.5 -12 0
      vertex 35.7496 -29 0
    endloop
  endfacet
  facet normal -0 0 -1
    outer loop
      vertex -32.5 -12 0
      vertex -41.5 -23.2496 0
      vertex -34.5 -12 0
    endloop
  endfacet
  facet normal 0 0 -1
    outer loop
      vertex -41.5 -23.2496 0
      vertex -32.5 -12 0
      vertex -35.7496 -29 0
    endloop
  endfacet
  facet normal 0 0 -1
    outer loop
      vertex -32.5 12 0
      vertex -41.5 23.2496 0
      vertex -35.7496 29 0
    endloop
  endfacet
  facet normal 0 0 -1
    outer loop
      vertex -41.5 23.2496 0
      vertex -42.818 36.682 0
      vertex -35.7496 29 0
    endloop
  endfacet
  facet normal 0 0 -1
    outer loop
      vertex -49.182 30.318 0
      vertex -42.818 36.682 0
      vertex -41.5 23.2496 0
    endloop
  endfacet
  facet normal -0 0 -1
    outer loop
      vertex -42.818 36.682 0
      vertex -49.182 30.318 0
      vertex -43.1452 36.9785 0
    endloop
  endfacet
  facet normal -0 0 -1
    outer loop
      vertex -43.1452 36.9785 0
      vertex -49.182 30.318 0
      vertex -43.4999 37.2416 0
    endloop
  endfacet
  facet normal -0 0 -1
    outer loop
      vertex -43.4999 37.2416 0
      vertex -49.182 30.318 0
      vertex -43.8787 37.4686 0
    endloop
  endfacet
  facet normal -0 0 -1
    outer loop
      vertex -43.8787 37.4686 0
      vertex -49.182 30.318 0
      vertex -44.2779 37.6575 0
    endloop
  endfacet
  facet normal -0 0 -1
    outer loop
      vertex -44.2779 37.6575 0
      vertex -49.182 30.318 0
      vertex -44.6937 37.8062 0
    endloop
  endfacet
  facet normal -0 0 -1
    outer loop
      vertex -44.6937 37.8062 0
      vertex -49.182 30.318 0
      vertex -45.1221 37.9135 0
    endloop
  endfacet
  facet normal -0 0 -1
    outer loop
      vertex -45.1221 37.9135 0
      vertex -49.182 30.318 0
      vertex -45.5589 37.9783 0
    endloop
  endfacet
  facet normal -0 0 -1
    outer loop
      vertex -45.5589 37.9783 0
      vertex -49.182 30.318 0
      vertex -46 38 0
    endloop
  endfacet
  facet normal 0 0 -1
    outer loop
      vertex -46 38 0
      vertex -49.182 30.318 0
      vertex -46.4411 37.9783 0
    endloop
  endfacet
  facet normal 0 0 -1
    outer loop
      vertex -46.4411 37.9783 0
      vertex -49.182 30.318 0
      vertex -46.8779 37.9135 0
    endloop
  endfacet
  facet normal 0 0 -1
    outer loop
      vertex -46.8779 37.9135 0
      vertex -49.182 30.318 0
      vertex -47.3063 37.8062 0
    endloop
  endfacet
  facet normal 0 0 -1
    outer loop
      vertex -47.3063 37.8062 0
      vertex -49.182 30.318 0
      vertex -47.7221 37.6575 0
    endloop
  endfacet
  facet normal 0 0 -1
    outer loop
      vertex -47.7221 37.6575 0
      vertex -49.182 30.318 0
      vertex -48.1213 37.4686 0
    endloop
  endfacet
  facet normal 0 0 -1
    outer loop
      vertex -48.1213 37.4686 0
      vertex -49.182 30.318 0
      vertex -48.5001 37.2416 0
    endloop
  endfacet
  facet normal 0 0 -1
    outer loop
      vertex -48.5001 37.2416 0
      vertex -49.182 30.318 0
      vertex -48.8548 36.9785 0
    endloop
  endfacet
  facet normal 0 0 -1
    outer loop
      vertex -49.182 30.318 0
      vertex -49.182 36.682 0
      vertex -48.8548 36.9785 0
    endloop
  endfacet
  facet normal 0 0 -1
    outer loop
      vertex -49.4785 30.6452 0
      vertex -49.182 36.682 0
      vertex -49.182 30.318 0
    endloop
  endfacet
  facet normal 0 0 -1
    outer loop
      vertex -49.4785 30.6452 0
      vertex -49.4785 36.3548 0
      vertex -49.182 36.682 0
    endloop
  endfacet
  facet normal 0 0 -1
    outer loop
      vertex -49.7416 30.9999 0
      vertex -49.4785 36.3548 0
      vertex -49.4785 30.6452 0
    endloop
  endfacet
  facet normal 0 0 -1
    outer loop
      vertex -49.7416 30.9999 0
      vertex -49.7416 36.0001 0
      vertex -49.4785 36.3548 0
    endloop
  endfacet
  facet normal 0 0 -1
    outer loop
      vertex -49.9686 31.3787 0
      vertex -49.7416 36.0001 0
      vertex -49.7416 30.9999 0
    endloop
  endfacet
  facet normal 0 0 -1
    outer loop
      vertex -49.9686 31.3787 0
      vertex -49.9686 35.6213 0
      vertex -49.7416 36.0001 0
    endloop
  endfacet
  facet normal 0 0 -1
    outer loop
      vertex -50.1575 31.7779 0
      vertex -49.9686 35.6213 0
      vertex -49.9686 31.3787 0
    endloop
  endfacet
  facet normal 0 0 -1
    outer loop
      vertex -50.1575 31.7779 0
      vertex -50.1575 35.2221 0
      vertex -49.9686 35.6213 0
    endloop
  endfacet
  facet normal 0 0 -1
    outer loop
      vertex -50.3062 32.1937 0
      vertex -50.1575 35.2221 0
      vertex -50.1575 31.7779 0
    endloop
  endfacet
  facet normal 0 0 -1
    outer loop
      vertex -50.3062 32.1937 0
      vertex -50.3062 34.8063 0
      vertex -50.1575 35.2221 0
    endloop
  endfacet
  facet normal 0 0 -1
    outer loop
      vertex -50.4135 32.6221 0
      vertex -50.3062 34.8063 0
      vertex -50.3062 32.1937 0
    endloop
  endfacet
  facet normal 0 0 -1
    outer loop
      vertex -50.4135 32.6221 0
      vertex -50.4135 34.3779 0
      vertex -50.3062 34.8063 0
    endloop
  endfacet
  facet normal 0 0 -1
    outer loop
      vertex -50.4783 33.0589 0
      vertex -50.4135 34.3779 0
      vertex -50.4135 32.6221 0
    endloop
  endfacet
  facet normal 0 0 -1
    outer loop
      vertex -50.4783 33.0589 0
      vertex -50.4783 33.9411 0
      vertex -50.4135 34.3779 0
    endloop
  endfacet
  facet normal 0 -0 -1
    outer loop
      vertex -50.4783 33.9411 0
      vertex -50.4783 33.0589 0
      vertex -50.5 33.5 0
    endloop
  endfacet
  facet normal 0 0 -1
    outer loop
      vertex 41.5 23.2496 0
      vertex 35.7496 29 0
      vertex 42.818 36.682 0
    endloop
  endfacet
  facet normal -0 0 -1
    outer loop
      vertex 41.5 23.2496 0
      vertex 32.5 12 0
      vertex 35.7496 29 0
    endloop
  endfacet
  facet normal 0 0 -1
    outer loop
      vertex -32.5 12 0
      vertex 32.5 12 0
      vertex -32.5 -12 0
    endloop
  endfacet
  facet normal 0 0 -1
    outer loop
      vertex 32.5 12 0
      vertex -32.5 12 0
      vertex 35.7496 29 0
    endloop
  endfacet
  facet normal 0 0 -1
    outer loop
      vertex -41.5 23.2496 0
      vertex -32.5 12 0
      vertex -34.5 12 0
    endloop
  endfacet
  facet normal 0 0 -1
    outer loop
      vertex -32.5 12 0
      vertex -35.7496 29 0
      vertex 35.7496 29 0
    endloop
  endfacet
  facet normal -0 0 -1
    outer loop
      vertex -34.5 -12 0
      vertex -41.5 -23.2496 0
      vertex -34.5 12 0
    endloop
  endfacet
  facet normal 0 0 -1
    outer loop
      vertex -41.5 23.2496 0
      vertex -34.5 12 0
      vertex -41.5 -23.2496 0
    endloop
  endfacet
  facet normal 0 0 -1
    outer loop
      vertex -42.818 -36.682 0
      vertex -41.5 -23.2496 0
      vertex -35.7496 -29 0
    endloop
  endfacet
  facet normal 0 0 -1
    outer loop
      vertex -49.182 -30.318 0
      vertex -42.818 -36.682 0
      vertex -43.1452 -36.9785 0
    endloop
  endfacet
  facet normal 0 0 -1
    outer loop
      vertex -49.182 -30.318 0
      vertex -43.1452 -36.9785 0
      vertex -43.4999 -37.2416 0
    endloop
  endfacet
  facet normal 0 0 -1
    outer loop
      vertex -49.182 -30.318 0
      vertex -43.4999 -37.2416 0
      vertex -43.8787 -37.4686 0
    endloop
  endfacet
  facet normal 0 0 -1
    outer loop
      vertex -49.182 -30.318 0
      vertex -43.8787 -37.4686 0
      vertex -44.2779 -37.6575 0
    endloop
  endfacet
  facet normal 0 0 -1
    outer loop
      vertex -49.182 -30.318 0
      vertex -44.2779 -37.6575 0
      vertex -44.6937 -37.8062 0
    endloop
  endfacet
  facet normal 0 0 -1
    outer loop
      vertex -49.182 -30.318 0
      vertex -44.6937 -37.8062 0
      vertex -45.1221 -37.9135 0
    endloop
  endfacet
  facet normal 0 0 -1
    outer loop
      vertex -49.182 -30.318 0
      vertex -45.1221 -37.9135 0
      vertex -45.5589 -37.9783 0
    endloop
  endfacet
  facet normal 0 0 -1
    outer loop
      vertex -49.182 -30.318 0
      vertex -45.5589 -37.9783 0
      vertex -46 -38 0
    endloop
  endfacet
  facet normal 0 0 -1
    outer loop
      vertex -49.182 -30.318 0
      vertex -46 -38 0
      vertex -46.4411 -37.9783 0
    endloop
  endfacet
  facet normal 0 0 -1
    outer loop
      vertex -49.182 -30.318 0
      vertex -46.4411 -37.9783 0
      vertex -46.8779 -37.9135 0
    endloop
  endfacet
  facet normal 0 0 -1
    outer loop
      vertex -49.182 -30.318 0
      vertex -46.8779 -37.9135 0
      vertex -47.3063 -37.8062 0
    endloop
  endfacet
  facet normal 0 0 -1
    outer loop
      vertex -49.182 -30.318 0
      vertex -47.3063 -37.8062 0
      vertex -47.7221 -37.6575 0
    endloop
  endfacet
  facet normal 0 0 -1
    outer loop
      vertex -49.182 -30.318 0
      vertex -47.7221 -37.6575 0
      vertex -48.1213 -37.4686 0
    endloop
  endfacet
  facet normal 0 0 -1
    outer loop
      vertex -49.182 -30.318 0
      vertex -48.1213 -37.4686 0
      vertex -48.5001 -37.2416 0
    endloop
  endfacet
  facet normal 0 0 -1
    outer loop
      vertex -49.182 -30.318 0
      vertex -48.5001 -37.2416 0
      vertex -48.8548 -36.9785 0
    endloop
  endfacet
  facet normal 0 0 -1
    outer loop
      vertex -49.182 -30.318 0
      vertex -48.8548 -36.9785 0
      vertex -49.182 -36.682 0
    endloop
  endfacet
  facet normal 0 0 -1
    outer loop
      vertex -42.818 -36.682 0
      vertex -49.182 -30.318 0
      vertex -41.5 -23.2496 0
    endloop
  endfacet
  facet normal 0 0 -1
    outer loop
      vertex -49.4785 -36.3548 0
      vertex -49.182 -30.318 0
      vertex -49.182 -36.682 0
    endloop
  endfacet
  facet normal 0 0 -1
    outer loop
      vertex -49.4785 -36.3548 0
      vertex -49.4785 -30.6452 0
      vertex -49.182 -30.318 0
    endloop
  endfacet
  facet normal 0 0 -1
    outer loop
      vertex -49.7416 -36.0001 0
      vertex -49.4785 -30.6452 0
      vertex -49.4785 -36.3548 0
    endloop
  endfacet
  facet normal 0 0 -1
    outer loop
      vertex -49.7416 -36.0001 0
      vertex -49.7416 -30.9999 0
      vertex -49.4785 -30.6452 0
    endloop
  endfacet
  facet normal 0 0 -1
    outer loop
      vertex -49.9686 -35.6213 0
      vertex -49.7416 -30.9999 0
      vertex -49.7416 -36.0001 0
    endloop
  endfacet
  facet normal 0 0 -1
    outer loop
      vertex -49.9686 -35.6213 0
      vertex -49.9686 -31.3787 0
      vertex -49.7416 -30.9999 0
    endloop
  endfacet
  facet normal 0 0 -1
    outer loop
      vertex -50.1575 -35.2221 0
      vertex -49.9686 -31.3787 0
      vertex -49.9686 -35.6213 0
    endloop
  endfacet
  facet normal 0 0 -1
    outer loop
      vertex -50.1575 -35.2221 0
      vertex -50.1575 -31.7779 0
      vertex -49.9686 -31.3787 0
    endloop
  endfacet
  facet normal 0 0 -1
    outer loop
      vertex -50.3062 -34.8063 0
      vertex -50.1575 -31.7779 0
      vertex -50.1575 -35.2221 0
    endloop
  endfacet
  facet normal 0 0 -1
    outer loop
      vertex -50.3062 -34.8063 0
      vertex -50.3062 -32.1937 0
      vertex -50.1575 -31.7779 0
    endloop
  endfacet
  facet normal 0 0 -1
    outer loop
      vertex -50.4135 -34.3779 0
      vertex -50.3062 -32.1937 0
      vertex -50.3062 -34.8063 0
    endloop
  endfacet
  facet normal 0 0 -1
    outer loop
      vertex -50.4135 -34.3779 0
      vertex -50.4135 -32.6221 0
      vertex -50.3062 -32.1937 0
    endloop
  endfacet
  facet normal 0 0 -1
    outer loop
      vertex -50.4783 -33.9411 0
      vertex -50.4135 -32.6221 0
      vertex -50.4135 -34.3779 0
    endloop
  endfacet
  facet normal 0 0 -1
    outer loop
      vertex -50.4783 -33.9411 0
      vertex -50.4783 -33.0589 0
      vertex -50.4135 -32.6221 0
    endloop
  endfacet
  facet normal 0 -0 -1
    outer loop
      vertex -50.4783 -33.0589 0
      vertex -50.4783 -33.9411 0
      vertex -50.5 -33.5 0
    endloop
  endfacet
  facet normal -0.941598 0.336738 0
    outer loop
      vertex -50.3062 -32.1937 0
      vertex -50.1575 -31.7779 32
      vertex -50.1575 -31.7779 0
    endloop
  endfacet
  facet normal -0.941598 0.336738 0
    outer loop
      vertex -50.1575 -31.7779 32
      vertex -50.3062 -32.1937 0
      vertex -50.3062 -32.1937 32
    endloop
  endfacet
  facet normal 0.0491358 -0.998792 0
    outer loop
      vertex -46 -38 0
      vertex -45.5589 -37.9783 32
      vertex -46 -38 32
    endloop
  endfacet
  facet normal 0.0491358 -0.998792 0
    outer loop
      vertex -45.5589 -37.9783 32
      vertex -46 -38 0
      vertex -45.5589 -37.9783 0
    endloop
  endfacet
  facet normal -0.941598 -0.336738 0
    outer loop
      vertex -50.1575 -35.2221 0
      vertex -50.3062 -34.8063 32
      vertex -50.3062 -34.8063 0
    endloop
  endfacet
  facet normal -0.941598 -0.336738 0
    outer loop
      vertex -50.3062 -34.8063 32
      vertex -50.1575 -35.2221 0
      vertex -50.1575 -35.2221 32
    endloop
  endfacet
  facet normal -0.903908 -0.427726 0
    outer loop
      vertex -49.9686 -35.6213 0
      vertex -50.1575 -35.2221 32
      vertex -50.1575 -35.2221 0
    endloop
  endfacet
  facet normal -0.903908 -0.427726 0
    outer loop
      vertex -50.1575 -35.2221 32
      vertex -49.9686 -35.6213 0
      vertex -49.9686 -35.6213 32
    endloop
  endfacet
  facet normal -0.970036 -0.242962 0
    outer loop
      vertex -50.3062 32.1937 0
      vertex -50.4135 32.6221 32
      vertex -50.4135 32.6221 0
    endloop
  endfacet
  facet normal -0.970036 -0.242962 0
    outer loop
      vertex -50.4135 32.6221 32
      vertex -50.3062 32.1937 0
      vertex -50.3062 32.1937 32
    endloop
  endfacet
  facet normal -0.941598 -0.336738 0
    outer loop
      vertex -50.1575 31.7779 0
      vertex -50.3062 32.1937 32
      vertex -50.3062 32.1937 0
    endloop
  endfacet
  facet normal -0.941598 -0.336738 0
    outer loop
      vertex -50.3062 32.1937 32
      vertex -50.1575 31.7779 0
      vertex -50.1575 31.7779 32
    endloop
  endfacet
  facet normal -0.970036 0.242962 0
    outer loop
      vertex -50.4135 34.3779 0
      vertex -50.3062 34.8063 32
      vertex -50.3062 34.8063 0
    endloop
  endfacet
  facet normal -0.970036 0.242962 0
    outer loop
      vertex -50.3062 34.8063 32
      vertex -50.4135 34.3779 0
      vertex -50.4135 34.3779 32
    endloop
  endfacet
  facet normal 0.735885 0.677106 0
    outer loop
      vertex -35.7496 29 32
      vertex -42.818 36.682 0
      vertex -42.818 36.682 32
    endloop
  endfacet
  facet normal 0.735885 0.677106 0
    outer loop
      vertex -42.818 36.682 0
      vertex -35.7496 29 32
      vertex -35.7496 29 0
    endloop
  endfacet
  facet normal 0.671488 0.741015 -0
    outer loop
      vertex -42.818 36.682 0
      vertex -43.1452 36.9785 32
      vertex -42.818 36.682 32
    endloop
  endfacet
  facet normal 0.671488 0.741015 0
    outer loop
      vertex -43.1452 36.9785 32
      vertex -42.818 36.682 0
      vertex -43.1452 36.9785 0
    endloop
  endfacet
  facet normal -0.998792 -0.0491358 0
    outer loop
      vertex -50.4783 33.0589 0
      vertex -50.5 33.5 32
      vertex -50.5 33.5 0
    endloop
  endfacet
  facet normal -0.998792 -0.0491358 0
    outer loop
      vertex -50.5 33.5 32
      vertex -50.4783 33.0589 0
      vertex -50.4783 33.0589 32
    endloop
  endfacet
  facet normal -0.427726 0.903908 0
    outer loop
      vertex -47.7221 37.6575 0
      vertex -48.1213 37.4686 32
      vertex -47.7221 37.6575 32
    endloop
  endfacet
  facet normal -0.427726 0.903908 0
    outer loop
      vertex -48.1213 37.4686 32
      vertex -47.7221 37.6575 0
      vertex -48.1213 37.4686 0
    endloop
  endfacet
  facet normal 0.242962 0.970036 -0
    outer loop
      vertex -44.6937 37.8062 0
      vertex -45.1221 37.9135 32
      vertex -44.6937 37.8062 32
    endloop
  endfacet
  facet normal 0.242962 0.970036 0
    outer loop
      vertex -45.1221 37.9135 32
      vertex -44.6937 37.8062 0
      vertex -45.1221 37.9135 0
    endloop
  endfacet
  facet normal -0.741015 -0.671488 0
    outer loop
      vertex -49.182 30.318 0
      vertex -49.4785 30.6452 32
      vertex -49.4785 30.6452 0
    endloop
  endfacet
  facet normal -0.741015 -0.671488 0
    outer loop
      vertex -49.4785 30.6452 32
      vertex -49.182 30.318 0
      vertex -49.182 30.318 32
    endloop
  endfacet
  facet normal -0.803168 -0.595753 0
    outer loop
      vertex -49.4785 30.6452 0
      vertex -49.7416 30.9999 32
      vertex -49.7416 30.9999 0
    endloop
  endfacet
  facet normal -0.803168 -0.595753 0
    outer loop
      vertex -49.7416 30.9999 32
      vertex -49.4785 30.6452 0
      vertex -49.4785 30.6452 32
    endloop
  endfacet
  facet normal 0.514029 0.857773 -0
    outer loop
      vertex -43.4999 37.2416 0
      vertex -43.8787 37.4686 32
      vertex -43.4999 37.2416 32
    endloop
  endfacet
  facet normal 0.514029 0.857773 0
    outer loop
      vertex -43.8787 37.4686 32
      vertex -43.4999 37.2416 0
      vertex -43.8787 37.4686 0
    endloop
  endfacet
  facet normal 0.427726 0.903908 -0
    outer loop
      vertex -43.8787 37.4686 0
      vertex -44.2779 37.6575 32
      vertex -43.8787 37.4686 32
    endloop
  endfacet
  facet normal 0.427726 0.903908 0
    outer loop
      vertex -44.2779 37.6575 32
      vertex -43.8787 37.4686 0
      vertex -44.2779 37.6575 0
    endloop
  endfacet
  facet normal -0.903908 0.427726 0
    outer loop
      vertex -50.1575 35.2221 0
      vertex -49.9686 35.6213 32
      vertex -49.9686 35.6213 0
    endloop
  endfacet
  facet normal -0.903908 0.427726 0
    outer loop
      vertex -49.9686 35.6213 32
      vertex -50.1575 35.2221 0
      vertex -50.1575 35.2221 32
    endloop
  endfacet
  facet normal 0.595753 0.803168 -0
    outer loop
      vertex -43.1452 36.9785 0
      vertex -43.4999 37.2416 32
      vertex -43.1452 36.9785 32
    endloop
  endfacet
  facet normal 0.595753 0.803168 0
    outer loop
      vertex -43.4999 37.2416 32
      vertex -43.1452 36.9785 0
      vertex -43.4999 37.2416 0
    endloop
  endfacet
  facet normal -0.671488 0.741015 0
    outer loop
      vertex -48.8548 36.9785 0
      vertex -49.182 36.682 32
      vertex -48.8548 36.9785 32
    endloop
  endfacet
  facet normal -0.671488 0.741015 0
    outer loop
      vertex -49.182 36.682 32
      vertex -48.8548 36.9785 0
      vertex -49.182 36.682 0
    endloop
  endfacet
  facet normal -0.242962 0.970036 0
    outer loop
      vertex -46.8779 37.9135 0
      vertex -47.3063 37.8062 32
      vertex -46.8779 37.9135 32
    endloop
  endfacet
  facet normal -0.242962 0.970036 0
    outer loop
      vertex -47.3063 37.8062 32
      vertex -46.8779 37.9135 0
      vertex -47.3063 37.8062 0
    endloop
  endfacet
  facet normal -0.989174 0.146746 0
    outer loop
      vertex -50.4783 33.9411 0
      vertex -50.4135 34.3779 32
      vertex -50.4135 34.3779 0
    endloop
  endfacet
  facet normal -0.989174 0.146746 0
    outer loop
      vertex -50.4135 34.3779 32
      vertex -50.4783 33.9411 0
      vertex -50.4783 33.9411 32
    endloop
  endfacet
  facet normal -0.677106 -0.735885 0
    outer loop
      vertex -49.182 30.318 0
      vertex -41.5 23.2496 32
      vertex -49.182 30.318 32
    endloop
  endfacet
  facet normal -0.677106 -0.735885 -0
    outer loop
      vertex -41.5 23.2496 32
      vertex -49.182 30.318 0
      vertex -41.5 23.2496 0
    endloop
  endfacet
  facet normal -0.941598 0.336738 0
    outer loop
      vertex -50.3062 34.8063 0
      vertex -50.1575 35.2221 32
      vertex -50.1575 35.2221 0
    endloop
  endfacet
  facet normal -0.941598 0.336738 0
    outer loop
      vertex -50.1575 35.2221 32
      vertex -50.3062 34.8063 0
      vertex -50.3062 34.8063 32
    endloop
  endfacet
  facet normal 0.336738 0.941598 -0
    outer loop
      vertex -44.2779 37.6575 0
      vertex -44.6937 37.8062 32
      vertex -44.2779 37.6575 32
    endloop
  endfacet
  facet normal 0.336738 0.941598 0
    outer loop
      vertex -44.6937 37.8062 32
      vertex -44.2779 37.6575 0
      vertex -44.6937 37.8062 0
    endloop
  endfacet
  facet normal 0.146746 0.989174 -0
    outer loop
      vertex -45.1221 37.9135 0
      vertex -45.5589 37.9783 32
      vertex -45.1221 37.9135 32
    endloop
  endfacet
  facet normal 0.146746 0.989174 0
    outer loop
      vertex -45.5589 37.9783 32
      vertex -45.1221 37.9135 0
      vertex -45.5589 37.9783 0
    endloop
  endfacet
  facet normal -0.336738 0.941598 0
    outer loop
      vertex -47.3063 37.8062 0
      vertex -47.7221 37.6575 32
      vertex -47.3063 37.8062 32
    endloop
  endfacet
  facet normal -0.336738 0.941598 0
    outer loop
      vertex -47.7221 37.6575 32
      vertex -47.3063 37.8062 0
      vertex -47.7221 37.6575 0
    endloop
  endfacet
  facet normal -0.998792 0.0491358 0
    outer loop
      vertex -50.5 33.5 0
      vertex -50.4783 33.9411 32
      vertex -50.4783 33.9411 0
    endloop
  endfacet
  facet normal -0.998792 0.0491358 0
    outer loop
      vertex -50.4783 33.9411 32
      vertex -50.5 33.5 0
      vertex -50.5 33.5 32
    endloop
  endfacet
  facet normal -0.803168 0.595753 0
    outer loop
      vertex -49.7416 36.0001 0
      vertex -49.4785 36.3548 32
      vertex -49.4785 36.3548 0
    endloop
  endfacet
  facet normal -0.803168 0.595753 0
    outer loop
      vertex -49.4785 36.3548 32
      vertex -49.7416 36.0001 0
      vertex -49.7416 36.0001 32
    endloop
  endfacet
  facet normal -0.0491358 0.998792 0
    outer loop
      vertex -46 38 0
      vertex -46.4411 37.9783 32
      vertex -46 38 32
    endloop
  endfacet
  facet normal -0.0491358 0.998792 0
    outer loop
      vertex -46.4411 37.9783 32
      vertex -46 38 0
      vertex -46.4411 37.9783 0
    endloop
  endfacet
  facet normal -0.857773 0.514029 0
    outer loop
      vertex -49.9686 35.6213 0
      vertex -49.7416 36.0001 32
      vertex -49.7416 36.0001 0
    endloop
  endfacet
  facet normal -0.857773 0.514029 0
    outer loop
      vertex -49.7416 36.0001 32
      vertex -49.9686 35.6213 0
      vertex -49.9686 35.6213 32
    endloop
  endfacet
  facet normal -0.741015 0.671488 0
    outer loop
      vertex -49.4785 36.3548 0
      vertex -49.182 36.682 32
      vertex -49.182 36.682 0
    endloop
  endfacet
  facet normal -0.741015 0.671488 0
    outer loop
      vertex -49.182 36.682 32
      vertex -49.4785 36.3548 0
      vertex -49.4785 36.3548 32
    endloop
  endfacet
  facet normal -0.514029 0.857773 0
    outer loop
      vertex -48.1213 37.4686 0
      vertex -48.5001 37.2416 32
      vertex -48.1213 37.4686 32
    endloop
  endfacet
  facet normal -0.514029 0.857773 0
    outer loop
      vertex -48.5001 37.2416 32
      vertex -48.1213 37.4686 0
      vertex -48.5001 37.2416 0
    endloop
  endfacet
  facet normal -0.903908 -0.427726 0
    outer loop
      vertex -49.9686 31.3787 0
      vertex -50.1575 31.7779 32
      vertex -50.1575 31.7779 0
    endloop
  endfacet
  facet normal -0.903908 -0.427726 0
    outer loop
      vertex -50.1575 31.7779 32
      vertex -49.9686 31.3787 0
      vertex -49.9686 31.3787 32
    endloop
  endfacet
  facet normal -0.857773 -0.514029 0
    outer loop
      vertex -49.7416 30.9999 0
      vertex -49.9686 31.3787 32
      vertex -49.9686 31.3787 0
    endloop
  endfacet
  facet normal -0.857773 -0.514029 0
    outer loop
      vertex -49.9686 31.3787 32
      vertex -49.7416 30.9999 0
      vertex -49.7416 30.9999 32
    endloop
  endfacet
  facet normal -0.146746 0.989174 0
    outer loop
      vertex -46.4411 37.9783 0
      vertex -46.8779 37.9135 32
      vertex -46.4411 37.9783 32
    endloop
  endfacet
  facet normal -0.146746 0.989174 0
    outer loop
      vertex -46.8779 37.9135 32
      vertex -46.4411 37.9783 0
      vertex -46.8779 37.9135 0
    endloop
  endfacet
  facet normal -0.595753 0.803168 0
    outer loop
      vertex -48.5001 37.2416 0
      vertex -48.8548 36.9785 32
      vertex -48.5001 37.2416 32
    endloop
  endfacet
  facet normal -0.595753 0.803168 0
    outer loop
      vertex -48.8548 36.9785 32
      vertex -48.5001 37.2416 0
      vertex -48.8548 36.9785 0
    endloop
  endfacet
  facet normal 0.0491358 0.998792 -0
    outer loop
      vertex -45.5589 37.9783 0
      vertex -46 38 32
      vertex -45.5589 37.9783 32
    endloop
  endfacet
  facet normal 0.0491358 0.998792 0
    outer loop
      vertex -46 38 32
      vertex -45.5589 37.9783 0
      vertex -46 38 0
    endloop
  endfacet
  facet normal -0.989174 -0.146746 0
    outer loop
      vertex -50.4135 32.6221 0
      vertex -50.4783 33.0589 32
      vertex -50.4783 33.0589 0
    endloop
  endfacet
  facet normal -0.989174 -0.146746 0
    outer loop
      vertex -50.4783 33.0589 32
      vertex -50.4135 32.6221 0
      vertex -50.4135 32.6221 32
    endloop
  endfacet
  facet normal 0.0491358 -0.998792 0
    outer loop
      vertex 46 -38 0
      vertex 46.4411 -37.9783 32
      vertex 46 -38 32
    endloop
  endfacet
  facet normal 0.0491358 -0.998792 0
    outer loop
      vertex 46.4411 -37.9783 32
      vertex 46 -38 0
      vertex 46.4411 -37.9783 0
    endloop
  endfacet
  facet normal 0.741015 0.671488 0
    outer loop
      vertex 49.4785 -30.6452 32
      vertex 49.182 -30.318 0
      vertex 49.182 -30.318 32
    endloop
  endfacet
  facet normal 0.741015 0.671488 0
    outer loop
      vertex 49.182 -30.318 0
      vertex 49.4785 -30.6452 32
      vertex 49.4785 -30.6452 0
    endloop
  endfacet
  facet normal 0.427726 -0.903908 0
    outer loop
      vertex 47.7221 -37.6575 0
      vertex 48.1213 -37.4686 32
      vertex 47.7221 -37.6575 32
    endloop
  endfacet
  facet normal 0.427726 -0.903908 0
    outer loop
      vertex 48.1213 -37.4686 32
      vertex 47.7221 -37.6575 0
      vertex 48.1213 -37.4686 0
    endloop
  endfacet
  facet normal 0.998792 -0.0491358 0
    outer loop
      vertex 50.4783 -33.9411 32
      vertex 50.5 -33.5 0
      vertex 50.5 -33.5 32
    endloop
  endfacet
  facet normal 0.998792 -0.0491358 0
    outer loop
      vertex 50.5 -33.5 0
      vertex 50.4783 -33.9411 32
      vertex 50.4783 -33.9411 0
    endloop
  endfacet
  facet normal 0.677106 0.735885 -0
    outer loop
      vertex 49.182 -30.318 0
      vertex 41.5 -23.2496 32
      vertex 49.182 -30.318 32
    endloop
  endfacet
  facet normal 0.677106 0.735885 0
    outer loop
      vertex 41.5 -23.2496 32
      vertex 49.182 -30.318 0
      vertex 41.5 -23.2496 0
    endloop
  endfacet
  facet normal 0.970036 -0.242962 0
    outer loop
      vertex 50.3062 -34.8063 32
      vertex 50.4135 -34.3779 0
      vertex 50.4135 -34.3779 32
    endloop
  endfacet
  facet normal 0.970036 -0.242962 0
    outer loop
      vertex 50.4135 -34.3779 0
      vertex 50.3062 -34.8063 32
      vertex 50.3062 -34.8063 0
    endloop
  endfacet
  facet normal -0.671488 -0.741015 0
    outer loop
      vertex 42.818 -36.682 0
      vertex 43.1452 -36.9785 32
      vertex 42.818 -36.682 32
    endloop
  endfacet
  facet normal -0.671488 -0.741015 -0
    outer loop
      vertex 43.1452 -36.9785 32
      vertex 42.818 -36.682 0
      vertex 43.1452 -36.9785 0
    endloop
  endfacet
  facet normal 0.989174 0.146746 0
    outer loop
      vertex 50.4783 -33.0589 32
      vertex 50.4135 -32.6221 0
      vertex 50.4135 -32.6221 32
    endloop
  endfacet
  facet normal 0.989174 0.146746 0
    outer loop
      vertex 50.4135 -32.6221 0
      vertex 50.4783 -33.0589 32
      vertex 50.4783 -33.0589 0
    endloop
  endfacet
  facet normal 0.242962 -0.970036 0
    outer loop
      vertex 46.8779 -37.9135 0
      vertex 47.3063 -37.8062 32
      vertex 46.8779 -37.9135 32
    endloop
  endfacet
  facet normal 0.242962 -0.970036 0
    outer loop
      vertex 47.3063 -37.8062 32
      vertex 46.8779 -37.9135 0
      vertex 47.3063 -37.8062 0
    endloop
  endfacet
  facet normal -0.595753 -0.803168 0
    outer loop
      vertex 43.1452 -36.9785 0
      vertex 43.4999 -37.2416 32
      vertex 43.1452 -36.9785 32
    endloop
  endfacet
  facet normal -0.595753 -0.803168 -0
    outer loop
      vertex 43.4999 -37.2416 32
      vertex 43.1452 -36.9785 0
      vertex 43.4999 -37.2416 0
    endloop
  endfacet
  facet normal -0.427726 -0.903908 0
    outer loop
      vertex 43.8787 -37.4686 0
      vertex 44.2779 -37.6575 32
      vertex 43.8787 -37.4686 32
    endloop
  endfacet
  facet normal -0.427726 -0.903908 -0
    outer loop
      vertex 44.2779 -37.6575 32
      vertex 43.8787 -37.4686 0
      vertex 44.2779 -37.6575 0
    endloop
  endfacet
  facet normal -0.735885 -0.677106 0
    outer loop
      vertex 42.818 -36.682 0
      vertex 35.7496 -29 32
      vertex 35.7496 -29 0
    endloop
  endfacet
  facet normal -0.735885 -0.677106 0
    outer loop
      vertex 35.7496 -29 32
      vertex 42.818 -36.682 0
      vertex 42.818 -36.682 32
    endloop
  endfacet
  facet normal -0.242962 -0.970036 0
    outer loop
      vertex 44.6937 -37.8062 0
      vertex 45.1221 -37.9135 32
      vertex 44.6937 -37.8062 32
    endloop
  endfacet
  facet normal -0.242962 -0.970036 -0
    outer loop
      vertex 45.1221 -37.9135 32
      vertex 44.6937 -37.8062 0
      vertex 45.1221 -37.9135 0
    endloop
  endfacet
  facet normal 0.903908 -0.427726 0
    outer loop
      vertex 49.9686 -35.6213 32
      vertex 50.1575 -35.2221 0
      vertex 50.1575 -35.2221 32
    endloop
  endfacet
  facet normal 0.903908 -0.427726 0
    outer loop
      vertex 50.1575 -35.2221 0
      vertex 49.9686 -35.6213 32
      vertex 49.9686 -35.6213 0
    endloop
  endfacet
  facet normal 0.803168 0.595753 0
    outer loop
      vertex 49.7416 -30.9999 32
      vertex 49.4785 -30.6452 0
      vertex 49.4785 -30.6452 32
    endloop
  endfacet
  facet normal 0.803168 0.595753 0
    outer loop
      vertex 49.4785 -30.6452 0
      vertex 49.7416 -30.9999 32
      vertex 49.7416 -30.9999 0
    endloop
  endfacet
  facet normal -0.146746 -0.989174 0
    outer loop
      vertex 45.1221 -37.9135 0
      vertex 45.5589 -37.9783 32
      vertex 45.1221 -37.9135 32
    endloop
  endfacet
  facet normal -0.146746 -0.989174 -0
    outer loop
      vertex 45.5589 -37.9783 32
      vertex 45.1221 -37.9135 0
      vertex 45.5589 -37.9783 0
    endloop
  endfacet
  facet normal 0.903908 0.427726 0
    outer loop
      vertex 50.1575 -31.7779 32
      vertex 49.9686 -31.3787 0
      vertex 49.9686 -31.3787 32
    endloop
  endfacet
  facet normal 0.903908 0.427726 0
    outer loop
      vertex 49.9686 -31.3787 0
      vertex 50.1575 -31.7779 32
      vertex 50.1575 -31.7779 0
    endloop
  endfacet
  facet normal 0.514029 -0.857773 0
    outer loop
      vertex 48.1213 -37.4686 0
      vertex 48.5001 -37.2416 32
      vertex 48.1213 -37.4686 32
    endloop
  endfacet
  facet normal 0.514029 -0.857773 0
    outer loop
      vertex 48.5001 -37.2416 32
      vertex 48.1213 -37.4686 0
      vertex 48.5001 -37.2416 0
    endloop
  endfacet
  facet normal 0.857773 0.514029 0
    outer loop
      vertex 49.9686 -31.3787 32
      vertex 49.7416 -30.9999 0
      vertex 49.7416 -30.9999 32
    endloop
  endfacet
  facet normal 0.857773 0.514029 0
    outer loop
      vertex 49.7416 -30.9999 0
      vertex 49.9686 -31.3787 32
      vertex 49.9686 -31.3787 0
    endloop
  endfacet
  facet normal 0.941598 0.336738 0
    outer loop
      vertex 50.3062 -32.1937 32
      vertex 50.1575 -31.7779 0
      vertex 50.1575 -31.7779 32
    endloop
  endfacet
  facet normal 0.941598 0.336738 0
    outer loop
      vertex 50.1575 -31.7779 0
      vertex 50.3062 -32.1937 32
      vertex 50.3062 -32.1937 0
    endloop
  endfacet
  facet normal 0.336738 -0.941598 0
    outer loop
      vertex 47.3063 -37.8062 0
      vertex 47.7221 -37.6575 32
      vertex 47.3063 -37.8062 32
    endloop
  endfacet
  facet normal 0.336738 -0.941598 0
    outer loop
      vertex 47.7221 -37.6575 32
      vertex 47.3063 -37.8062 0
      vertex 47.7221 -37.6575 0
    endloop
  endfacet
  facet normal 0.998792 0.0491358 0
    outer loop
      vertex 50.5 -33.5 32
      vertex 50.4783 -33.0589 0
      vertex 50.4783 -33.0589 32
    endloop
  endfacet
  facet normal 0.998792 0.0491358 0
    outer loop
      vertex 50.4783 -33.0589 0
      vertex 50.5 -33.5 32
      vertex 50.5 -33.5 0
    endloop
  endfacet
  facet normal 0.146746 -0.989174 0
    outer loop
      vertex 46.4411 -37.9783 0
      vertex 46.8779 -37.9135 32
      vertex 46.4411 -37.9783 32
    endloop
  endfacet
  facet normal 0.146746 -0.989174 0
    outer loop
      vertex 46.8779 -37.9135 32
      vertex 46.4411 -37.9783 0
      vertex 46.8779 -37.9135 0
    endloop
  endfacet
  facet normal 0.741015 -0.671488 0
    outer loop
      vertex 49.182 -36.682 32
      vertex 49.4785 -36.3548 0
      vertex 49.4785 -36.3548 32
    endloop
  endfacet
  facet normal 0.741015 -0.671488 0
    outer loop
      vertex 49.4785 -36.3548 0
      vertex 49.182 -36.682 32
      vertex 49.182 -36.682 0
    endloop
  endfacet
  facet normal 0.970036 0.242962 0
    outer loop
      vertex 50.4135 -32.6221 32
      vertex 50.3062 -32.1937 0
      vertex 50.3062 -32.1937 32
    endloop
  endfacet
  facet normal 0.970036 0.242962 0
    outer loop
      vertex 50.3062 -32.1937 0
      vertex 50.4135 -32.6221 32
      vertex 50.4135 -32.6221 0
    endloop
  endfacet
  facet normal 0.989174 -0.146746 0
    outer loop
      vertex 50.4135 -34.3779 32
      vertex 50.4783 -33.9411 0
      vertex 50.4783 -33.9411 32
    endloop
  endfacet
  facet normal 0.989174 -0.146746 0
    outer loop
      vertex 50.4783 -33.9411 0
      vertex 50.4135 -34.3779 32
      vertex 50.4135 -34.3779 0
    endloop
  endfacet
  facet normal -0.0491358 -0.998792 0
    outer loop
      vertex 45.5589 -37.9783 0
      vertex 46 -38 32
      vertex 45.5589 -37.9783 32
    endloop
  endfacet
  facet normal -0.0491358 -0.998792 -0
    outer loop
      vertex 46 -38 32
      vertex 45.5589 -37.9783 0
      vertex 46 -38 0
    endloop
  endfacet
  facet normal 0.857773 -0.514029 0
    outer loop
      vertex 49.7416 -36.0001 32
      vertex 49.9686 -35.6213 0
      vertex 49.9686 -35.6213 32
    endloop
  endfacet
  facet normal 0.857773 -0.514029 0
    outer loop
      vertex 49.9686 -35.6213 0
      vertex 49.7416 -36.0001 32
      vertex 49.7416 -36.0001 0
    endloop
  endfacet
  facet normal 0.803168 -0.595753 0
    outer loop
      vertex 49.4785 -36.3548 32
      vertex 49.7416 -36.0001 0
      vertex 49.7416 -36.0001 32
    endloop
  endfacet
  facet normal 0.803168 -0.595753 0
    outer loop
      vertex 49.7416 -36.0001 0
      vertex 49.4785 -36.3548 32
      vertex 49.4785 -36.3548 0
    endloop
  endfacet
  facet normal -0.336738 -0.941598 0
    outer loop
      vertex 44.2779 -37.6575 0
      vertex 44.6937 -37.8062 32
      vertex 44.2779 -37.6575 32
    endloop
  endfacet
  facet normal -0.336738 -0.941598 -0
    outer loop
      vertex 44.6937 -37.8062 32
      vertex 44.2779 -37.6575 0
      vertex 44.6937 -37.8062 0
    endloop
  endfacet
  facet normal 0.941598 -0.336738 0
    outer loop
      vertex 50.1575 -35.2221 32
      vertex 50.3062 -34.8063 0
      vertex 50.3062 -34.8063 32
    endloop
  endfacet
  facet normal 0.941598 -0.336738 0
    outer loop
      vertex 50.3062 -34.8063 0
      vertex 50.1575 -35.2221 32
      vertex 50.1575 -35.2221 0
    endloop
  endfacet
  facet normal 0.671488 -0.741015 0
    outer loop
      vertex 48.8548 -36.9785 0
      vertex 49.182 -36.682 32
      vertex 48.8548 -36.9785 32
    endloop
  endfacet
  facet normal 0.671488 -0.741015 0
    outer loop
      vertex 49.182 -36.682 32
      vertex 48.8548 -36.9785 0
      vertex 49.182 -36.682 0
    endloop
  endfacet
  facet normal 0.595753 -0.803168 0
    outer loop
      vertex 48.5001 -37.2416 0
      vertex 48.8548 -36.9785 32
      vertex 48.5001 -37.2416 32
    endloop
  endfacet
  facet normal 0.595753 -0.803168 0
    outer loop
      vertex 48.8548 -36.9785 32
      vertex 48.5001 -37.2416 0
      vertex 48.8548 -36.9785 0
    endloop
  endfacet
  facet normal -0.514029 -0.857773 0
    outer loop
      vertex 43.4999 -37.2416 0
      vertex 43.8787 -37.4686 32
      vertex 43.4999 -37.2416 32
    endloop
  endfacet
  facet normal -0.514029 -0.857773 -0
    outer loop
      vertex 43.8787 -37.4686 32
      vertex 43.4999 -37.2416 0
      vertex 43.8787 -37.4686 0
    endloop
  endfacet
  facet normal 0.741015 0.671488 0
    outer loop
      vertex 49.4785 36.3548 32
      vertex 49.182 36.682 0
      vertex 49.182 36.682 32
    endloop
  endfacet
  facet normal 0.741015 0.671488 0
    outer loop
      vertex 49.182 36.682 0
      vertex 49.4785 36.3548 32
      vertex 49.4785 36.3548 0
    endloop
  endfacet
  facet normal -0.427726 0.903908 0
    outer loop
      vertex 44.2779 37.6575 0
      vertex 43.8787 37.4686 32
      vertex 44.2779 37.6575 32
    endloop
  endfacet
  facet normal -0.427726 0.903908 0
    outer loop
      vertex 43.8787 37.4686 32
      vertex 44.2779 37.6575 0
      vertex 43.8787 37.4686 0
    endloop
  endfacet
  facet normal -0.242962 0.970036 0
    outer loop
      vertex 45.1221 37.9135 0
      vertex 44.6937 37.8062 32
      vertex 45.1221 37.9135 32
    endloop
  endfacet
  facet normal -0.242962 0.970036 0
    outer loop
      vertex 44.6937 37.8062 32
      vertex 45.1221 37.9135 0
      vertex 44.6937 37.8062 0
    endloop
  endfacet
  facet normal 0.677106 -0.735885 0
    outer loop
      vertex 41.5 23.2496 0
      vertex 49.182 30.318 32
      vertex 41.5 23.2496 32
    endloop
  endfacet
  facet normal 0.677106 -0.735885 0
    outer loop
      vertex 49.182 30.318 32
      vertex 41.5 23.2496 0
      vertex 49.182 30.318 0
    endloop
  endfacet
  facet normal -0.514029 0.857773 0
    outer loop
      vertex 43.8787 37.4686 0
      vertex 43.4999 37.2416 32
      vertex 43.8787 37.4686 32
    endloop
  endfacet
  facet normal -0.514029 0.857773 0
    outer loop
      vertex 43.4999 37.2416 32
      vertex 43.8787 37.4686 0
      vertex 43.4999 37.2416 0
    endloop
  endfacet
  facet normal 0.989174 0.146746 0
    outer loop
      vertex 50.4783 33.9411 32
      vertex 50.4135 34.3779 0
      vertex 50.4135 34.3779 32
    endloop
  endfacet
  facet normal 0.989174 0.146746 0
    outer loop
      vertex 50.4135 34.3779 0
      vertex 50.4783 33.9411 32
      vertex 50.4783 33.9411 0
    endloop
  endfacet
  facet normal 0.242962 0.970036 -0
    outer loop
      vertex 47.3063 37.8062 0
      vertex 46.8779 37.9135 32
      vertex 47.3063 37.8062 32
    endloop
  endfacet
  facet normal 0.242962 0.970036 0
    outer loop
      vertex 46.8779 37.9135 32
      vertex 47.3063 37.8062 0
      vertex 46.8779 37.9135 0
    endloop
  endfacet
  facet normal 0.970036 -0.242962 0
    outer loop
      vertex 50.3062 32.1937 32
      vertex 50.4135 32.6221 0
      vertex 50.4135 32.6221 32
    endloop
  endfacet
  facet normal 0.970036 -0.242962 0
    outer loop
      vertex 50.4135 32.6221 0
      vertex 50.3062 32.1937 32
      vertex 50.3062 32.1937 0
    endloop
  endfacet
  facet normal -0.595753 0.803168 0
    outer loop
      vertex 43.4999 37.2416 0
      vertex 43.1452 36.9785 32
      vertex 43.4999 37.2416 32
    endloop
  endfacet
  facet normal -0.595753 0.803168 0
    outer loop
      vertex 43.1452 36.9785 32
      vertex 43.4999 37.2416 0
      vertex 43.1452 36.9785 0
    endloop
  endfacet
  facet normal -0.735885 0.677106 0
    outer loop
      vertex 35.7496 29 0
      vertex 42.818 36.682 32
      vertex 42.818 36.682 0
    endloop
  endfacet
  facet normal -0.735885 0.677106 0
    outer loop
      vertex 42.818 36.682 32
      vertex 35.7496 29 0
      vertex 35.7496 29 32
    endloop
  endfacet
  facet normal -0.146746 0.989174 0
    outer loop
      vertex 45.5589 37.9783 0
      vertex 45.1221 37.9135 32
      vertex 45.5589 37.9783 32
    endloop
  endfacet
  facet normal -0.146746 0.989174 0
    outer loop
      vertex 45.1221 37.9135 32
      vertex 45.5589 37.9783 0
      vertex 45.1221 37.9135 0
    endloop
  endfacet
  facet normal 0.671488 0.741015 -0
    outer loop
      vertex 49.182 36.682 0
      vertex 48.8548 36.9785 32
      vertex 49.182 36.682 32
    endloop
  endfacet
  facet normal 0.671488 0.741015 0
    outer loop
      vertex 48.8548 36.9785 32
      vertex 49.182 36.682 0
      vertex 48.8548 36.9785 0
    endloop
  endfacet
  facet normal 0.857773 0.514029 0
    outer loop
      vertex 49.9686 35.6213 32
      vertex 49.7416 36.0001 0
      vertex 49.7416 36.0001 32
    endloop
  endfacet
  facet normal 0.857773 0.514029 0
    outer loop
      vertex 49.7416 36.0001 0
      vertex 49.9686 35.6213 32
      vertex 49.9686 35.6213 0
    endloop
  endfacet
  facet normal 0.998792 -0.0491358 0
    outer loop
      vertex 50.4783 33.0589 32
      vertex 50.5 33.5 0
      vertex 50.5 33.5 32
    endloop
  endfacet
  facet normal 0.998792 -0.0491358 0
    outer loop
      vertex 50.5 33.5 0
      vertex 50.4783 33.0589 32
      vertex 50.4783 33.0589 0
    endloop
  endfacet
  facet normal -0.671488 0.741015 0
    outer loop
      vertex 43.1452 36.9785 0
      vertex 42.818 36.682 32
      vertex 43.1452 36.9785 32
    endloop
  endfacet
  facet normal -0.671488 0.741015 0
    outer loop
      vertex 42.818 36.682 32
      vertex 43.1452 36.9785 0
      vertex 42.818 36.682 0
    endloop
  endfacet
  facet normal -0.0491358 0.998792 0
    outer loop
      vertex 46 38 0
      vertex 45.5589 37.9783 32
      vertex 46 38 32
    endloop
  endfacet
  facet normal -0.0491358 0.998792 0
    outer loop
      vertex 45.5589 37.9783 32
      vertex 46 38 0
      vertex 45.5589 37.9783 0
    endloop
  endfacet
  facet normal 0.146746 0.989174 -0
    outer loop
      vertex 46.8779 37.9135 0
      vertex 46.4411 37.9783 32
      vertex 46.8779 37.9135 32
    endloop
  endfacet
  facet normal 0.146746 0.989174 0
    outer loop
      vertex 46.4411 37.9783 32
      vertex 46.8779 37.9135 0
      vertex 46.4411 37.9783 0
    endloop
  endfacet
  facet normal 0.803168 0.595753 0
    outer loop
      vertex 49.7416 36.0001 32
      vertex 49.4785 36.3548 0
      vertex 49.4785 36.3548 32
    endloop
  endfacet
  facet normal 0.803168 0.595753 0
    outer loop
      vertex 49.4785 36.3548 0
      vertex 49.7416 36.0001 32
      vertex 49.7416 36.0001 0
    endloop
  endfacet
  facet normal 0.857773 -0.514029 0
    outer loop
      vertex 49.7416 30.9999 32
      vertex 49.9686 31.3787 0
      vertex 49.9686 31.3787 32
    endloop
  endfacet
  facet normal 0.857773 -0.514029 0
    outer loop
      vertex 49.9686 31.3787 0
      vertex 49.7416 30.9999 32
      vertex 49.7416 30.9999 0
    endloop
  endfacet
  facet normal 0.803168 -0.595753 0
    outer loop
      vertex 49.4785 30.6452 32
      vertex 49.7416 30.9999 0
      vertex 49.7416 30.9999 32
    endloop
  endfacet
  facet normal 0.803168 -0.595753 0
    outer loop
      vertex 49.7416 30.9999 0
      vertex 49.4785 30.6452 32
      vertex 49.4785 30.6452 0
    endloop
  endfacet
  facet normal 0.998792 0.0491358 0
    outer loop
      vertex 50.5 33.5 32
      vertex 50.4783 33.9411 0
      vertex 50.4783 33.9411 32
    endloop
  endfacet
  facet normal 0.998792 0.0491358 0
    outer loop
      vertex 50.4783 33.9411 0
      vertex 50.5 33.5 32
      vertex 50.5 33.5 0
    endloop
  endfacet
  facet normal 0.427726 0.903908 -0
    outer loop
      vertex 48.1213 37.4686 0
      vertex 47.7221 37.6575 32
      vertex 48.1213 37.4686 32
    endloop
  endfacet
  facet normal 0.427726 0.903908 0
    outer loop
      vertex 47.7221 37.6575 32
      vertex 48.1213 37.4686 0
      vertex 47.7221 37.6575 0
    endloop
  endfacet
  facet normal 0.514029 0.857773 -0
    outer loop
      vertex 48.5001 37.2416 0
      vertex 48.1213 37.4686 32
      vertex 48.5001 37.2416 32
    endloop
  endfacet
  facet normal 0.514029 0.857773 0
    outer loop
      vertex 48.1213 37.4686 32
      vertex 48.5001 37.2416 0
      vertex 48.1213 37.4686 0
    endloop
  endfacet
  facet normal 0.941598 0.336738 0
    outer loop
      vertex 50.3062 34.8063 32
      vertex 50.1575 35.2221 0
      vertex 50.1575 35.2221 32
    endloop
  endfacet
  facet normal 0.941598 0.336738 0
    outer loop
      vertex 50.1575 35.2221 0
      vertex 50.3062 34.8063 32
      vertex 50.3062 34.8063 0
    endloop
  endfacet
  facet normal -0.336738 0.941598 0
    outer loop
      vertex 44.6937 37.8062 0
      vertex 44.2779 37.6575 32
      vertex 44.6937 37.8062 32
    endloop
  endfacet
  facet normal -0.336738 0.941598 0
    outer loop
      vertex 44.2779 37.6575 32
      vertex 44.6937 37.8062 0
      vertex 44.2779 37.6575 0
    endloop
  endfacet
  facet normal 0.0491358 0.998792 -0
    outer loop
      vertex 46.4411 37.9783 0
      vertex 46 38 32
      vertex 46.4411 37.9783 32
    endloop
  endfacet
  facet normal 0.0491358 0.998792 0
    outer loop
      vertex 46 38 32
      vertex 46.4411 37.9783 0
      vertex 46 38 0
    endloop
  endfacet
  facet normal 0.989174 -0.146746 0
    outer loop
      vertex 50.4135 32.6221 32
      vertex 50.4783 33.0589 0
      vertex 50.4783 33.0589 32
    endloop
  endfacet
  facet normal 0.989174 -0.146746 0
    outer loop
      vertex 50.4783 33.0589 0
      vertex 50.4135 32.6221 32
      vertex 50.4135 32.6221 0
    endloop
  endfacet
  facet normal 0.741015 -0.671488 0
    outer loop
      vertex 49.182 30.318 32
      vertex 49.4785 30.6452 0
      vertex 49.4785 30.6452 32
    endloop
  endfacet
  facet normal 0.741015 -0.671488 0
    outer loop
      vertex 49.4785 30.6452 0
      vertex 49.182 30.318 32
      vertex 49.182 30.318 0
    endloop
  endfacet
  facet normal 0.595753 0.803168 -0
    outer loop
      vertex 48.8548 36.9785 0
      vertex 48.5001 37.2416 32
      vertex 48.8548 36.9785 32
    endloop
  endfacet
  facet normal 0.595753 0.803168 0
    outer loop
      vertex 48.5001 37.2416 32
      vertex 48.8548 36.9785 0
      vertex 48.5001 37.2416 0
    endloop
  endfacet
  facet normal 0.336738 0.941598 -0
    outer loop
      vertex 47.7221 37.6575 0
      vertex 47.3063 37.8062 32
      vertex 47.7221 37.6575 32
    endloop
  endfacet
  facet normal 0.336738 0.941598 0
    outer loop
      vertex 47.3063 37.8062 32
      vertex 47.7221 37.6575 0
      vertex 47.3063 37.8062 0
    endloop
  endfacet
  facet normal 0.941598 -0.336738 0
    outer loop
      vertex 50.1575 31.7779 32
      vertex 50.3062 32.1937 0
      vertex 50.3062 32.1937 32
    endloop
  endfacet
  facet normal 0.941598 -0.336738 0
    outer loop
      vertex 50.3062 32.1937 0
      vertex 50.1575 31.7779 32
      vertex 50.1575 31.7779 0
    endloop
  endfacet
  facet normal 0.903908 -0.427726 0
    outer loop
      vertex 49.9686 31.3787 32
      vertex 50.1575 31.7779 0
      vertex 50.1575 31.7779 32
    endloop
  endfacet
  facet normal 0.903908 -0.427726 0
    outer loop
      vertex 50.1575 31.7779 0
      vertex 49.9686 31.3787 32
      vertex 49.9686 31.3787 0
    endloop
  endfacet
  facet normal 0.970036 0.242962 0
    outer loop
      vertex 50.4135 34.3779 32
      vertex 50.3062 34.8063 0
      vertex 50.3062 34.8063 32
    endloop
  endfacet
  facet normal 0.970036 0.242962 0
    outer loop
      vertex 50.3062 34.8063 0
      vertex 50.4135 34.3779 32
      vertex 50.4135 34.3779 0
    endloop
  endfacet
  facet normal 0.903908 0.427726 0
    outer loop
      vertex 50.1575 35.2221 32
      vertex 49.9686 35.6213 0
      vertex 49.9686 35.6213 32
    endloop
  endfacet
  facet normal 0.903908 0.427726 0
    outer loop
      vertex 49.9686 35.6213 0
      vertex 50.1575 35.2221 32
      vertex 50.1575 35.2221 0
    endloop
  endfacet
  facet normal 0 1 -0
    outer loop
      vertex 35.7496 29 0
      vertex -35.7496 29 32
      vertex 35.7496 29 32
    endloop
  endfacet
  facet normal 0 1 0
    outer loop
      vertex -35.7496 29 32
      vertex 35.7496 29 0
      vertex -35.7496 29 0
    endloop
  endfacet
  facet normal -1 0 0
    outer loop
      vertex -41.5 -23.2496 0
      vertex -41.5 23.2496 32
      vertex -41.5 23.2496 0
    endloop
  endfacet
  facet normal -1 -0 0
    outer loop
      vertex -41.5 23.2496 32
      vertex -41.5 -23.2496 0
      vertex -41.5 -23.2496 32
    endloop
  endfacet
  facet normal 0 -1 0
    outer loop
      vertex -35.7496 -29 0
      vertex 35.7496 -29 32
      vertex -35.7496 -29 32
    endloop
  endfacet
  facet normal 0 -1 -0
    outer loop
      vertex 35.7496 -29 32
      vertex -35.7496 -29 0
      vertex 35.7496 -29 0
    endloop
  endfacet
  facet normal 1 -0 0
    outer loop
      vertex 41.5 -23.2496 32
      vertex 41.5 23.2496 0
      vertex 41.5 23.2496 32
    endloop
  endfacet
  facet normal 1 0 0
    outer loop
      vertex 41.5 23.2496 0
      vertex 41.5 -23.2496 32
      vertex 41.5 -23.2496 0
    endloop
  endfacet
  facet normal 1 -0 0
    outer loop
      vertex -40 -23.5 32
      vertex -40 23.5 30.2
      vertex -40 23.5 32
    endloop
  endfacet
  facet normal 1 0 0
    outer loop
      vertex -40 23.5 30.2
      vertex -40 -23.5 32
      vertex -40 -23.5 30.2
    endloop
  endfacet
  facet normal -1 0 0
    outer loop
      vertex 40 -23.5 30.2
      vertex 40 23.5 32
      vertex 40 23.5 30.2
    endloop
  endfacet
  facet normal -1 -0 0
    outer loop
      vertex 40 23.5 32
      vertex 40 -23.5 30.2
      vertex 40 -23.5 32
    endloop
  endfacet
  facet normal 0.9415 0.337014 0
    outer loop
      vertex -39.6955 -25.0307 32
      vertex -39.8278 -24.6611 30.2
      vertex -39.8278 -24.6611 32
    endloop
  endfacet
  facet normal 0.9415 0.337014 0
    outer loop
      vertex -39.8278 -24.6611 30.2
      vertex -39.6955 -25.0307 32
      vertex -39.6955 -25.0307 30.2
    endloop
  endfacet
  facet normal 0.671607 0.740908 -0
    outer loop
      vertex -38.5376 -26.592 30.2
      vertex -38.8284 -26.3284 32
      vertex -38.5376 -26.592 32
    endloop
  endfacet
  facet normal 0.671607 0.740908 0
    outer loop
      vertex -38.8284 -26.3284 32
      vertex -38.5376 -26.592 30.2
      vertex -38.8284 -26.3284 30.2
    endloop
  endfacet
  facet normal 0.989176 -0.146733 0
    outer loop
      vertex -39.9807 23.8921 32
      vertex -39.9231 24.2804 30.2
      vertex -39.9231 24.2804 32
    endloop
  endfacet
  facet normal 0.989176 -0.146733 0
    outer loop
      vertex -39.9231 24.2804 30.2
      vertex -39.9807 23.8921 32
      vertex -39.9807 23.8921 30.2
    endloop
  endfacet
  facet normal -0.595794 -0.803137 0
    outer loop
      vertex 38.2223 26.8259 30.2
      vertex 38.5376 26.592 32
      vertex 38.2223 26.8259 32
    endloop
  endfacet
  facet normal -0.595794 -0.803137 -0
    outer loop
      vertex 38.5376 26.592 32
      vertex 38.2223 26.8259 30.2
      vertex 38.5376 26.592 30.2
    endloop
  endfacet
  facet normal -0.998791 0.0491626 0
    outer loop
      vertex 39.9807 -23.8921 30.2
      vertex 40 -23.5 32
      vertex 40 -23.5 30.2
    endloop
  endfacet
  facet normal -0.998791 0.0491626 0
    outer loop
      vertex 40 -23.5 32
      vertex 39.9807 -23.8921 30.2
      vertex 39.9807 -23.8921 32
    endloop
  endfacet
  facet normal 0.514084 0.85774 -0
    outer loop
      vertex -37.8856 -27.0277 30.2
      vertex -38.2223 -26.8259 32
      vertex -37.8856 -27.0277 32
    endloop
  endfacet
  facet normal 0.514084 0.85774 0
    outer loop
      vertex -38.2223 -26.8259 32
      vertex -37.8856 -27.0277 30.2
      vertex -38.2223 -26.8259 30.2
    endloop
  endfacet
  facet normal -0.740908 -0.671607 0
    outer loop
      vertex 39.092 26.0376 30.2
      vertex 38.8284 26.3284 32
      vertex 38.8284 26.3284 30.2
    endloop
  endfacet
  facet normal -0.740908 -0.671607 0
    outer loop
      vertex 38.8284 26.3284 32
      vertex 39.092 26.0376 30.2
      vertex 39.092 26.0376 32
    endloop
  endfacet
  facet normal 0 -1 0
    outer loop
      vertex -36 27.5 30.2
      vertex 36 27.5 32
      vertex -36 27.5 32
    endloop
  endfacet
  facet normal 0 -1 -0
    outer loop
      vertex 36 27.5 32
      vertex -36 27.5 30.2
      vertex 36 27.5 30.2
    endloop
  endfacet
  facet normal 0 1 -0
    outer loop
      vertex 36 -27.5 30.2
      vertex -36 -27.5 32
      vertex 36 -27.5 32
    endloop
  endfacet
  facet normal 0 1 0
    outer loop
      vertex -36 -27.5 32
      vertex 36 -27.5 30.2
      vertex -36 -27.5 30.2
    endloop
  endfacet
  facet normal -0.671607 -0.740908 0
    outer loop
      vertex 38.5376 26.592 30.2
      vertex 38.8284 26.3284 32
      vertex 38.5376 26.592 32
    endloop
  endfacet
  facet normal -0.671607 -0.740908 -0
    outer loop
      vertex 38.8284 26.3284 32
      vertex 38.5376 26.592 30.2
      vertex 38.8284 26.3284 30.2
    endloop
  endfacet
  facet normal 0.904044 0.42744 0
    outer loop
      vertex -39.5277 -25.3856 32
      vertex -39.6955 -25.0307 30.2
      vertex -39.6955 -25.0307 32
    endloop
  endfacet
  facet normal 0.904044 0.42744 0
    outer loop
      vertex -39.6955 -25.0307 30.2
      vertex -39.5277 -25.3856 32
      vertex -39.5277 -25.3856 30.2
    endloop
  endfacet
  facet normal 0.998791 0.0491626 0
    outer loop
      vertex -39.9807 -23.8921 32
      vertex -40 -23.5 30.2
      vertex -40 -23.5 32
    endloop
  endfacet
  facet normal 0.998791 0.0491626 0
    outer loop
      vertex -40 -23.5 30.2
      vertex -39.9807 -23.8921 32
      vertex -39.9807 -23.8921 30.2
    endloop
  endfacet
  facet normal -0.42744 -0.904044 0
    outer loop
      vertex 37.5307 27.1955 30.2
      vertex 37.8856 27.0277 32
      vertex 37.5307 27.1955 32
    endloop
  endfacet
  facet normal -0.42744 -0.904044 -0
    outer loop
      vertex 37.8856 27.0277 32
      vertex 37.5307 27.1955 30.2
      vertex 37.8856 27.0277 30.2
    endloop
  endfacet
  facet normal 0.242835 0.970068 -0
    outer loop
      vertex -36.7804 -27.4231 30.2
      vertex -37.1611 -27.3278 32
      vertex -36.7804 -27.4231 32
    endloop
  endfacet
  facet normal 0.242835 0.970068 0
    outer loop
      vertex -37.1611 -27.3278 32
      vertex -36.7804 -27.4231 30.2
      vertex -37.1611 -27.3278 30.2
    endloop
  endfacet
  facet normal -0.803137 0.595794 0
    outer loop
      vertex 39.092 -26.0376 30.2
      vertex 39.3259 -25.7223 32
      vertex 39.3259 -25.7223 30.2
    endloop
  endfacet
  facet normal -0.803137 0.595794 0
    outer loop
      vertex 39.3259 -25.7223 32
      vertex 39.092 -26.0376 30.2
      vertex 39.092 -26.0376 32
    endloop
  endfacet
  facet normal -0.595794 0.803137 0
    outer loop
      vertex 38.5376 -26.592 30.2
      vertex 38.2223 -26.8259 32
      vertex 38.5376 -26.592 32
    endloop
  endfacet
  facet normal -0.595794 0.803137 0
    outer loop
      vertex 38.2223 -26.8259 32
      vertex 38.5376 -26.592 30.2
      vertex 38.2223 -26.8259 30.2
    endloop
  endfacet
  facet normal 0.9415 -0.337014 0
    outer loop
      vertex -39.8278 24.6611 32
      vertex -39.6955 25.0307 30.2
      vertex -39.6955 25.0307 32
    endloop
  endfacet
  facet normal 0.9415 -0.337014 0
    outer loop
      vertex -39.6955 25.0307 30.2
      vertex -39.8278 24.6611 32
      vertex -39.8278 24.6611 30.2
    endloop
  endfacet
  facet normal -0.970068 0.242835 0
    outer loop
      vertex 39.8278 -24.6611 30.2
      vertex 39.9231 -24.2804 32
      vertex 39.9231 -24.2804 30.2
    endloop
  endfacet
  facet normal -0.970068 0.242835 0
    outer loop
      vertex 39.9231 -24.2804 32
      vertex 39.8278 -24.6611 30.2
      vertex 39.8278 -24.6611 32
    endloop
  endfacet
  facet normal 0.146733 -0.989176 0
    outer loop
      vertex -36.7804 27.4231 30.2
      vertex -36.3921 27.4807 32
      vertex -36.7804 27.4231 32
    endloop
  endfacet
  facet normal 0.146733 -0.989176 0
    outer loop
      vertex -36.3921 27.4807 32
      vertex -36.7804 27.4231 30.2
      vertex -36.3921 27.4807 30.2
    endloop
  endfacet
  facet normal -0.337014 0.9415 0
    outer loop
      vertex 37.5307 -27.1955 30.2
      vertex 37.1611 -27.3278 32
      vertex 37.5307 -27.1955 32
    endloop
  endfacet
  facet normal -0.337014 0.9415 0
    outer loop
      vertex 37.1611 -27.3278 32
      vertex 37.5307 -27.1955 30.2
      vertex 37.1611 -27.3278 30.2
    endloop
  endfacet
  facet normal -0.803137 -0.595794 0
    outer loop
      vertex 39.3259 25.7223 30.2
      vertex 39.092 26.0376 32
      vertex 39.092 26.0376 30.2
    endloop
  endfacet
  facet normal -0.803137 -0.595794 0
    outer loop
      vertex 39.092 26.0376 32
      vertex 39.3259 25.7223 30.2
      vertex 39.3259 25.7223 32
    endloop
  endfacet
  facet normal 0.740908 0.671607 0
    outer loop
      vertex -38.8284 -26.3284 32
      vertex -39.092 -26.0376 30.2
      vertex -39.092 -26.0376 32
    endloop
  endfacet
  facet normal 0.740908 0.671607 0
    outer loop
      vertex -39.092 -26.0376 30.2
      vertex -38.8284 -26.3284 32
      vertex -38.8284 -26.3284 30.2
    endloop
  endfacet
  facet normal -0.904044 0.42744 0
    outer loop
      vertex 39.5277 -25.3856 30.2
      vertex 39.6955 -25.0307 32
      vertex 39.6955 -25.0307 30.2
    endloop
  endfacet
  facet normal -0.904044 0.42744 0
    outer loop
      vertex 39.6955 -25.0307 32
      vertex 39.5277 -25.3856 30.2
      vertex 39.5277 -25.3856 32
    endloop
  endfacet
  facet normal 0.146733 0.989176 -0
    outer loop
      vertex -36.3921 -27.4807 30.2
      vertex -36.7804 -27.4231 32
      vertex -36.3921 -27.4807 32
    endloop
  endfacet
  facet normal 0.146733 0.989176 0
    outer loop
      vertex -36.7804 -27.4231 32
      vertex -36.3921 -27.4807 30.2
      vertex -36.7804 -27.4231 30.2
    endloop
  endfacet
  facet normal 0.85774 -0.514084 0
    outer loop
      vertex -39.5277 25.3856 32
      vertex -39.3259 25.7223 30.2
      vertex -39.3259 25.7223 32
    endloop
  endfacet
  facet normal 0.85774 -0.514084 0
    outer loop
      vertex -39.3259 25.7223 30.2
      vertex -39.5277 25.3856 32
      vertex -39.5277 25.3856 30.2
    endloop
  endfacet
  facet normal 0.337014 0.9415 -0
    outer loop
      vertex -37.1611 -27.3278 30.2
      vertex -37.5307 -27.1955 32
      vertex -37.1611 -27.3278 32
    endloop
  endfacet
  facet normal 0.337014 0.9415 0
    outer loop
      vertex -37.5307 -27.1955 32
      vertex -37.1611 -27.3278 30.2
      vertex -37.5307 -27.1955 30.2
    endloop
  endfacet
  facet normal -0.337014 -0.9415 0
    outer loop
      vertex 37.1611 27.3278 30.2
      vertex 37.5307 27.1955 32
      vertex 37.1611 27.3278 32
    endloop
  endfacet
  facet normal -0.337014 -0.9415 -0
    outer loop
      vertex 37.5307 27.1955 32
      vertex 37.1611 27.3278 30.2
      vertex 37.5307 27.1955 30.2
    endloop
  endfacet
  facet normal -0.970068 -0.242835 0
    outer loop
      vertex 39.9231 24.2804 30.2
      vertex 39.8278 24.6611 32
      vertex 39.8278 24.6611 30.2
    endloop
  endfacet
  facet normal -0.970068 -0.242835 0
    outer loop
      vertex 39.8278 24.6611 32
      vertex 39.9231 24.2804 30.2
      vertex 39.9231 24.2804 32
    endloop
  endfacet
  facet normal -0.671607 0.740908 0
    outer loop
      vertex 38.8284 -26.3284 30.2
      vertex 38.5376 -26.592 32
      vertex 38.8284 -26.3284 32
    endloop
  endfacet
  facet normal -0.671607 0.740908 0
    outer loop
      vertex 38.5376 -26.592 32
      vertex 38.8284 -26.3284 30.2
      vertex 38.5376 -26.592 30.2
    endloop
  endfacet
  facet normal -0.989176 -0.146733 0
    outer loop
      vertex 39.9807 23.8921 30.2
      vertex 39.9231 24.2804 32
      vertex 39.9231 24.2804 30.2
    endloop
  endfacet
  facet normal -0.989176 -0.146733 0
    outer loop
      vertex 39.9231 24.2804 32
      vertex 39.9807 23.8921 30.2
      vertex 39.9807 23.8921 32
    endloop
  endfacet
  facet normal 0.595794 -0.803137 0
    outer loop
      vertex -38.5376 26.592 30.2
      vertex -38.2223 26.8259 32
      vertex -38.5376 26.592 32
    endloop
  endfacet
  facet normal 0.595794 -0.803137 0
    outer loop
      vertex -38.2223 26.8259 32
      vertex -38.5376 26.592 30.2
      vertex -38.2223 26.8259 30.2
    endloop
  endfacet
  facet normal -0.85774 0.514084 0
    outer loop
      vertex 39.3259 -25.7223 30.2
      vertex 39.5277 -25.3856 32
      vertex 39.5277 -25.3856 30.2
    endloop
  endfacet
  facet normal -0.85774 0.514084 0
    outer loop
      vertex 39.5277 -25.3856 32
      vertex 39.3259 -25.7223 30.2
      vertex 39.3259 -25.7223 32
    endloop
  endfacet
  facet normal 0.803137 -0.595794 0
    outer loop
      vertex -39.3259 25.7223 32
      vertex -39.092 26.0376 30.2
      vertex -39.092 26.0376 32
    endloop
  endfacet
  facet normal 0.803137 -0.595794 0
    outer loop
      vertex -39.092 26.0376 30.2
      vertex -39.3259 25.7223 32
      vertex -39.3259 25.7223 30.2
    endloop
  endfacet
  facet normal -0.242835 -0.970068 0
    outer loop
      vertex 36.7804 27.4231 30.2
      vertex 37.1611 27.3278 32
      vertex 36.7804 27.4231 32
    endloop
  endfacet
  facet normal -0.242835 -0.970068 -0
    outer loop
      vertex 37.1611 27.3278 32
      vertex 36.7804 27.4231 30.2
      vertex 37.1611 27.3278 30.2
    endloop
  endfacet
  facet normal -0.0491626 0.998791 0
    outer loop
      vertex 36.3921 -27.4807 30.2
      vertex 36 -27.5 32
      vertex 36.3921 -27.4807 32
    endloop
  endfacet
  facet normal -0.0491626 0.998791 0
    outer loop
      vertex 36 -27.5 32
      vertex 36.3921 -27.4807 30.2
      vertex 36 -27.5 30.2
    endloop
  endfacet
  facet normal -0.989176 0.146733 0
    outer loop
      vertex 39.9231 -24.2804 30.2
      vertex 39.9807 -23.8921 32
      vertex 39.9807 -23.8921 30.2
    endloop
  endfacet
  facet normal -0.989176 0.146733 0
    outer loop
      vertex 39.9807 -23.8921 32
      vertex 39.9231 -24.2804 30.2
      vertex 39.9231 -24.2804 32
    endloop
  endfacet
  facet normal -0.514084 -0.85774 0
    outer loop
      vertex 37.8856 27.0277 30.2
      vertex 38.2223 26.8259 32
      vertex 37.8856 27.0277 32
    endloop
  endfacet
  facet normal -0.514084 -0.85774 -0
    outer loop
      vertex 38.2223 26.8259 32
      vertex 37.8856 27.0277 30.2
      vertex 38.2223 26.8259 30.2
    endloop
  endfacet
  facet normal 0.998791 -0.0491626 0
    outer loop
      vertex -40 23.5 32
      vertex -39.9807 23.8921 30.2
      vertex -39.9807 23.8921 32
    endloop
  endfacet
  facet normal 0.998791 -0.0491626 0
    outer loop
      vertex -39.9807 23.8921 30.2
      vertex -40 23.5 32
      vertex -40 23.5 30.2
    endloop
  endfacet
  facet normal -0.9415 0.337014 0
    outer loop
      vertex 39.6955 -25.0307 30.2
      vertex 39.8278 -24.6611 32
      vertex 39.8278 -24.6611 30.2
    endloop
  endfacet
  facet normal -0.9415 0.337014 0
    outer loop
      vertex 39.8278 -24.6611 32
      vertex 39.6955 -25.0307 30.2
      vertex 39.6955 -25.0307 32
    endloop
  endfacet
  facet normal 0.242835 -0.970068 0
    outer loop
      vertex -37.1611 27.3278 30.2
      vertex -36.7804 27.4231 32
      vertex -37.1611 27.3278 32
    endloop
  endfacet
  facet normal 0.242835 -0.970068 0
    outer loop
      vertex -36.7804 27.4231 32
      vertex -37.1611 27.3278 30.2
      vertex -36.7804 27.4231 30.2
    endloop
  endfacet
  facet normal 0.595794 0.803137 -0
    outer loop
      vertex -38.2223 -26.8259 30.2
      vertex -38.5376 -26.592 32
      vertex -38.2223 -26.8259 32
    endloop
  endfacet
  facet normal 0.595794 0.803137 0
    outer loop
      vertex -38.5376 -26.592 32
      vertex -38.2223 -26.8259 30.2
      vertex -38.5376 -26.592 30.2
    endloop
  endfacet
  facet normal 0.514084 -0.85774 0
    outer loop
      vertex -38.2223 26.8259 30.2
      vertex -37.8856 27.0277 32
      vertex -38.2223 26.8259 32
    endloop
  endfacet
  facet normal 0.514084 -0.85774 0
    outer loop
      vertex -37.8856 27.0277 32
      vertex -38.2223 26.8259 30.2
      vertex -37.8856 27.0277 30.2
    endloop
  endfacet
  facet normal 0.740908 -0.671607 0
    outer loop
      vertex -39.092 26.0376 32
      vertex -38.8284 26.3284 30.2
      vertex -38.8284 26.3284 32
    endloop
  endfacet
  facet normal 0.740908 -0.671607 0
    outer loop
      vertex -38.8284 26.3284 30.2
      vertex -39.092 26.0376 32
      vertex -39.092 26.0376 30.2
    endloop
  endfacet
  facet normal 0.0491626 -0.998791 0
    outer loop
      vertex -36.3921 27.4807 30.2
      vertex -36 27.5 32
      vertex -36.3921 27.4807 32
    endloop
  endfacet
  facet normal 0.0491626 -0.998791 0
    outer loop
      vertex -36 27.5 32
      vertex -36.3921 27.4807 30.2
      vertex -36 27.5 30.2
    endloop
  endfacet
  facet normal 0.42744 0.904044 -0
    outer loop
      vertex -37.5307 -27.1955 30.2
      vertex -37.8856 -27.0277 32
      vertex -37.5307 -27.1955 32
    endloop
  endfacet
  facet normal 0.42744 0.904044 0
    outer loop
      vertex -37.8856 -27.0277 32
      vertex -37.5307 -27.1955 30.2
      vertex -37.8856 -27.0277 30.2
    endloop
  endfacet
  facet normal 0.337014 -0.9415 0
    outer loop
      vertex -37.5307 27.1955 30.2
      vertex -37.1611 27.3278 32
      vertex -37.5307 27.1955 32
    endloop
  endfacet
  facet normal 0.337014 -0.9415 0
    outer loop
      vertex -37.1611 27.3278 32
      vertex -37.5307 27.1955 30.2
      vertex -37.1611 27.3278 30.2
    endloop
  endfacet
  facet normal 0.970068 -0.242835 0
    outer loop
      vertex -39.9231 24.2804 32
      vertex -39.8278 24.6611 30.2
      vertex -39.8278 24.6611 32
    endloop
  endfacet
  facet normal 0.970068 -0.242835 0
    outer loop
      vertex -39.8278 24.6611 30.2
      vertex -39.9231 24.2804 32
      vertex -39.9231 24.2804 30.2
    endloop
  endfacet
  facet normal 0 0 1
    outer loop
      vertex 37.0277 22.8856 30.2
      vertex 40 23.5 30.2
      vertex 39.9807 23.8921 30.2
    endloop
  endfacet
  facet normal 0 0 1
    outer loop
      vertex 40 23.5 30.2
      vertex 37.5 21 30.2
      vertex 40 -23.5 30.2
    endloop
  endfacet
  facet normal 0 0 1
    outer loop
      vertex 37.0277 22.8856 30.2
      vertex 39.9807 23.8921 30.2
      vertex 39.9231 24.2804 30.2
    endloop
  endfacet
  facet normal -0 0 1
    outer loop
      vertex 37.5 -21 30.2
      vertex 40 -23.5 30.2
      vertex 37.5 21 30.2
    endloop
  endfacet
  facet normal 0 0 1
    outer loop
      vertex 36.8259 23.2223 30.2
      vertex 39.9231 24.2804 30.2
      vertex 39.8278 24.6611 30.2
    endloop
  endfacet
  facet normal -0 0 1
    outer loop
      vertex 37.4807 -21.3921 30.2
      vertex 40 -23.5 30.2
      vertex 37.5 -21 30.2
    endloop
  endfacet
  facet normal 0 0 1
    outer loop
      vertex 36.8259 23.2223 30.2
      vertex 39.8278 24.6611 30.2
      vertex 39.6955 25.0307 30.2
    endloop
  endfacet
  facet normal -0 0 1
    outer loop
      vertex 37.4231 -21.7804 30.2
      vertex 40 -23.5 30.2
      vertex 37.4807 -21.3921 30.2
    endloop
  endfacet
  facet normal 0 0 1
    outer loop
      vertex 36.592 23.5376 30.2
      vertex 39.6955 25.0307 30.2
      vertex 39.5277 25.3856 30.2
    endloop
  endfacet
  facet normal -0 0 1
    outer loop
      vertex 37.3278 -22.1611 30.2
      vertex 40 -23.5 30.2
      vertex 37.4231 -21.7804 30.2
    endloop
  endfacet
  facet normal 0 0 1
    outer loop
      vertex 36.592 23.5376 30.2
      vertex 39.5277 25.3856 30.2
      vertex 39.3259 25.7223 30.2
    endloop
  endfacet
  facet normal -0 0 1
    outer loop
      vertex 37.1955 -22.5307 30.2
      vertex 40 -23.5 30.2
      vertex 37.3278 -22.1611 30.2
    endloop
  endfacet
  facet normal 0 0 1
    outer loop
      vertex 36.592 23.5376 30.2
      vertex 39.3259 25.7223 30.2
      vertex 39.092 26.0376 30.2
    endloop
  endfacet
  facet normal -0 0 1
    outer loop
      vertex 37.0277 -22.8856 30.2
      vertex 40 -23.5 30.2
      vertex 37.1955 -22.5307 30.2
    endloop
  endfacet
  facet normal 0 0 1
    outer loop
      vertex 36.3284 23.8284 30.2
      vertex 39.092 26.0376 30.2
      vertex 38.8284 26.3284 30.2
    endloop
  endfacet
  facet normal 0 0 1
    outer loop
      vertex 40 -23.5 30.2
      vertex 37.0277 -22.8856 30.2
      vertex 39.9807 -23.8921 30.2
    endloop
  endfacet
  facet normal 0 0 1
    outer loop
      vertex 36.3284 23.8284 30.2
      vertex 38.8284 26.3284 30.2
      vertex 38.5376 26.592 30.2
    endloop
  endfacet
  facet normal 0 0 1
    outer loop
      vertex 39.9807 -23.8921 30.2
      vertex 37.0277 -22.8856 30.2
      vertex 39.9231 -24.2804 30.2
    endloop
  endfacet
  facet normal 0 0 1
    outer loop
      vertex 36.0376 24.092 30.2
      vertex 38.5376 26.592 30.2
      vertex 38.2223 26.8259 30.2
    endloop
  endfacet
  facet normal -0 0 1
    outer loop
      vertex 36.8259 -23.2223 30.2
      vertex 39.9231 -24.2804 30.2
      vertex 37.0277 -22.8856 30.2
    endloop
  endfacet
  facet normal 0 0 1
    outer loop
      vertex 36.0376 24.092 30.2
      vertex 38.2223 26.8259 30.2
      vertex 37.8856 27.0277 30.2
    endloop
  endfacet
  facet normal 0 0 1
    outer loop
      vertex 39.9231 -24.2804 30.2
      vertex 36.8259 -23.2223 30.2
      vertex 39.8278 -24.6611 30.2
    endloop
  endfacet
  facet normal 0 0 1
    outer loop
      vertex 36.0376 24.092 30.2
      vertex 37.8856 27.0277 30.2
      vertex 37.5307 27.1955 30.2
    endloop
  endfacet
  facet normal 0 0 1
    outer loop
      vertex 39.8278 -24.6611 30.2
      vertex 36.8259 -23.2223 30.2
      vertex 39.6955 -25.0307 30.2
    endloop
  endfacet
  facet normal -0 0 1
    outer loop
      vertex 36.592 -23.5376 30.2
      vertex 39.6955 -25.0307 30.2
      vertex 36.8259 -23.2223 30.2
    endloop
  endfacet
  facet normal 0 0 1
    outer loop
      vertex 40 23.5 30.2
      vertex 37.4807 21.3921 30.2
      vertex 37.5 21 30.2
    endloop
  endfacet
  facet normal 0 0 1
    outer loop
      vertex 40 23.5 30.2
      vertex 37.4231 21.7804 30.2
      vertex 37.4807 21.3921 30.2
    endloop
  endfacet
  facet normal 0 0 1
    outer loop
      vertex 40 23.5 30.2
      vertex 37.3278 22.1611 30.2
      vertex 37.4231 21.7804 30.2
    endloop
  endfacet
  facet normal 0 0 1
    outer loop
      vertex 40 23.5 30.2
      vertex 37.1955 22.5307 30.2
      vertex 37.3278 22.1611 30.2
    endloop
  endfacet
  facet normal 0 0 1
    outer loop
      vertex 35.7223 24.3259 30.2
      vertex 37.5307 27.1955 30.2
      vertex 37.1611 27.3278 30.2
    endloop
  endfacet
  facet normal 0 0 1
    outer loop
      vertex 40 23.5 30.2
      vertex 37.0277 22.8856 30.2
      vertex 37.1955 22.5307 30.2
    endloop
  endfacet
  facet normal 0 0 1
    outer loop
      vertex 39.9231 24.2804 30.2
      vertex 36.8259 23.2223 30.2
      vertex 37.0277 22.8856 30.2
    endloop
  endfacet
  facet normal 0 0 1
    outer loop
      vertex 35.7223 24.3259 30.2
      vertex 37.1611 27.3278 30.2
      vertex 36.7804 27.4231 30.2
    endloop
  endfacet
  facet normal 0 0 1
    outer loop
      vertex 39.6955 25.0307 30.2
      vertex 36.592 23.5376 30.2
      vertex 36.8259 23.2223 30.2
    endloop
  endfacet
  facet normal 0 0 1
    outer loop
      vertex 35.3856 24.5277 30.2
      vertex 36.7804 27.4231 30.2
      vertex 36.3921 27.4807 30.2
    endloop
  endfacet
  facet normal 0 0 1
    outer loop
      vertex 39.092 26.0376 30.2
      vertex 36.3284 23.8284 30.2
      vertex 36.592 23.5376 30.2
    endloop
  endfacet
  facet normal 0 0 1
    outer loop
      vertex 38.5376 26.592 30.2
      vertex 36.0376 24.092 30.2
      vertex 36.3284 23.8284 30.2
    endloop
  endfacet
  facet normal 0 0 1
    outer loop
      vertex 35.3856 24.5277 30.2
      vertex 36.3921 27.4807 30.2
      vertex 36 27.5 30.2
    endloop
  endfacet
  facet normal 0 0 1
    outer loop
      vertex 37.5307 27.1955 30.2
      vertex 35.7223 24.3259 30.2
      vertex 36.0376 24.092 30.2
    endloop
  endfacet
  facet normal 0 0 1
    outer loop
      vertex 36.7804 27.4231 30.2
      vertex 35.3856 24.5277 30.2
      vertex 35.7223 24.3259 30.2
    endloop
  endfacet
  facet normal 0 0 1
    outer loop
      vertex 36 27.5 30.2
      vertex 35.0307 24.6955 30.2
      vertex 35.3856 24.5277 30.2
    endloop
  endfacet
  facet normal 0 0 1
    outer loop
      vertex 36 27.5 30.2
      vertex 34.6611 24.8278 30.2
      vertex 35.0307 24.6955 30.2
    endloop
  endfacet
  facet normal 0 0 1
    outer loop
      vertex 36 27.5 30.2
      vertex 34.2804 24.9231 30.2
      vertex 34.6611 24.8278 30.2
    endloop
  endfacet
  facet normal 0 0 1
    outer loop
      vertex 36 27.5 30.2
      vertex 33.8921 24.9807 30.2
      vertex 34.2804 24.9231 30.2
    endloop
  endfacet
  facet normal 0 0 1
    outer loop
      vertex 36 27.5 30.2
      vertex 33.5 25 30.2
      vertex 33.8921 24.9807 30.2
    endloop
  endfacet
  facet normal 0 0 1
    outer loop
      vertex 36 27.5 30.2
      vertex -33.5 25 30.2
      vertex 33.5 25 30.2
    endloop
  endfacet
  facet normal -0 0 1
    outer loop
      vertex -36 27.5 30.2
      vertex -33.5 25 30.2
      vertex 36 27.5 30.2
    endloop
  endfacet
  facet normal 0 0 1
    outer loop
      vertex -36 27.5 30.2
      vertex -33.8921 24.9807 30.2
      vertex -33.5 25 30.2
    endloop
  endfacet
  facet normal 0 0 1
    outer loop
      vertex -36 27.5 30.2
      vertex -34.2804 24.9231 30.2
      vertex -33.8921 24.9807 30.2
    endloop
  endfacet
  facet normal 0 0 1
    outer loop
      vertex -36 27.5 30.2
      vertex -34.6611 24.8278 30.2
      vertex -34.2804 24.9231 30.2
    endloop
  endfacet
  facet normal 0 0 1
    outer loop
      vertex -36 27.5 30.2
      vertex -35.0307 24.6955 30.2
      vertex -34.6611 24.8278 30.2
    endloop
  endfacet
  facet normal 0 0 1
    outer loop
      vertex -36 27.5 30.2
      vertex -35.3856 24.5277 30.2
      vertex -35.0307 24.6955 30.2
    endloop
  endfacet
  facet normal -0 0 1
    outer loop
      vertex -36.3921 27.4807 30.2
      vertex -35.3856 24.5277 30.2
      vertex -36 27.5 30.2
    endloop
  endfacet
  facet normal -0 0 1
    outer loop
      vertex -36.7804 27.4231 30.2
      vertex -35.3856 24.5277 30.2
      vertex -36.3921 27.4807 30.2
    endloop
  endfacet
  facet normal 0 0 1
    outer loop
      vertex -35.3856 24.5277 30.2
      vertex -36.7804 27.4231 30.2
      vertex -35.7223 24.3259 30.2
    endloop
  endfacet
  facet normal -0 0 1
    outer loop
      vertex -37.1611 27.3278 30.2
      vertex -35.7223 24.3259 30.2
      vertex -36.7804 27.4231 30.2
    endloop
  endfacet
  facet normal -0 0 1
    outer loop
      vertex -37.5307 27.1955 30.2
      vertex -35.7223 24.3259 30.2
      vertex -37.1611 27.3278 30.2
    endloop
  endfacet
  facet normal 0 0 1
    outer loop
      vertex -35.7223 24.3259 30.2
      vertex -37.5307 27.1955 30.2
      vertex -36.0376 24.092 30.2
    endloop
  endfacet
  facet normal -0 0 1
    outer loop
      vertex -37.8856 27.0277 30.2
      vertex -36.0376 24.092 30.2
      vertex -37.5307 27.1955 30.2
    endloop
  endfacet
  facet normal -0 0 1
    outer loop
      vertex -38.2223 26.8259 30.2
      vertex -36.0376 24.092 30.2
      vertex -37.8856 27.0277 30.2
    endloop
  endfacet
  facet normal -0 0 1
    outer loop
      vertex -38.5376 26.592 30.2
      vertex -36.0376 24.092 30.2
      vertex -38.2223 26.8259 30.2
    endloop
  endfacet
  facet normal 0 0 1
    outer loop
      vertex -36.0376 24.092 30.2
      vertex -38.5376 26.592 30.2
      vertex -36.3284 23.8284 30.2
    endloop
  endfacet
  facet normal -0 0 1
    outer loop
      vertex -38.8284 26.3284 30.2
      vertex -36.3284 23.8284 30.2
      vertex -38.5376 26.592 30.2
    endloop
  endfacet
  facet normal -0 0 1
    outer loop
      vertex -39.092 26.0376 30.2
      vertex -36.3284 23.8284 30.2
      vertex -38.8284 26.3284 30.2
    endloop
  endfacet
  facet normal 0 0 1
    outer loop
      vertex -36.3284 23.8284 30.2
      vertex -39.092 26.0376 30.2
      vertex -36.592 23.5376 30.2
    endloop
  endfacet
  facet normal -0 0 1
    outer loop
      vertex -39.6955 25.0307 30.2
      vertex -36.592 23.5376 30.2
      vertex -39.5277 25.3856 30.2
    endloop
  endfacet
  facet normal -0 0 1
    outer loop
      vertex -39.5277 25.3856 30.2
      vertex -36.592 23.5376 30.2
      vertex -39.3259 25.7223 30.2
    endloop
  endfacet
  facet normal -0 0 1
    outer loop
      vertex -39.3259 25.7223 30.2
      vertex -36.592 23.5376 30.2
      vertex -39.092 26.0376 30.2
    endloop
  endfacet
  facet normal 0 0 1
    outer loop
      vertex 39.6955 -25.0307 30.2
      vertex 36.592 -23.5376 30.2
      vertex 39.5277 -25.3856 30.2
    endloop
  endfacet
  facet normal 0 0 1
    outer loop
      vertex 39.5277 -25.3856 30.2
      vertex 36.592 -23.5376 30.2
      vertex 39.3259 -25.7223 30.2
    endloop
  endfacet
  facet normal 0 0 1
    outer loop
      vertex 39.3259 -25.7223 30.2
      vertex 36.592 -23.5376 30.2
      vertex 39.092 -26.0376 30.2
    endloop
  endfacet
  facet normal -0 0 1
    outer loop
      vertex 36.3284 -23.8284 30.2
      vertex 39.092 -26.0376 30.2
      vertex 36.592 -23.5376 30.2
    endloop
  endfacet
  facet normal 0 0 1
    outer loop
      vertex 39.092 -26.0376 30.2
      vertex 36.3284 -23.8284 30.2
      vertex 38.8284 -26.3284 30.2
    endloop
  endfacet
  facet normal 0 0 1
    outer loop
      vertex 38.8284 -26.3284 30.2
      vertex 36.3284 -23.8284 30.2
      vertex 38.5376 -26.592 30.2
    endloop
  endfacet
  facet normal -0 0 1
    outer loop
      vertex 36.0376 -24.092 30.2
      vertex 38.5376 -26.592 30.2
      vertex 36.3284 -23.8284 30.2
    endloop
  endfacet
  facet normal 0 0 1
    outer loop
      vertex 38.5376 -26.592 30.2
      vertex 36.0376 -24.092 30.2
      vertex 38.2223 -26.8259 30.2
    endloop
  endfacet
  facet normal 0 0 1
    outer loop
      vertex 38.2223 -26.8259 30.2
      vertex 36.0376 -24.092 30.2
      vertex 37.8856 -27.0277 30.2
    endloop
  endfacet
  facet normal 0 0 1
    outer loop
      vertex 37.8856 -27.0277 30.2
      vertex 36.0376 -24.092 30.2
      vertex 37.5307 -27.1955 30.2
    endloop
  endfacet
  facet normal -0 0 1
    outer loop
      vertex 35.7223 -24.3259 30.2
      vertex 37.5307 -27.1955 30.2
      vertex 36.0376 -24.092 30.2
    endloop
  endfacet
  facet normal 0 0 1
    outer loop
      vertex 37.5307 -27.1955 30.2
      vertex 35.7223 -24.3259 30.2
      vertex 37.1611 -27.3278 30.2
    endloop
  endfacet
  facet normal 0 0 1
    outer loop
      vertex 37.1611 -27.3278 30.2
      vertex 35.7223 -24.3259 30.2
      vertex 36.7804 -27.4231 30.2
    endloop
  endfacet
  facet normal -0 0 1
    outer loop
      vertex 35.3856 -24.5277 30.2
      vertex 36.7804 -27.4231 30.2
      vertex 35.7223 -24.3259 30.2
    endloop
  endfacet
  facet normal 0 0 1
    outer loop
      vertex 36.7804 -27.4231 30.2
      vertex 35.3856 -24.5277 30.2
      vertex 36.3921 -27.4807 30.2
    endloop
  endfacet
  facet normal 0 0 1
    outer loop
      vertex 36.3921 -27.4807 30.2
      vertex 35.3856 -24.5277 30.2
      vertex 36 -27.5 30.2
    endloop
  endfacet
  facet normal -0 0 1
    outer loop
      vertex 35.0307 -24.6955 30.2
      vertex 36 -27.5 30.2
      vertex 35.3856 -24.5277 30.2
    endloop
  endfacet
  facet normal -0 0 1
    outer loop
      vertex 34.6611 -24.8278 30.2
      vertex 36 -27.5 30.2
      vertex 35.0307 -24.6955 30.2
    endloop
  endfacet
  facet normal -0 0 1
    outer loop
      vertex 34.2804 -24.9231 30.2
      vertex 36 -27.5 30.2
      vertex 34.6611 -24.8278 30.2
    endloop
  endfacet
  facet normal -0 0 1
    outer loop
      vertex 33.8921 -24.9807 30.2
      vertex 36 -27.5 30.2
      vertex 34.2804 -24.9231 30.2
    endloop
  endfacet
  facet normal -0 0 1
    outer loop
      vertex 33.5 -25 30.2
      vertex 36 -27.5 30.2
      vertex 33.8921 -24.9807 30.2
    endloop
  endfacet
  facet normal -0 0 1
    outer loop
      vertex -33.5 -25 30.2
      vertex 36 -27.5 30.2
      vertex 33.5 -25 30.2
    endloop
  endfacet
  facet normal 0 0 1
    outer loop
      vertex -33.5 -25 30.2
      vertex -36 -27.5 30.2
      vertex 36 -27.5 30.2
    endloop
  endfacet
  facet normal 0 0 1
    outer loop
      vertex -33.8921 -24.9807 30.2
      vertex -36 -27.5 30.2
      vertex -33.5 -25 30.2
    endloop
  endfacet
  facet normal 0 0 1
    outer loop
      vertex -34.2804 -24.9231 30.2
      vertex -36 -27.5 30.2
      vertex -33.8921 -24.9807 30.2
    endloop
  endfacet
  facet normal 0 0 1
    outer loop
      vertex -34.6611 -24.8278 30.2
      vertex -36 -27.5 30.2
      vertex -34.2804 -24.9231 30.2
    endloop
  endfacet
  facet normal 0 0 1
    outer loop
      vertex -35.0307 -24.6955 30.2
      vertex -36 -27.5 30.2
      vertex -34.6611 -24.8278 30.2
    endloop
  endfacet
  facet normal 0 0 1
    outer loop
      vertex -35.3856 -24.5277 30.2
      vertex -36 -27.5 30.2
      vertex -35.0307 -24.6955 30.2
    endloop
  endfacet
  facet normal 0 0 1
    outer loop
      vertex -36.7804 -27.4231 30.2
      vertex -35.3856 -24.5277 30.2
      vertex -35.7223 -24.3259 30.2
    endloop
  endfacet
  facet normal 0 0 1
    outer loop
      vertex -37.5307 -27.1955 30.2
      vertex -35.7223 -24.3259 30.2
      vertex -36.0376 -24.092 30.2
    endloop
  endfacet
  facet normal 0 0 1
    outer loop
      vertex -38.5376 -26.592 30.2
      vertex -36.0376 -24.092 30.2
      vertex -36.3284 -23.8284 30.2
    endloop
  endfacet
  facet normal 0 0 1
    outer loop
      vertex -35.3856 -24.5277 30.2
      vertex -36.3921 -27.4807 30.2
      vertex -36 -27.5 30.2
    endloop
  endfacet
  facet normal 0 0 1
    outer loop
      vertex -39.092 -26.0376 30.2
      vertex -36.3284 -23.8284 30.2
      vertex -36.592 -23.5376 30.2
    endloop
  endfacet
  facet normal 0 0 1
    outer loop
      vertex -35.3856 -24.5277 30.2
      vertex -36.7804 -27.4231 30.2
      vertex -36.3921 -27.4807 30.2
    endloop
  endfacet
  facet normal 0 0 1
    outer loop
      vertex -39.6955 -25.0307 30.2
      vertex -36.592 -23.5376 30.2
      vertex -36.8259 -23.2223 30.2
    endloop
  endfacet
  facet normal 0 0 1
    outer loop
      vertex -39.9231 -24.2804 30.2
      vertex -36.8259 -23.2223 30.2
      vertex -37.0277 -22.8856 30.2
    endloop
  endfacet
  facet normal 0 0 1
    outer loop
      vertex -35.7223 -24.3259 30.2
      vertex -37.1611 -27.3278 30.2
      vertex -36.7804 -27.4231 30.2
    endloop
  endfacet
  facet normal 0 0 1
    outer loop
      vertex -40 -23.5 30.2
      vertex -37.0277 -22.8856 30.2
      vertex -37.1955 -22.5307 30.2
    endloop
  endfacet
  facet normal 0 0 1
    outer loop
      vertex -40 -23.5 30.2
      vertex -37.1955 -22.5307 30.2
      vertex -37.3278 -22.1611 30.2
    endloop
  endfacet
  facet normal 0 0 1
    outer loop
      vertex -40 -23.5 30.2
      vertex -37.3278 -22.1611 30.2
      vertex -37.4231 -21.7804 30.2
    endloop
  endfacet
  facet normal 0 0 1
    outer loop
      vertex -40 -23.5 30.2
      vertex -37.4231 -21.7804 30.2
      vertex -37.4807 -21.3921 30.2
    endloop
  endfacet
  facet normal 0 0 1
    outer loop
      vertex -35.7223 -24.3259 30.2
      vertex -37.5307 -27.1955 30.2
      vertex -37.1611 -27.3278 30.2
    endloop
  endfacet
  facet normal 0 0 1
    outer loop
      vertex -40 -23.5 30.2
      vertex -37.4807 -21.3921 30.2
      vertex -37.5 -21 30.2
    endloop
  endfacet
  facet normal 0 0 1
    outer loop
      vertex -37.5 21 30.2
      vertex -40 23.5 30.2
      vertex -37.5 -21 30.2
    endloop
  endfacet
  facet normal 0 0 1
    outer loop
      vertex -36.592 23.5376 30.2
      vertex -39.6955 25.0307 30.2
      vertex -36.8259 23.2223 30.2
    endloop
  endfacet
  facet normal 0 0 1
    outer loop
      vertex -40 -23.5 30.2
      vertex -37.5 -21 30.2
      vertex -40 23.5 30.2
    endloop
  endfacet
  facet normal -0 0 1
    outer loop
      vertex -39.8278 24.6611 30.2
      vertex -36.8259 23.2223 30.2
      vertex -39.6955 25.0307 30.2
    endloop
  endfacet
  facet normal 0 0 1
    outer loop
      vertex -37.0277 -22.8856 30.2
      vertex -40 -23.5 30.2
      vertex -39.9807 -23.8921 30.2
    endloop
  endfacet
  facet normal -0 0 1
    outer loop
      vertex -39.9231 24.2804 30.2
      vertex -36.8259 23.2223 30.2
      vertex -39.8278 24.6611 30.2
    endloop
  endfacet
  facet normal 0 0 1
    outer loop
      vertex -36.0376 -24.092 30.2
      vertex -37.8856 -27.0277 30.2
      vertex -37.5307 -27.1955 30.2
    endloop
  endfacet
  facet normal 0 0 1
    outer loop
      vertex -36.8259 23.2223 30.2
      vertex -39.9231 24.2804 30.2
      vertex -37.0277 22.8856 30.2
    endloop
  endfacet
  facet normal 0 0 1
    outer loop
      vertex -36.0376 -24.092 30.2
      vertex -38.2223 -26.8259 30.2
      vertex -37.8856 -27.0277 30.2
    endloop
  endfacet
  facet normal -0 0 1
    outer loop
      vertex -39.9807 23.8921 30.2
      vertex -37.0277 22.8856 30.2
      vertex -39.9231 24.2804 30.2
    endloop
  endfacet
  facet normal 0 0 1
    outer loop
      vertex -36.0376 -24.092 30.2
      vertex -38.5376 -26.592 30.2
      vertex -38.2223 -26.8259 30.2
    endloop
  endfacet
  facet normal -0 0 1
    outer loop
      vertex -40 23.5 30.2
      vertex -37.0277 22.8856 30.2
      vertex -39.9807 23.8921 30.2
    endloop
  endfacet
  facet normal 0 0 1
    outer loop
      vertex -36.3284 -23.8284 30.2
      vertex -38.8284 -26.3284 30.2
      vertex -38.5376 -26.592 30.2
    endloop
  endfacet
  facet normal 0 0 1
    outer loop
      vertex -37.0277 22.8856 30.2
      vertex -40 23.5 30.2
      vertex -37.1955 22.5307 30.2
    endloop
  endfacet
  facet normal 0 0 1
    outer loop
      vertex -36.3284 -23.8284 30.2
      vertex -39.092 -26.0376 30.2
      vertex -38.8284 -26.3284 30.2
    endloop
  endfacet
  facet normal 0 0 1
    outer loop
      vertex -37.1955 22.5307 30.2
      vertex -40 23.5 30.2
      vertex -37.3278 22.1611 30.2
    endloop
  endfacet
  facet normal 0 0 1
    outer loop
      vertex -36.592 -23.5376 30.2
      vertex -39.3259 -25.7223 30.2
      vertex -39.092 -26.0376 30.2
    endloop
  endfacet
  facet normal 0 0 1
    outer loop
      vertex -37.3278 22.1611 30.2
      vertex -40 23.5 30.2
      vertex -37.4231 21.7804 30.2
    endloop
  endfacet
  facet normal 0 0 1
    outer loop
      vertex -36.592 -23.5376 30.2
      vertex -39.5277 -25.3856 30.2
      vertex -39.3259 -25.7223 30.2
    endloop
  endfacet
  facet normal 0 0 1
    outer loop
      vertex -37.4231 21.7804 30.2
      vertex -40 23.5 30.2
      vertex -37.4807 21.3921 30.2
    endloop
  endfacet
  facet normal 0 0 1
    outer loop
      vertex -36.592 -23.5376 30.2
      vertex -39.6955 -25.0307 30.2
      vertex -39.5277 -25.3856 30.2
    endloop
  endfacet
  facet normal 0 0 1
    outer loop
      vertex -37.4807 21.3921 30.2
      vertex -40 23.5 30.2
      vertex -37.5 21 30.2
    endloop
  endfacet
  facet normal 0 0 1
    outer loop
      vertex -36.8259 -23.2223 30.2
      vertex -39.8278 -24.6611 30.2
      vertex -39.6955 -25.0307 30.2
    endloop
  endfacet
  facet normal 0 0 1
    outer loop
      vertex -36.8259 -23.2223 30.2
      vertex -39.9231 -24.2804 30.2
      vertex -39.8278 -24.6611 30.2
    endloop
  endfacet
  facet normal 0 0 1
    outer loop
      vertex -37.0277 -22.8856 30.2
      vertex -39.9807 -23.8921 30.2
      vertex -39.9231 -24.2804 30.2
    endloop
  endfacet
  facet normal 0.0491626 0.998791 -0
    outer loop
      vertex -36 -27.5 30.2
      vertex -36.3921 -27.4807 32
      vertex -36 -27.5 32
    endloop
  endfacet
  facet normal 0.0491626 0.998791 0
    outer loop
      vertex -36.3921 -27.4807 32
      vertex -36 -27.5 30.2
      vertex -36.3921 -27.4807 30.2
    endloop
  endfacet
  facet normal -0.42744 0.904044 0
    outer loop
      vertex 37.8856 -27.0277 30.2
      vertex 37.5307 -27.1955 32
      vertex 37.8856 -27.0277 32
    endloop
  endfacet
  facet normal -0.42744 0.904044 0
    outer loop
      vertex 37.5307 -27.1955 32
      vertex 37.8856 -27.0277 30.2
      vertex 37.5307 -27.1955 30.2
    endloop
  endfacet
  facet normal -0.740908 0.671607 0
    outer loop
      vertex 38.8284 -26.3284 30.2
      vertex 39.092 -26.0376 32
      vertex 39.092 -26.0376 30.2
    endloop
  endfacet
  facet normal -0.740908 0.671607 0
    outer loop
      vertex 39.092 -26.0376 32
      vertex 38.8284 -26.3284 30.2
      vertex 38.8284 -26.3284 32
    endloop
  endfacet
  facet normal 0.42744 -0.904044 0
    outer loop
      vertex -37.8856 27.0277 30.2
      vertex -37.5307 27.1955 32
      vertex -37.8856 27.0277 32
    endloop
  endfacet
  facet normal 0.42744 -0.904044 0
    outer loop
      vertex -37.5307 27.1955 32
      vertex -37.8856 27.0277 30.2
      vertex -37.5307 27.1955 30.2
    endloop
  endfacet
  facet normal -0.0491626 -0.998791 0
    outer loop
      vertex 36 27.5 30.2
      vertex 36.3921 27.4807 32
      vertex 36 27.5 32
    endloop
  endfacet
  facet normal -0.0491626 -0.998791 -0
    outer loop
      vertex 36.3921 27.4807 32
      vertex 36 27.5 30.2
      vertex 36.3921 27.4807 30.2
    endloop
  endfacet
  facet normal -0.146733 -0.989176 0
    outer loop
      vertex 36.3921 27.4807 30.2
      vertex 36.7804 27.4231 32
      vertex 36.3921 27.4807 32
    endloop
  endfacet
  facet normal -0.146733 -0.989176 -0
    outer loop
      vertex 36.7804 27.4231 32
      vertex 36.3921 27.4807 30.2
      vertex 36.7804 27.4231 30.2
    endloop
  endfacet
  facet normal -0.9415 -0.337014 0
    outer loop
      vertex 39.8278 24.6611 30.2
      vertex 39.6955 25.0307 32
      vertex 39.6955 25.0307 30.2
    endloop
  endfacet
  facet normal -0.9415 -0.337014 0
    outer loop
      vertex 39.6955 25.0307 32
      vertex 39.8278 24.6611 30.2
      vertex 39.8278 24.6611 32
    endloop
  endfacet
  facet normal 0.85774 0.514084 0
    outer loop
      vertex -39.3259 -25.7223 32
      vertex -39.5277 -25.3856 30.2
      vertex -39.5277 -25.3856 32
    endloop
  endfacet
  facet normal 0.85774 0.514084 0
    outer loop
      vertex -39.5277 -25.3856 30.2
      vertex -39.3259 -25.7223 32
      vertex -39.3259 -25.7223 30.2
    endloop
  endfacet
  facet normal -0.998791 -0.0491626 0
    outer loop
      vertex 40 23.5 30.2
      vertex 39.9807 23.8921 32
      vertex 39.9807 23.8921 30.2
    endloop
  endfacet
  facet normal -0.998791 -0.0491626 0
    outer loop
      vertex 39.9807 23.8921 32
      vertex 40 23.5 30.2
      vertex 40 23.5 32
    endloop
  endfacet
  facet normal 0.671607 -0.740908 0
    outer loop
      vertex -38.8284 26.3284 30.2
      vertex -38.5376 26.592 32
      vertex -38.8284 26.3284 32
    endloop
  endfacet
  facet normal 0.671607 -0.740908 0
    outer loop
      vertex -38.5376 26.592 32
      vertex -38.8284 26.3284 30.2
      vertex -38.5376 26.592 30.2
    endloop
  endfacet
  facet normal 0.970068 0.242835 0
    outer loop
      vertex -39.8278 -24.6611 32
      vertex -39.9231 -24.2804 30.2
      vertex -39.9231 -24.2804 32
    endloop
  endfacet
  facet normal 0.970068 0.242835 0
    outer loop
      vertex -39.9231 -24.2804 30.2
      vertex -39.8278 -24.6611 32
      vertex -39.8278 -24.6611 30.2
    endloop
  endfacet
  facet normal 0.989176 0.146733 0
    outer loop
      vertex -39.9231 -24.2804 32
      vertex -39.9807 -23.8921 30.2
      vertex -39.9807 -23.8921 32
    endloop
  endfacet
  facet normal 0.989176 0.146733 0
    outer loop
      vertex -39.9807 -23.8921 30.2
      vertex -39.9231 -24.2804 32
      vertex -39.9231 -24.2804 30.2
    endloop
  endfacet
  facet normal -0.85774 -0.514084 0
    outer loop
      vertex 39.5277 25.3856 30.2
      vertex 39.3259 25.7223 32
      vertex 39.3259 25.7223 30.2
    endloop
  endfacet
  facet normal -0.85774 -0.514084 0
    outer loop
      vertex 39.3259 25.7223 32
      vertex 39.5277 25.3856 30.2
      vertex 39.5277 25.3856 32
    endloop
  endfacet
  facet normal -0.242835 0.970068 0
    outer loop
      vertex 37.1611 -27.3278 30.2
      vertex 36.7804 -27.4231 32
      vertex 37.1611 -27.3278 32
    endloop
  endfacet
  facet normal -0.242835 0.970068 0
    outer loop
      vertex 36.7804 -27.4231 32
      vertex 37.1611 -27.3278 30.2
      vertex 36.7804 -27.4231 30.2
    endloop
  endfacet
  facet normal -0.146733 0.989176 0
    outer loop
      vertex 36.7804 -27.4231 30.2
      vertex 36.3921 -27.4807 32
      vertex 36.7804 -27.4231 32
    endloop
  endfacet
  facet normal -0.146733 0.989176 0
    outer loop
      vertex 36.3921 -27.4807 32
      vertex 36.7804 -27.4231 30.2
      vertex 36.3921 -27.4807 30.2
    endloop
  endfacet
  facet normal 0.803137 0.595794 0
    outer loop
      vertex -39.092 -26.0376 32
      vertex -39.3259 -25.7223 30.2
      vertex -39.3259 -25.7223 32
    endloop
  endfacet
  facet normal 0.803137 0.595794 0
    outer loop
      vertex -39.3259 -25.7223 30.2
      vertex -39.092 -26.0376 32
      vertex -39.092 -26.0376 30.2
    endloop
  endfacet
  facet normal -0.904044 -0.42744 0
    outer loop
      vertex 39.6955 25.0307 30.2
      vertex 39.5277 25.3856 32
      vertex 39.5277 25.3856 30.2
    endloop
  endfacet
  facet normal -0.904044 -0.42744 0
    outer loop
      vertex 39.5277 25.3856 32
      vertex 39.6955 25.0307 30.2
      vertex 39.6955 25.0307 32
    endloop
  endfacet
  facet normal 0.904044 -0.42744 0
    outer loop
      vertex -39.6955 25.0307 32
      vertex -39.5277 25.3856 30.2
      vertex -39.5277 25.3856 32
    endloop
  endfacet
  facet normal 0.904044 -0.42744 0
    outer loop
      vertex -39.5277 25.3856 30.2
      vertex -39.6955 25.0307 32
      vertex -39.6955 25.0307 30.2
    endloop
  endfacet
  facet normal -0.514084 0.85774 0
    outer loop
      vertex 38.2223 -26.8259 30.2
      vertex 37.8856 -27.0277 32
      vertex 38.2223 -26.8259 32
    endloop
  endfacet
  facet normal -0.514084 0.85774 0
    outer loop
      vertex 37.8856 -27.0277 32
      vertex 38.2223 -26.8259 30.2
      vertex 37.8856 -27.0277 30.2
    endloop
  endfacet
  facet normal -0.904044 -0.42744 0
    outer loop
      vertex -37.0277 -22.8856 30.2
      vertex -37.1955 -22.5307 32
      vertex -37.1955 -22.5307 30.2
    endloop
  endfacet
  facet normal -0.904044 -0.42744 0
    outer loop
      vertex -37.1955 -22.5307 32
      vertex -37.0277 -22.8856 30.2
      vertex -37.0277 -22.8856 32
    endloop
  endfacet
  facet normal 0.242835 -0.970068 0
    outer loop
      vertex 34.2804 -24.9231 30.2
      vertex 34.6611 -24.8278 32
      vertex 34.2804 -24.9231 32
    endloop
  endfacet
  facet normal 0.242835 -0.970068 0
    outer loop
      vertex 34.6611 -24.8278 32
      vertex 34.2804 -24.9231 30.2
      vertex 34.6611 -24.8278 30.2
    endloop
  endfacet
  facet normal 0.514084 0.85774 -0
    outer loop
      vertex 35.7223 24.3259 30.2
      vertex 35.3856 24.5277 32
      vertex 35.7223 24.3259 32
    endloop
  endfacet
  facet normal 0.514084 0.85774 0
    outer loop
      vertex 35.3856 24.5277 32
      vertex 35.7223 24.3259 30.2
      vertex 35.3856 24.5277 30.2
    endloop
  endfacet
  facet normal -0.0491626 -0.998791 0
    outer loop
      vertex -33.8921 -24.9807 30.2
      vertex -33.5 -25 32
      vertex -33.8921 -24.9807 32
    endloop
  endfacet
  facet normal -0.0491626 -0.998791 -0
    outer loop
      vertex -33.5 -25 32
      vertex -33.8921 -24.9807 30.2
      vertex -33.5 -25 30.2
    endloop
  endfacet
  facet normal 0 1 -0
    outer loop
      vertex 33.5 25 30.2
      vertex -33.5 25 32
      vertex 33.5 25 32
    endloop
  endfacet
  facet normal 0 1 0
    outer loop
      vertex -33.5 25 32
      vertex 33.5 25 30.2
      vertex -33.5 25 30.2
    endloop
  endfacet
  facet normal -0.904044 0.42744 0
    outer loop
      vertex -37.1955 22.5307 30.2
      vertex -37.0277 22.8856 32
      vertex -37.0277 22.8856 30.2
    endloop
  endfacet
  facet normal -0.904044 0.42744 0
    outer loop
      vertex -37.0277 22.8856 32
      vertex -37.1955 22.5307 30.2
      vertex -37.1955 22.5307 32
    endloop
  endfacet
  facet normal -1 0 0
    outer loop
      vertex -37.5 -21 30.2
      vertex -37.5 21 32
      vertex -37.5 21 30.2
    endloop
  endfacet
  facet normal -1 -0 0
    outer loop
      vertex -37.5 21 32
      vertex -37.5 -21 30.2
      vertex -37.5 -21 32
    endloop
  endfacet
  facet normal 0 -1 0
    outer loop
      vertex -33.5 -25 30.2
      vertex 33.5 -25 32
      vertex -33.5 -25 32
    endloop
  endfacet
  facet normal 0 -1 -0
    outer loop
      vertex 33.5 -25 32
      vertex -33.5 -25 30.2
      vertex 33.5 -25 30.2
    endloop
  endfacet
  facet normal 0.595794 0.803137 -0
    outer loop
      vertex 36.0376 24.092 30.2
      vertex 35.7223 24.3259 32
      vertex 36.0376 24.092 32
    endloop
  endfacet
  facet normal 0.595794 0.803137 0
    outer loop
      vertex 35.7223 24.3259 32
      vertex 36.0376 24.092 30.2
      vertex 35.7223 24.3259 30.2
    endloop
  endfacet
  facet normal 0.998791 0.0491626 0
    outer loop
      vertex 37.5 21 32
      vertex 37.4807 21.3921 30.2
      vertex 37.4807 21.3921 32
    endloop
  endfacet
  facet normal 0.998791 0.0491626 0
    outer loop
      vertex 37.4807 21.3921 30.2
      vertex 37.5 21 32
      vertex 37.5 21 30.2
    endloop
  endfacet
  facet normal -0.146733 -0.989176 0
    outer loop
      vertex -34.2804 -24.9231 30.2
      vertex -33.8921 -24.9807 32
      vertex -34.2804 -24.9231 32
    endloop
  endfacet
  facet normal -0.146733 -0.989176 -0
    outer loop
      vertex -33.8921 -24.9807 32
      vertex -34.2804 -24.9231 30.2
      vertex -33.8921 -24.9807 30.2
    endloop
  endfacet
  facet normal 0.42744 0.904044 -0
    outer loop
      vertex 35.3856 24.5277 30.2
      vertex 35.0307 24.6955 32
      vertex 35.3856 24.5277 32
    endloop
  endfacet
  facet normal 0.42744 0.904044 0
    outer loop
      vertex 35.0307 24.6955 32
      vertex 35.3856 24.5277 30.2
      vertex 35.0307 24.6955 30.2
    endloop
  endfacet
  facet normal -0.0491626 0.998791 0
    outer loop
      vertex -33.5 25 30.2
      vertex -33.8921 24.9807 32
      vertex -33.5 25 32
    endloop
  endfacet
  facet normal -0.0491626 0.998791 0
    outer loop
      vertex -33.8921 24.9807 32
      vertex -33.5 25 30.2
      vertex -33.8921 24.9807 30.2
    endloop
  endfacet
  facet normal 0.803137 0.595794 0
    outer loop
      vertex 36.8259 23.2223 32
      vertex 36.592 23.5376 30.2
      vertex 36.592 23.5376 32
    endloop
  endfacet
  facet normal 0.803137 0.595794 0
    outer loop
      vertex 36.592 23.5376 30.2
      vertex 36.8259 23.2223 32
      vertex 36.8259 23.2223 30.2
    endloop
  endfacet
  facet normal 0.904044 -0.42744 0
    outer loop
      vertex 37.0277 -22.8856 32
      vertex 37.1955 -22.5307 30.2
      vertex 37.1955 -22.5307 32
    endloop
  endfacet
  facet normal 0.904044 -0.42744 0
    outer loop
      vertex 37.1955 -22.5307 30.2
      vertex 37.0277 -22.8856 32
      vertex 37.0277 -22.8856 30.2
    endloop
  endfacet
  facet normal 1 -0 0
    outer loop
      vertex 37.5 -21 32
      vertex 37.5 21 30.2
      vertex 37.5 21 32
    endloop
  endfacet
  facet normal 1 0 0
    outer loop
      vertex 37.5 21 30.2
      vertex 37.5 -21 32
      vertex 37.5 -21 30.2
    endloop
  endfacet
  facet normal -0.998791 -0.0491626 0
    outer loop
      vertex -37.4807 -21.3921 30.2
      vertex -37.5 -21 32
      vertex -37.5 -21 30.2
    endloop
  endfacet
  facet normal -0.998791 -0.0491626 0
    outer loop
      vertex -37.5 -21 32
      vertex -37.4807 -21.3921 30.2
      vertex -37.4807 -21.3921 32
    endloop
  endfacet
  facet normal 0.514084 -0.85774 0
    outer loop
      vertex 35.3856 -24.5277 30.2
      vertex 35.7223 -24.3259 32
      vertex 35.3856 -24.5277 32
    endloop
  endfacet
  facet normal 0.514084 -0.85774 0
    outer loop
      vertex 35.7223 -24.3259 32
      vertex 35.3856 -24.5277 30.2
      vertex 35.7223 -24.3259 30.2
    endloop
  endfacet
  facet normal -0.337014 0.9415 0
    outer loop
      vertex -34.6611 24.8278 30.2
      vertex -35.0307 24.6955 32
      vertex -34.6611 24.8278 32
    endloop
  endfacet
  facet normal -0.337014 0.9415 0
    outer loop
      vertex -35.0307 24.6955 32
      vertex -34.6611 24.8278 30.2
      vertex -35.0307 24.6955 30.2
    endloop
  endfacet
  facet normal -0.595794 -0.803137 0
    outer loop
      vertex -36.0376 -24.092 30.2
      vertex -35.7223 -24.3259 32
      vertex -36.0376 -24.092 32
    endloop
  endfacet
  facet normal -0.595794 -0.803137 -0
    outer loop
      vertex -35.7223 -24.3259 32
      vertex -36.0376 -24.092 30.2
      vertex -35.7223 -24.3259 30.2
    endloop
  endfacet
  facet normal 0.0491626 0.998791 -0
    outer loop
      vertex 33.8921 24.9807 30.2
      vertex 33.5 25 32
      vertex 33.8921 24.9807 32
    endloop
  endfacet
  facet normal 0.0491626 0.998791 0
    outer loop
      vertex 33.5 25 32
      vertex 33.8921 24.9807 30.2
      vertex 33.5 25 30.2
    endloop
  endfacet
  facet normal -0.85774 0.514084 0
    outer loop
      vertex -37.0277 22.8856 30.2
      vertex -36.8259 23.2223 32
      vertex -36.8259 23.2223 30.2
    endloop
  endfacet
  facet normal -0.85774 0.514084 0
    outer loop
      vertex -36.8259 23.2223 32
      vertex -37.0277 22.8856 30.2
      vertex -37.0277 22.8856 32
    endloop
  endfacet
  facet normal 0.146733 0.989176 -0
    outer loop
      vertex 34.2804 24.9231 30.2
      vertex 33.8921 24.9807 32
      vertex 34.2804 24.9231 32
    endloop
  endfacet
  facet normal 0.146733 0.989176 0
    outer loop
      vertex 33.8921 24.9807 32
      vertex 34.2804 24.9231 30.2
      vertex 33.8921 24.9807 30.2
    endloop
  endfacet
  facet normal 0.146733 -0.989176 0
    outer loop
      vertex 33.8921 -24.9807 30.2
      vertex 34.2804 -24.9231 32
      vertex 33.8921 -24.9807 32
    endloop
  endfacet
  facet normal 0.146733 -0.989176 0
    outer loop
      vertex 34.2804 -24.9231 32
      vertex 33.8921 -24.9807 30.2
      vertex 34.2804 -24.9231 30.2
    endloop
  endfacet
  facet normal 0.85774 0.514084 0
    outer loop
      vertex 37.0277 22.8856 32
      vertex 36.8259 23.2223 30.2
      vertex 36.8259 23.2223 32
    endloop
  endfacet
  facet normal 0.85774 0.514084 0
    outer loop
      vertex 36.8259 23.2223 30.2
      vertex 37.0277 22.8856 32
      vertex 37.0277 22.8856 30.2
    endloop
  endfacet
  facet normal 0.0491626 -0.998791 0
    outer loop
      vertex 33.5 -25 30.2
      vertex 33.8921 -24.9807 32
      vertex 33.5 -25 32
    endloop
  endfacet
  facet normal 0.0491626 -0.998791 0
    outer loop
      vertex 33.8921 -24.9807 32
      vertex 33.5 -25 30.2
      vertex 33.8921 -24.9807 30.2
    endloop
  endfacet
  facet normal 0.970068 0.242835 0
    outer loop
      vertex 37.4231 21.7804 32
      vertex 37.3278 22.1611 30.2
      vertex 37.3278 22.1611 32
    endloop
  endfacet
  facet normal 0.970068 0.242835 0
    outer loop
      vertex 37.3278 22.1611 30.2
      vertex 37.4231 21.7804 32
      vertex 37.4231 21.7804 30.2
    endloop
  endfacet
  facet normal 0.989176 -0.146733 0
    outer loop
      vertex 37.4231 -21.7804 32
      vertex 37.4807 -21.3921 30.2
      vertex 37.4807 -21.3921 32
    endloop
  endfacet
  facet normal 0.989176 -0.146733 0
    outer loop
      vertex 37.4807 -21.3921 30.2
      vertex 37.4231 -21.7804 32
      vertex 37.4231 -21.7804 30.2
    endloop
  endfacet
  facet normal -0.803137 -0.595794 0
    outer loop
      vertex -36.592 -23.5376 30.2
      vertex -36.8259 -23.2223 32
      vertex -36.8259 -23.2223 30.2
    endloop
  endfacet
  facet normal -0.803137 -0.595794 0
    outer loop
      vertex -36.8259 -23.2223 32
      vertex -36.592 -23.5376 30.2
      vertex -36.592 -23.5376 32
    endloop
  endfacet
  facet normal 0.904044 0.42744 0
    outer loop
      vertex 37.1955 22.5307 32
      vertex 37.0277 22.8856 30.2
      vertex 37.0277 22.8856 32
    endloop
  endfacet
  facet normal 0.904044 0.42744 0
    outer loop
      vertex 37.0277 22.8856 30.2
      vertex 37.1955 22.5307 32
      vertex 37.1955 22.5307 30.2
    endloop
  endfacet
  facet normal 0.998791 -0.0491626 0
    outer loop
      vertex 37.4807 -21.3921 32
      vertex 37.5 -21 30.2
      vertex 37.5 -21 32
    endloop
  endfacet
  facet normal 0.998791 -0.0491626 0
    outer loop
      vertex 37.5 -21 30.2
      vertex 37.4807 -21.3921 32
      vertex 37.4807 -21.3921 30.2
    endloop
  endfacet
  facet normal 0.42744 -0.904044 0
    outer loop
      vertex 35.0307 -24.6955 30.2
      vertex 35.3856 -24.5277 32
      vertex 35.0307 -24.6955 32
    endloop
  endfacet
  facet normal 0.42744 -0.904044 0
    outer loop
      vertex 35.3856 -24.5277 32
      vertex 35.0307 -24.6955 30.2
      vertex 35.3856 -24.5277 30.2
    endloop
  endfacet
  facet normal -0.146733 0.989176 0
    outer loop
      vertex -33.8921 24.9807 30.2
      vertex -34.2804 24.9231 32
      vertex -33.8921 24.9807 32
    endloop
  endfacet
  facet normal -0.146733 0.989176 0
    outer loop
      vertex -34.2804 24.9231 32
      vertex -33.8921 24.9807 30.2
      vertex -34.2804 24.9231 30.2
    endloop
  endfacet
  facet normal 0.989176 0.146733 0
    outer loop
      vertex 37.4807 21.3921 32
      vertex 37.4231 21.7804 30.2
      vertex 37.4231 21.7804 32
    endloop
  endfacet
  facet normal 0.989176 0.146733 0
    outer loop
      vertex 37.4231 21.7804 30.2
      vertex 37.4807 21.3921 32
      vertex 37.4807 21.3921 30.2
    endloop
  endfacet
  facet normal -0.242835 0.970068 0
    outer loop
      vertex -34.2804 24.9231 30.2
      vertex -34.6611 24.8278 32
      vertex -34.2804 24.9231 32
    endloop
  endfacet
  facet normal -0.242835 0.970068 0
    outer loop
      vertex -34.6611 24.8278 32
      vertex -34.2804 24.9231 30.2
      vertex -34.6611 24.8278 30.2
    endloop
  endfacet
  facet normal 0.337014 -0.9415 0
    outer loop
      vertex 34.6611 -24.8278 30.2
      vertex 35.0307 -24.6955 32
      vertex 34.6611 -24.8278 32
    endloop
  endfacet
  facet normal 0.337014 -0.9415 0
    outer loop
      vertex 35.0307 -24.6955 32
      vertex 34.6611 -24.8278 30.2
      vertex 35.0307 -24.6955 30.2
    endloop
  endfacet
  facet normal -0.595794 0.803137 0
    outer loop
      vertex -35.7223 24.3259 30.2
      vertex -36.0376 24.092 32
      vertex -35.7223 24.3259 32
    endloop
  endfacet
  facet normal -0.595794 0.803137 0
    outer loop
      vertex -36.0376 24.092 32
      vertex -35.7223 24.3259 30.2
      vertex -36.0376 24.092 30.2
    endloop
  endfacet
  facet normal 0.9415 -0.337014 0
    outer loop
      vertex 37.1955 -22.5307 32
      vertex 37.3278 -22.1611 30.2
      vertex 37.3278 -22.1611 32
    endloop
  endfacet
  facet normal 0.9415 -0.337014 0
    outer loop
      vertex 37.3278 -22.1611 30.2
      vertex 37.1955 -22.5307 32
      vertex 37.1955 -22.5307 30.2
    endloop
  endfacet
  facet normal 0.803137 -0.595794 0
    outer loop
      vertex 36.592 -23.5376 32
      vertex 36.8259 -23.2223 30.2
      vertex 36.8259 -23.2223 32
    endloop
  endfacet
  facet normal 0.803137 -0.595794 0
    outer loop
      vertex 36.8259 -23.2223 30.2
      vertex 36.592 -23.5376 32
      vertex 36.592 -23.5376 30.2
    endloop
  endfacet
  facet normal 0.242835 0.970068 -0
    outer loop
      vertex 34.6611 24.8278 30.2
      vertex 34.2804 24.9231 32
      vertex 34.6611 24.8278 32
    endloop
  endfacet
  facet normal 0.242835 0.970068 0
    outer loop
      vertex 34.2804 24.9231 32
      vertex 34.6611 24.8278 30.2
      vertex 34.2804 24.9231 30.2
    endloop
  endfacet
  facet normal -0.803137 0.595794 0
    outer loop
      vertex -36.8259 23.2223 30.2
      vertex -36.592 23.5376 32
      vertex -36.592 23.5376 30.2
    endloop
  endfacet
  facet normal -0.803137 0.595794 0
    outer loop
      vertex -36.592 23.5376 32
      vertex -36.8259 23.2223 30.2
      vertex -36.8259 23.2223 32
    endloop
  endfacet
  facet normal 0.671607 -0.740908 0
    outer loop
      vertex 36.0376 -24.092 30.2
      vertex 36.3284 -23.8284 32
      vertex 36.0376 -24.092 32
    endloop
  endfacet
  facet normal 0.671607 -0.740908 0
    outer loop
      vertex 36.3284 -23.8284 32
      vertex 36.0376 -24.092 30.2
      vertex 36.3284 -23.8284 30.2
    endloop
  endfacet
  facet normal 0.9415 0.337014 0
    outer loop
      vertex 37.3278 22.1611 32
      vertex 37.1955 22.5307 30.2
      vertex 37.1955 22.5307 32
    endloop
  endfacet
  facet normal 0.9415 0.337014 0
    outer loop
      vertex 37.1955 22.5307 30.2
      vertex 37.3278 22.1611 32
      vertex 37.3278 22.1611 30.2
    endloop
  endfacet
  facet normal -0.514084 0.85774 0
    outer loop
      vertex -35.3856 24.5277 30.2
      vertex -35.7223 24.3259 32
      vertex -35.3856 24.5277 32
    endloop
  endfacet
  facet normal -0.514084 0.85774 0
    outer loop
      vertex -35.7223 24.3259 32
      vertex -35.3856 24.5277 30.2
      vertex -35.7223 24.3259 30.2
    endloop
  endfacet
  facet normal 0.337014 0.9415 -0
    outer loop
      vertex 35.0307 24.6955 30.2
      vertex 34.6611 24.8278 32
      vertex 35.0307 24.6955 32
    endloop
  endfacet
  facet normal 0.337014 0.9415 0
    outer loop
      vertex 34.6611 24.8278 32
      vertex 35.0307 24.6955 30.2
      vertex 34.6611 24.8278 30.2
    endloop
  endfacet
  facet normal 0.740908 -0.671607 0
    outer loop
      vertex 36.3284 -23.8284 32
      vertex 36.592 -23.5376 30.2
      vertex 36.592 -23.5376 32
    endloop
  endfacet
  facet normal 0.740908 -0.671607 0
    outer loop
      vertex 36.592 -23.5376 30.2
      vertex 36.3284 -23.8284 32
      vertex 36.3284 -23.8284 30.2
    endloop
  endfacet
  facet normal -0.671607 0.740908 0
    outer loop
      vertex -36.0376 24.092 30.2
      vertex -36.3284 23.8284 32
      vertex -36.0376 24.092 32
    endloop
  endfacet
  facet normal -0.671607 0.740908 0
    outer loop
      vertex -36.3284 23.8284 32
      vertex -36.0376 24.092 30.2
      vertex -36.3284 23.8284 30.2
    endloop
  endfacet
  facet normal -0.740908 0.671607 0
    outer loop
      vertex -36.592 23.5376 30.2
      vertex -36.3284 23.8284 32
      vertex -36.3284 23.8284 30.2
    endloop
  endfacet
  facet normal -0.740908 0.671607 0
    outer loop
      vertex -36.3284 23.8284 32
      vertex -36.592 23.5376 30.2
      vertex -36.592 23.5376 32
    endloop
  endfacet
  facet normal -0.42744 0.904044 0
    outer loop
      vertex -35.0307 24.6955 30.2
      vertex -35.3856 24.5277 32
      vertex -35.0307 24.6955 32
    endloop
  endfacet
  facet normal -0.42744 0.904044 0
    outer loop
      vertex -35.3856 24.5277 32
      vertex -35.0307 24.6955 30.2
      vertex -35.3856 24.5277 30.2
    endloop
  endfacet
  facet normal -0.671607 -0.740908 0
    outer loop
      vertex -36.3284 -23.8284 30.2
      vertex -36.0376 -24.092 32
      vertex -36.3284 -23.8284 32
    endloop
  endfacet
  facet normal -0.671607 -0.740908 -0
    outer loop
      vertex -36.0376 -24.092 32
      vertex -36.3284 -23.8284 30.2
      vertex -36.0376 -24.092 30.2
    endloop
  endfacet
  facet normal -0.337014 -0.9415 0
    outer loop
      vertex -35.0307 -24.6955 30.2
      vertex -34.6611 -24.8278 32
      vertex -35.0307 -24.6955 32
    endloop
  endfacet
  facet normal -0.337014 -0.9415 -0
    outer loop
      vertex -34.6611 -24.8278 32
      vertex -35.0307 -24.6955 30.2
      vertex -34.6611 -24.8278 30.2
    endloop
  endfacet
  facet normal -0.998791 0.0491626 0
    outer loop
      vertex -37.5 21 30.2
      vertex -37.4807 21.3921 32
      vertex -37.4807 21.3921 30.2
    endloop
  endfacet
  facet normal -0.998791 0.0491626 0
    outer loop
      vertex -37.4807 21.3921 32
      vertex -37.5 21 30.2
      vertex -37.5 21 32
    endloop
  endfacet
  facet normal -0.989176 0.146733 0
    outer loop
      vertex -37.4807 21.3921 30.2
      vertex -37.4231 21.7804 32
      vertex -37.4231 21.7804 30.2
    endloop
  endfacet
  facet normal -0.989176 0.146733 0
    outer loop
      vertex -37.4231 21.7804 32
      vertex -37.4807 21.3921 30.2
      vertex -37.4807 21.3921 32
    endloop
  endfacet
  facet normal -0.989176 -0.146733 0
    outer loop
      vertex -37.4231 -21.7804 30.2
      vertex -37.4807 -21.3921 32
      vertex -37.4807 -21.3921 30.2
    endloop
  endfacet
  facet normal -0.989176 -0.146733 0
    outer loop
      vertex -37.4807 -21.3921 32
      vertex -37.4231 -21.7804 30.2
      vertex -37.4231 -21.7804 32
    endloop
  endfacet
  facet normal -0.970068 0.242835 0
    outer loop
      vertex -37.4231 21.7804 30.2
      vertex -37.3278 22.1611 32
      vertex -37.3278 22.1611 30.2
    endloop
  endfacet
  facet normal -0.970068 0.242835 0
    outer loop
      vertex -37.3278 22.1611 32
      vertex -37.4231 21.7804 30.2
      vertex -37.4231 21.7804 32
    endloop
  endfacet
  facet normal 0.595794 -0.803137 0
    outer loop
      vertex 35.7223 -24.3259 30.2
      vertex 36.0376 -24.092 32
      vertex 35.7223 -24.3259 32
    endloop
  endfacet
  facet normal 0.595794 -0.803137 0
    outer loop
      vertex 36.0376 -24.092 32
      vertex 35.7223 -24.3259 30.2
      vertex 36.0376 -24.092 30.2
    endloop
  endfacet
  facet normal -0.242835 -0.970068 0
    outer loop
      vertex -34.6611 -24.8278 30.2
      vertex -34.2804 -24.9231 32
      vertex -34.6611 -24.8278 32
    endloop
  endfacet
  facet normal -0.242835 -0.970068 -0
    outer loop
      vertex -34.2804 -24.9231 32
      vertex -34.6611 -24.8278 30.2
      vertex -34.2804 -24.9231 30.2
    endloop
  endfacet
  facet normal 0.970068 -0.242835 0
    outer loop
      vertex 37.3278 -22.1611 32
      vertex 37.4231 -21.7804 30.2
      vertex 37.4231 -21.7804 32
    endloop
  endfacet
  facet normal 0.970068 -0.242835 0
    outer loop
      vertex 37.4231 -21.7804 30.2
      vertex 37.3278 -22.1611 32
      vertex 37.3278 -22.1611 30.2
    endloop
  endfacet
  facet normal -0.514084 -0.85774 0
    outer loop
      vertex -35.7223 -24.3259 30.2
      vertex -35.3856 -24.5277 32
      vertex -35.7223 -24.3259 32
    endloop
  endfacet
  facet normal -0.514084 -0.85774 -0
    outer loop
      vertex -35.3856 -24.5277 32
      vertex -35.7223 -24.3259 30.2
      vertex -35.3856 -24.5277 30.2
    endloop
  endfacet
  facet normal -0.9415 0.337014 0
    outer loop
      vertex -37.3278 22.1611 30.2
      vertex -37.1955 22.5307 32
      vertex -37.1955 22.5307 30.2
    endloop
  endfacet
  facet normal -0.9415 0.337014 0
    outer loop
      vertex -37.1955 22.5307 32
      vertex -37.3278 22.1611 30.2
      vertex -37.3278 22.1611 32
    endloop
  endfacet
  facet normal 0.740908 0.671607 0
    outer loop
      vertex 36.592 23.5376 32
      vertex 36.3284 23.8284 30.2
      vertex 36.3284 23.8284 32
    endloop
  endfacet
  facet normal 0.740908 0.671607 0
    outer loop
      vertex 36.3284 23.8284 30.2
      vertex 36.592 23.5376 32
      vertex 36.592 23.5376 30.2
    endloop
  endfacet
  facet normal 0.671607 0.740908 -0
    outer loop
      vertex 36.3284 23.8284 30.2
      vertex 36.0376 24.092 32
      vertex 36.3284 23.8284 32
    endloop
  endfacet
  facet normal 0.671607 0.740908 0
    outer loop
      vertex 36.0376 24.092 32
      vertex 36.3284 23.8284 30.2
      vertex 36.0376 24.092 30.2
    endloop
  endfacet
  facet normal -0.970068 -0.242835 0
    outer loop
      vertex -37.3278 -22.1611 30.2
      vertex -37.4231 -21.7804 32
      vertex -37.4231 -21.7804 30.2
    endloop
  endfacet
  facet normal -0.970068 -0.242835 0
    outer loop
      vertex -37.4231 -21.7804 32
      vertex -37.3278 -22.1611 30.2
      vertex -37.3278 -22.1611 32
    endloop
  endfacet
  facet normal -0.9415 -0.337014 0
    outer loop
      vertex -37.1955 -22.5307 30.2
      vertex -37.3278 -22.1611 32
      vertex -37.3278 -22.1611 30.2
    endloop
  endfacet
  facet normal -0.9415 -0.337014 0
    outer loop
      vertex -37.3278 -22.1611 32
      vertex -37.1955 -22.5307 30.2
      vertex -37.1955 -22.5307 32
    endloop
  endfacet
  facet normal -0.740908 -0.671607 0
    outer loop
      vertex -36.3284 -23.8284 30.2
      vertex -36.592 -23.5376 32
      vertex -36.592 -23.5376 30.2
    endloop
  endfacet
  facet normal -0.740908 -0.671607 0
    outer loop
      vertex -36.592 -23.5376 32
      vertex -36.3284 -23.8284 30.2
      vertex -36.3284 -23.8284 32
    endloop
  endfacet
  facet normal 0.85774 -0.514084 0
    outer loop
      vertex 36.8259 -23.2223 32
      vertex 37.0277 -22.8856 30.2
      vertex 37.0277 -22.8856 32
    endloop
  endfacet
  facet normal 0.85774 -0.514084 0
    outer loop
      vertex 37.0277 -22.8856 30.2
      vertex 36.8259 -23.2223 32
      vertex 36.8259 -23.2223 30.2
    endloop
  endfacet
  facet normal -0.42744 -0.904044 0
    outer loop
      vertex -35.3856 -24.5277 30.2
      vertex -35.0307 -24.6955 32
      vertex -35.3856 -24.5277 32
    endloop
  endfacet
  facet normal -0.42744 -0.904044 -0
    outer loop
      vertex -35.0307 -24.6955 32
      vertex -35.3856 -24.5277 30.2
      vertex -35.0307 -24.6955 30.2
    endloop
  endfacet
  facet normal -0.85774 -0.514084 0
    outer loop
      vertex -36.8259 -23.2223 30.2
      vertex -37.0277 -22.8856 32
      vertex -37.0277 -22.8856 30.2
    endloop
  endfacet
  facet normal -0.85774 -0.514084 0
    outer loop
      vertex -37.0277 -22.8856 32
      vertex -36.8259 -23.2223 30.2
      vertex -36.8259 -23.2223 32
    endloop
  endfacet
  facet normal -0.989209 -0.146513 0
    outer loop
      vertex -43.9101 -33.2942 26
      vertex -43.9403 -33.0903 32
      vertex -43.9403 -33.0903 26
    endloop
  endfacet
  facet normal -0.989209 -0.146513 0
    outer loop
      vertex -43.9403 -33.0903 32
      vertex -43.9101 -33.2942 26
      vertex -43.9101 -33.2942 32
    endloop
  endfacet
  facet normal -0.998798 -0.0490178 0
    outer loop
      vertex -43.9 -33.5 26
      vertex -43.9101 -33.2942 32
      vertex -43.9101 -33.2942 26
    endloop
  endfacet
  facet normal -0.998798 -0.0490178 0
    outer loop
      vertex -43.9101 -33.2942 32
      vertex -43.9 -33.5 26
      vertex -43.9 -33.5 32
    endloop
  endfacet
  facet normal -0.97 -0.243106 0
    outer loop
      vertex -43.9403 -33.0903 26
      vertex -43.9904 -32.8904 32
      vertex -43.9904 -32.8904 26
    endloop
  endfacet
  facet normal -0.97 -0.243106 0
    outer loop
      vertex -43.9904 -32.8904 32
      vertex -43.9403 -33.0903 26
      vertex -43.9403 -33.0903 32
    endloop
  endfacet
  facet normal -0.998798 0.0490178 0
    outer loop
      vertex -43.9101 -33.7058 26
      vertex -43.9 -33.5 32
      vertex -43.9 -33.5 26
    endloop
  endfacet
  facet normal -0.998798 0.0490178 0
    outer loop
      vertex -43.9 -33.5 32
      vertex -43.9101 -33.7058 26
      vertex -43.9101 -33.7058 32
    endloop
  endfacet
  facet normal -0.337258 0.941412 0
    outer loop
      vertex -45.1964 -35.4401 26
      vertex -45.3904 -35.5096 32
      vertex -45.1964 -35.4401 32
    endloop
  endfacet
  facet normal -0.337258 0.941412 0
    outer loop
      vertex -45.3904 -35.5096 32
      vertex -45.1964 -35.4401 26
      vertex -45.3904 -35.5096 26
    endloop
  endfacet
  facet normal 0.427502 0.904014 -0
    outer loop
      vertex -46.8036 -35.4401 26
      vertex -46.9899 -35.352 32
      vertex -46.8036 -35.4401 32
    endloop
  endfacet
  facet normal 0.427502 0.904014 0
    outer loop
      vertex -46.9899 -35.352 32
      vertex -46.8036 -35.4401 26
      vertex -46.9899 -35.352 26
    endloop
  endfacet
  facet normal 0.989138 0.146988 0
    outer loop
      vertex -48.0596 -33.9097 32
      vertex -48.0899 -33.7058 26
      vertex -48.0899 -33.7058 32
    endloop
  endfacet
  facet normal 0.989138 0.146988 0
    outer loop
      vertex -48.0899 -33.7058 26
      vertex -48.0596 -33.9097 32
      vertex -48.0596 -33.9097 26
    endloop
  endfacet
  facet normal 0.671561 -0.740949 0
    outer loop
      vertex -47.4849 -32.0151 26
      vertex -47.3322 -31.8767 32
      vertex -47.4849 -32.0151 32
    endloop
  endfacet
  facet normal 0.671561 -0.740949 0
    outer loop
      vertex -47.3322 -31.8767 32
      vertex -47.4849 -32.0151 26
      vertex -47.3322 -31.8767 26
    endloop
  endfacet
  facet normal 0.24265 0.970114 -0
    outer loop
      vertex -46.4097 -35.5596 26
      vertex -46.6096 -35.5096 32
      vertex -46.4097 -35.5596 32
    endloop
  endfacet
  facet normal 0.24265 0.970114 0
    outer loop
      vertex -46.6096 -35.5096 32
      vertex -46.4097 -35.5596 26
      vertex -46.6096 -35.5096 26
    endloop
  endfacet
  facet normal 0.970114 -0.24265 0
    outer loop
      vertex -48.0596 -33.0903 32
      vertex -48.0096 -32.8904 26
      vertex -48.0096 -32.8904 32
    endloop
  endfacet
  facet normal 0.970114 -0.24265 0
    outer loop
      vertex -48.0096 -32.8904 26
      vertex -48.0596 -33.0903 32
      vertex -48.0596 -33.0903 26
    endloop
  endfacet
  facet normal -0.803076 -0.595877 0
    outer loop
      vertex -44.2539 -32.3333 26
      vertex -44.3767 -32.1678 32
      vertex -44.3767 -32.1678 26
    endloop
  endfacet
  facet normal -0.803076 -0.595877 0
    outer loop
      vertex -44.3767 -32.1678 32
      vertex -44.2539 -32.3333 26
      vertex -44.2539 -32.3333 32
    endloop
  endfacet
  facet normal 0.0490178 -0.998798 0
    outer loop
      vertex -46.2058 -31.4101 26
      vertex -46 -31.4 32
      vertex -46.2058 -31.4101 32
    endloop
  endfacet
  facet normal 0.0490178 -0.998798 0
    outer loop
      vertex -46 -31.4 32
      vertex -46.2058 -31.4101 26
      vertex -46 -31.4 26
    endloop
  endfacet
  facet normal 0.740949 0.671561 0
    outer loop
      vertex -47.4849 -34.9849 32
      vertex -47.6233 -34.8322 26
      vertex -47.6233 -34.8322 32
    endloop
  endfacet
  facet normal 0.740949 0.671561 0
    outer loop
      vertex -47.6233 -34.8322 26
      vertex -47.4849 -34.9849 32
      vertex -47.4849 -34.9849 26
    endloop
  endfacet
  facet normal 0.595877 0.803076 -0
    outer loop
      vertex -47.1667 -35.2461 26
      vertex -47.3322 -35.1233 32
      vertex -47.1667 -35.2461 32
    endloop
  endfacet
  facet normal 0.595877 0.803076 0
    outer loop
      vertex -47.3322 -35.1233 32
      vertex -47.1667 -35.2461 26
      vertex -47.3322 -35.1233 26
    endloop
  endfacet
  facet normal -0.0490178 -0.998798 0
    outer loop
      vertex -46 -31.4 26
      vertex -45.7942 -31.4101 32
      vertex -46 -31.4 32
    endloop
  endfacet
  facet normal -0.0490178 -0.998798 -0
    outer loop
      vertex -45.7942 -31.4101 32
      vertex -46 -31.4 26
      vertex -45.7942 -31.4101 26
    endloop
  endfacet
  facet normal 0.803076 0.595877 0
    outer loop
      vertex -47.6233 -34.8322 32
      vertex -47.7461 -34.6667 26
      vertex -47.7461 -34.6667 32
    endloop
  endfacet
  facet normal 0.803076 0.595877 0
    outer loop
      vertex -47.7461 -34.6667 26
      vertex -47.6233 -34.8322 32
      vertex -47.6233 -34.8322 26
    endloop
  endfacet
  facet normal -0.989209 0.146513 0
    outer loop
      vertex -43.9403 -33.9097 26
      vertex -43.9101 -33.7058 32
      vertex -43.9101 -33.7058 26
    endloop
  endfacet
  facet normal -0.989209 0.146513 0
    outer loop
      vertex -43.9101 -33.7058 32
      vertex -43.9403 -33.9097 26
      vertex -43.9403 -33.9097 32
    endloop
  endfacet
  facet normal 0.740949 -0.671561 0
    outer loop
      vertex -47.6233 -32.1678 32
      vertex -47.4849 -32.0151 26
      vertex -47.4849 -32.0151 32
    endloop
  endfacet
  facet normal 0.740949 -0.671561 0
    outer loop
      vertex -47.4849 -32.0151 26
      vertex -47.6233 -32.1678 32
      vertex -47.6233 -32.1678 26
    endloop
  endfacet
  facet normal -0.941412 0.337258 0
    outer loop
      vertex -44.0599 -34.3036 26
      vertex -43.9904 -34.1096 32
      vertex -43.9904 -34.1096 26
    endloop
  endfacet
  facet normal -0.941412 0.337258 0
    outer loop
      vertex -43.9904 -34.1096 32
      vertex -44.0599 -34.3036 26
      vertex -44.0599 -34.3036 32
    endloop
  endfacet
  facet normal 0.337258 -0.941412 0
    outer loop
      vertex -46.8036 -31.5599 26
      vertex -46.6096 -31.4904 32
      vertex -46.8036 -31.5599 32
    endloop
  endfacet
  facet normal 0.337258 -0.941412 0
    outer loop
      vertex -46.6096 -31.4904 32
      vertex -46.8036 -31.5599 26
      vertex -46.6096 -31.4904 26
    endloop
  endfacet
  facet normal -0.941412 -0.337258 0
    outer loop
      vertex -43.9904 -32.8904 26
      vertex -44.0599 -32.6964 32
      vertex -44.0599 -32.6964 26
    endloop
  endfacet
  facet normal -0.941412 -0.337258 0
    outer loop
      vertex -44.0599 -32.6964 32
      vertex -43.9904 -32.8904 26
      vertex -43.9904 -32.8904 32
    endloop
  endfacet
  facet normal 0.904014 -0.427502 0
    outer loop
      vertex -47.9401 -32.6964 32
      vertex -47.852 -32.5101 26
      vertex -47.852 -32.5101 32
    endloop
  endfacet
  facet normal 0.904014 -0.427502 0
    outer loop
      vertex -47.852 -32.5101 26
      vertex -47.9401 -32.6964 32
      vertex -47.9401 -32.6964 26
    endloop
  endfacet
  facet normal -0.97 0.243106 0
    outer loop
      vertex -43.9904 -34.1096 26
      vertex -43.9403 -33.9097 32
      vertex -43.9403 -33.9097 26
    endloop
  endfacet
  facet normal -0.97 0.243106 0
    outer loop
      vertex -43.9403 -33.9097 32
      vertex -43.9904 -34.1096 26
      vertex -43.9904 -34.1096 32
    endloop
  endfacet
  facet normal -0.0490178 0.998798 0
    outer loop
      vertex -45.7942 -35.5899 26
      vertex -46 -35.6 32
      vertex -45.7942 -35.5899 32
    endloop
  endfacet
  facet normal -0.0490178 0.998798 0
    outer loop
      vertex -46 -35.6 32
      vertex -45.7942 -35.5899 26
      vertex -46 -35.6 26
    endloop
  endfacet
  facet normal -0.904014 -0.427502 0
    outer loop
      vertex -44.0599 -32.6964 26
      vertex -44.148 -32.5101 32
      vertex -44.148 -32.5101 26
    endloop
  endfacet
  facet normal -0.904014 -0.427502 0
    outer loop
      vertex -44.148 -32.5101 32
      vertex -44.0599 -32.6964 26
      vertex -44.0599 -32.6964 32
    endloop
  endfacet
  facet normal 0.941412 0.337258 0
    outer loop
      vertex -47.9401 -34.3036 32
      vertex -48.0096 -34.1096 26
      vertex -48.0096 -34.1096 32
    endloop
  endfacet
  facet normal 0.941412 0.337258 0
    outer loop
      vertex -48.0096 -34.1096 26
      vertex -47.9401 -34.3036 32
      vertex -47.9401 -34.3036 26
    endloop
  endfacet
  facet normal -0.427502 0.904014 0
    outer loop
      vertex -45.0101 -35.352 26
      vertex -45.1964 -35.4401 32
      vertex -45.0101 -35.352 32
    endloop
  endfacet
  facet normal -0.427502 0.904014 0
    outer loop
      vertex -45.1964 -35.4401 32
      vertex -45.0101 -35.352 26
      vertex -45.1964 -35.4401 26
    endloop
  endfacet
  facet normal -0.427502 -0.904014 0
    outer loop
      vertex -45.1964 -31.5599 26
      vertex -45.0101 -31.648 32
      vertex -45.1964 -31.5599 32
    endloop
  endfacet
  facet normal -0.427502 -0.904014 -0
    outer loop
      vertex -45.0101 -31.648 32
      vertex -45.1964 -31.5599 26
      vertex -45.0101 -31.648 26
    endloop
  endfacet
  facet normal 0.427502 -0.904014 0
    outer loop
      vertex -46.9899 -31.648 26
      vertex -46.8036 -31.5599 32
      vertex -46.9899 -31.648 32
    endloop
  endfacet
  facet normal 0.427502 -0.904014 0
    outer loop
      vertex -46.8036 -31.5599 32
      vertex -46.9899 -31.648 26
      vertex -46.8036 -31.5599 26
    endloop
  endfacet
  facet normal -0.595877 0.803076 0
    outer loop
      vertex -44.6678 -35.1233 26
      vertex -44.8333 -35.2461 32
      vertex -44.6678 -35.1233 32
    endloop
  endfacet
  facet normal -0.595877 0.803076 0
    outer loop
      vertex -44.8333 -35.2461 32
      vertex -44.6678 -35.1233 26
      vertex -44.8333 -35.2461 26
    endloop
  endfacet
  facet normal -0.740949 0.671561 0
    outer loop
      vertex -44.5151 -34.9849 26
      vertex -44.3767 -34.8322 32
      vertex -44.3767 -34.8322 26
    endloop
  endfacet
  facet normal -0.740949 0.671561 0
    outer loop
      vertex -44.3767 -34.8322 32
      vertex -44.5151 -34.9849 26
      vertex -44.5151 -34.9849 32
    endloop
  endfacet
  facet normal 0.904014 0.427502 0
    outer loop
      vertex -47.852 -34.4899 32
      vertex -47.9401 -34.3036 26
      vertex -47.9401 -34.3036 32
    endloop
  endfacet
  facet normal 0.904014 0.427502 0
    outer loop
      vertex -47.9401 -34.3036 26
      vertex -47.852 -34.4899 32
      vertex -47.852 -34.4899 26
    endloop
  endfacet
  facet normal -0.146988 0.989138 0
    outer loop
      vertex -45.5903 -35.5596 26
      vertex -45.7942 -35.5899 32
      vertex -45.5903 -35.5596 32
    endloop
  endfacet
  facet normal -0.146988 0.989138 0
    outer loop
      vertex -45.7942 -35.5899 32
      vertex -45.5903 -35.5596 26
      vertex -45.7942 -35.5899 26
    endloop
  endfacet
  facet normal -0.243106 -0.97 0
    outer loop
      vertex -45.5903 -31.4403 26
      vertex -45.3904 -31.4904 32
      vertex -45.5903 -31.4403 32
    endloop
  endfacet
  facet normal -0.243106 -0.97 -0
    outer loop
      vertex -45.3904 -31.4904 32
      vertex -45.5903 -31.4403 26
      vertex -45.3904 -31.4904 26
    endloop
  endfacet
  facet normal -0.857878 0.513853 0
    outer loop
      vertex -44.2539 -34.6667 26
      vertex -44.148 -34.4899 32
      vertex -44.148 -34.4899 26
    endloop
  endfacet
  facet normal -0.857878 0.513853 0
    outer loop
      vertex -44.148 -34.4899 32
      vertex -44.2539 -34.6667 26
      vertex -44.2539 -34.6667 32
    endloop
  endfacet
  facet normal -0.671561 -0.740949 0
    outer loop
      vertex -44.6678 -31.8767 26
      vertex -44.5151 -32.0151 32
      vertex -44.6678 -31.8767 32
    endloop
  endfacet
  facet normal -0.671561 -0.740949 -0
    outer loop
      vertex -44.5151 -32.0151 32
      vertex -44.6678 -31.8767 26
      vertex -44.5151 -32.0151 26
    endloop
  endfacet
  facet normal 0.989138 -0.146988 0
    outer loop
      vertex -48.0899 -33.2942 32
      vertex -48.0596 -33.0903 26
      vertex -48.0596 -33.0903 32
    endloop
  endfacet
  facet normal 0.989138 -0.146988 0
    outer loop
      vertex -48.0596 -33.0903 26
      vertex -48.0899 -33.2942 32
      vertex -48.0899 -33.2942 26
    endloop
  endfacet
  facet normal -0.595877 -0.803076 0
    outer loop
      vertex -44.8333 -31.7539 26
      vertex -44.6678 -31.8767 32
      vertex -44.8333 -31.7539 32
    endloop
  endfacet
  facet normal -0.595877 -0.803076 -0
    outer loop
      vertex -44.6678 -31.8767 32
      vertex -44.8333 -31.7539 26
      vertex -44.6678 -31.8767 26
    endloop
  endfacet
  facet normal -0.513853 -0.857878 0
    outer loop
      vertex -45.0101 -31.648 26
      vertex -44.8333 -31.7539 32
      vertex -45.0101 -31.648 32
    endloop
  endfacet
  facet normal -0.513853 -0.857878 -0
    outer loop
      vertex -44.8333 -31.7539 32
      vertex -45.0101 -31.648 26
      vertex -44.8333 -31.7539 26
    endloop
  endfacet
  facet normal -0.803076 0.595877 0
    outer loop
      vertex -44.3767 -34.8322 26
      vertex -44.2539 -34.6667 32
      vertex -44.2539 -34.6667 26
    endloop
  endfacet
  facet normal -0.803076 0.595877 0
    outer loop
      vertex -44.2539 -34.6667 32
      vertex -44.3767 -34.8322 26
      vertex -44.3767 -34.8322 32
    endloop
  endfacet
  facet normal -0.337258 -0.941412 0
    outer loop
      vertex -45.3904 -31.4904 26
      vertex -45.1964 -31.5599 32
      vertex -45.3904 -31.4904 32
    endloop
  endfacet
  facet normal -0.337258 -0.941412 -0
    outer loop
      vertex -45.1964 -31.5599 32
      vertex -45.3904 -31.4904 26
      vertex -45.1964 -31.5599 26
    endloop
  endfacet
  facet normal 0.857878 0.513853 0
    outer loop
      vertex -47.7461 -34.6667 32
      vertex -47.852 -34.4899 26
      vertex -47.852 -34.4899 32
    endloop
  endfacet
  facet normal 0.857878 0.513853 0
    outer loop
      vertex -47.852 -34.4899 26
      vertex -47.7461 -34.6667 32
      vertex -47.7461 -34.6667 26
    endloop
  endfacet
  facet normal -0.24265 0.970114 0
    outer loop
      vertex -45.3904 -35.5096 26
      vertex -45.5903 -35.5596 32
      vertex -45.3904 -35.5096 32
    endloop
  endfacet
  facet normal -0.24265 0.970114 0
    outer loop
      vertex -45.5903 -35.5596 32
      vertex -45.3904 -35.5096 26
      vertex -45.5903 -35.5596 26
    endloop
  endfacet
  facet normal -0.740949 -0.671561 0
    outer loop
      vertex -44.3767 -32.1678 26
      vertex -44.5151 -32.0151 32
      vertex -44.5151 -32.0151 26
    endloop
  endfacet
  facet normal -0.740949 -0.671561 0
    outer loop
      vertex -44.5151 -32.0151 32
      vertex -44.3767 -32.1678 26
      vertex -44.3767 -32.1678 32
    endloop
  endfacet
  facet normal -0.857878 -0.513853 0
    outer loop
      vertex -44.148 -32.5101 26
      vertex -44.2539 -32.3333 32
      vertex -44.2539 -32.3333 26
    endloop
  endfacet
  facet normal -0.857878 -0.513853 0
    outer loop
      vertex -44.2539 -32.3333 32
      vertex -44.148 -32.5101 26
      vertex -44.148 -32.5101 32
    endloop
  endfacet
  facet normal 0.671561 0.740949 -0
    outer loop
      vertex -47.3322 -35.1233 26
      vertex -47.4849 -34.9849 32
      vertex -47.3322 -35.1233 32
    endloop
  endfacet
  facet normal 0.671561 0.740949 0
    outer loop
      vertex -47.4849 -34.9849 32
      vertex -47.3322 -35.1233 26
      vertex -47.4849 -34.9849 26
    endloop
  endfacet
  facet normal 0.513853 -0.857878 0
    outer loop
      vertex -47.1667 -31.7539 26
      vertex -46.9899 -31.648 32
      vertex -47.1667 -31.7539 32
    endloop
  endfacet
  facet normal 0.513853 -0.857878 0
    outer loop
      vertex -46.9899 -31.648 32
      vertex -47.1667 -31.7539 26
      vertex -46.9899 -31.648 26
    endloop
  endfacet
  facet normal 0.243106 -0.97 0
    outer loop
      vertex -46.6096 -31.4904 26
      vertex -46.4097 -31.4403 32
      vertex -46.6096 -31.4904 32
    endloop
  endfacet
  facet normal 0.243106 -0.97 0
    outer loop
      vertex -46.4097 -31.4403 32
      vertex -46.6096 -31.4904 26
      vertex -46.4097 -31.4403 26
    endloop
  endfacet
  facet normal 0 0 1
    outer loop
      vertex -43.9101 -33.2942 26
      vertex -43.9101 -33.7058 26
      vertex -43.9 -33.5 26
    endloop
  endfacet
  facet normal 0 0 1
    outer loop
      vertex -43.9403 -33.0903 26
      vertex -43.9101 -33.7058 26
      vertex -43.9101 -33.2942 26
    endloop
  endfacet
  facet normal 0 0 1
    outer loop
      vertex -43.9403 -33.0903 26
      vertex -43.9403 -33.9097 26
      vertex -43.9101 -33.7058 26
    endloop
  endfacet
  facet normal 0 0 1
    outer loop
      vertex -43.9904 -32.8904 26
      vertex -43.9403 -33.9097 26
      vertex -43.9403 -33.0903 26
    endloop
  endfacet
  facet normal 0 0 1
    outer loop
      vertex -43.9904 -32.8904 26
      vertex -43.9904 -34.1096 26
      vertex -43.9403 -33.9097 26
    endloop
  endfacet
  facet normal 0 0 1
    outer loop
      vertex -44.0599 -32.6964 26
      vertex -43.9904 -34.1096 26
      vertex -43.9904 -32.8904 26
    endloop
  endfacet
  facet normal 0 0 1
    outer loop
      vertex -44.0599 -32.6964 26
      vertex -44.0599 -34.3036 26
      vertex -43.9904 -34.1096 26
    endloop
  endfacet
  facet normal 0 0 1
    outer loop
      vertex -44.148 -32.5101 26
      vertex -44.0599 -34.3036 26
      vertex -44.0599 -32.6964 26
    endloop
  endfacet
  facet normal 0 0 1
    outer loop
      vertex -44.148 -32.5101 26
      vertex -44.148 -34.4899 26
      vertex -44.0599 -34.3036 26
    endloop
  endfacet
  facet normal 0 0 1
    outer loop
      vertex -44.2539 -32.3333 26
      vertex -44.148 -34.4899 26
      vertex -44.148 -32.5101 26
    endloop
  endfacet
  facet normal 0 0 1
    outer loop
      vertex -44.2539 -32.3333 26
      vertex -44.2539 -34.6667 26
      vertex -44.148 -34.4899 26
    endloop
  endfacet
  facet normal 0 0 1
    outer loop
      vertex -44.3767 -32.1678 26
      vertex -44.2539 -34.6667 26
      vertex -44.2539 -32.3333 26
    endloop
  endfacet
  facet normal 0 0 1
    outer loop
      vertex -44.3767 -32.1678 26
      vertex -44.3767 -34.8322 26
      vertex -44.2539 -34.6667 26
    endloop
  endfacet
  facet normal 0 0 1
    outer loop
      vertex -44.5151 -32.0151 26
      vertex -44.3767 -34.8322 26
      vertex -44.3767 -32.1678 26
    endloop
  endfacet
  facet normal 0 0 1
    outer loop
      vertex -44.5151 -32.0151 26
      vertex -44.5151 -34.9849 26
      vertex -44.3767 -34.8322 26
    endloop
  endfacet
  facet normal 0 0 1
    outer loop
      vertex -44.6678 -31.8767 26
      vertex -44.5151 -34.9849 26
      vertex -44.5151 -32.0151 26
    endloop
  endfacet
  facet normal 0 0 1
    outer loop
      vertex -44.6678 -31.8767 26
      vertex -44.6678 -35.1233 26
      vertex -44.5151 -34.9849 26
    endloop
  endfacet
  facet normal 0 0 1
    outer loop
      vertex -44.8333 -31.7539 26
      vertex -44.6678 -35.1233 26
      vertex -44.6678 -31.8767 26
    endloop
  endfacet
  facet normal 0 0 1
    outer loop
      vertex -44.8333 -31.7539 26
      vertex -44.8333 -35.2461 26
      vertex -44.6678 -35.1233 26
    endloop
  endfacet
  facet normal 0 0 1
    outer loop
      vertex -45.0101 -31.648 26
      vertex -44.8333 -35.2461 26
      vertex -44.8333 -31.7539 26
    endloop
  endfacet
  facet normal 0 0 1
    outer loop
      vertex -45.0101 -31.648 26
      vertex -45.0101 -35.352 26
      vertex -44.8333 -35.2461 26
    endloop
  endfacet
  facet normal 0 0 1
    outer loop
      vertex -45.1964 -31.5599 26
      vertex -45.0101 -35.352 26
      vertex -45.0101 -31.648 26
    endloop
  endfacet
  facet normal 0 0 1
    outer loop
      vertex -45.1964 -31.5599 26
      vertex -45.1964 -35.4401 26
      vertex -45.0101 -35.352 26
    endloop
  endfacet
  facet normal 0 0 1
    outer loop
      vertex -45.3904 -31.4904 26
      vertex -45.1964 -35.4401 26
      vertex -45.1964 -31.5599 26
    endloop
  endfacet
  facet normal 0 0 1
    outer loop
      vertex -45.3904 -31.4904 26
      vertex -45.3904 -35.5096 26
      vertex -45.1964 -35.4401 26
    endloop
  endfacet
  facet normal 0 0 1
    outer loop
      vertex -45.5903 -31.4403 26
      vertex -45.3904 -35.5096 26
      vertex -45.3904 -31.4904 26
    endloop
  endfacet
  facet normal 0 0 1
    outer loop
      vertex -45.5903 -31.4403 26
      vertex -45.5903 -35.5596 26
      vertex -45.3904 -35.5096 26
    endloop
  endfacet
  facet normal 0 0 1
    outer loop
      vertex -45.7942 -31.4101 26
      vertex -45.5903 -35.5596 26
      vertex -45.5903 -31.4403 26
    endloop
  endfacet
  facet normal 0 0 1
    outer loop
      vertex -45.7942 -31.4101 26
      vertex -45.7942 -35.5899 26
      vertex -45.5903 -35.5596 26
    endloop
  endfacet
  facet normal 0 0 1
    outer loop
      vertex -46 -31.4 26
      vertex -45.7942 -35.5899 26
      vertex -45.7942 -31.4101 26
    endloop
  endfacet
  facet normal 0 0 1
    outer loop
      vertex -46 -31.4 26
      vertex -46 -35.6 26
      vertex -45.7942 -35.5899 26
    endloop
  endfacet
  facet normal -0 0 1
    outer loop
      vertex -46.2058 -31.4101 26
      vertex -46 -35.6 26
      vertex -46 -31.4 26
    endloop
  endfacet
  facet normal 0 0 1
    outer loop
      vertex -46.2058 -31.4101 26
      vertex -46.2058 -35.5899 26
      vertex -46 -35.6 26
    endloop
  endfacet
  facet normal -0 0 1
    outer loop
      vertex -46.4097 -31.4403 26
      vertex -46.2058 -35.5899 26
      vertex -46.2058 -31.4101 26
    endloop
  endfacet
  facet normal 0 0 1
    outer loop
      vertex -46.4097 -31.4403 26
      vertex -46.4097 -35.5596 26
      vertex -46.2058 -35.5899 26
    endloop
  endfacet
  facet normal -0 0 1
    outer loop
      vertex -46.6096 -31.4904 26
      vertex -46.4097 -35.5596 26
      vertex -46.4097 -31.4403 26
    endloop
  endfacet
  facet normal 0 0 1
    outer loop
      vertex -46.6096 -31.4904 26
      vertex -46.6096 -35.5096 26
      vertex -46.4097 -35.5596 26
    endloop
  endfacet
  facet normal -0 0 1
    outer loop
      vertex -46.8036 -31.5599 26
      vertex -46.6096 -35.5096 26
      vertex -46.6096 -31.4904 26
    endloop
  endfacet
  facet normal 0 0 1
    outer loop
      vertex -46.8036 -31.5599 26
      vertex -46.8036 -35.4401 26
      vertex -46.6096 -35.5096 26
    endloop
  endfacet
  facet normal -0 0 1
    outer loop
      vertex -46.9899 -31.648 26
      vertex -46.8036 -35.4401 26
      vertex -46.8036 -31.5599 26
    endloop
  endfacet
  facet normal 0 0 1
    outer loop
      vertex -46.9899 -31.648 26
      vertex -46.9899 -35.352 26
      vertex -46.8036 -35.4401 26
    endloop
  endfacet
  facet normal -0 0 1
    outer loop
      vertex -47.1667 -31.7539 26
      vertex -46.9899 -35.352 26
      vertex -46.9899 -31.648 26
    endloop
  endfacet
  facet normal 0 0 1
    outer loop
      vertex -47.1667 -31.7539 26
      vertex -47.1667 -35.2461 26
      vertex -46.9899 -35.352 26
    endloop
  endfacet
  facet normal -0 0 1
    outer loop
      vertex -47.3322 -31.8767 26
      vertex -47.1667 -35.2461 26
      vertex -47.1667 -31.7539 26
    endloop
  endfacet
  facet normal 0 0 1
    outer loop
      vertex -47.3322 -31.8767 26
      vertex -47.3322 -35.1233 26
      vertex -47.1667 -35.2461 26
    endloop
  endfacet
  facet normal -0 0 1
    outer loop
      vertex -47.4849 -32.0151 26
      vertex -47.3322 -35.1233 26
      vertex -47.3322 -31.8767 26
    endloop
  endfacet
  facet normal 0 0 1
    outer loop
      vertex -47.4849 -32.0151 26
      vertex -47.4849 -34.9849 26
      vertex -47.3322 -35.1233 26
    endloop
  endfacet
  facet normal -0 0 1
    outer loop
      vertex -47.6233 -32.1678 26
      vertex -47.4849 -34.9849 26
      vertex -47.4849 -32.0151 26
    endloop
  endfacet
  facet normal 0 0 1
    outer loop
      vertex -47.6233 -32.1678 26
      vertex -47.6233 -34.8322 26
      vertex -47.4849 -34.9849 26
    endloop
  endfacet
  facet normal -0 0 1
    outer loop
      vertex -47.7461 -32.3333 26
      vertex -47.6233 -34.8322 26
      vertex -47.6233 -32.1678 26
    endloop
  endfacet
  facet normal 0 0 1
    outer loop
      vertex -47.7461 -32.3333 26
      vertex -47.7461 -34.6667 26
      vertex -47.6233 -34.8322 26
    endloop
  endfacet
  facet normal -0 0 1
    outer loop
      vertex -47.852 -32.5101 26
      vertex -47.7461 -34.6667 26
      vertex -47.7461 -32.3333 26
    endloop
  endfacet
  facet normal 0 0 1
    outer loop
      vertex -47.852 -32.5101 26
      vertex -47.852 -34.4899 26
      vertex -47.7461 -34.6667 26
    endloop
  endfacet
  facet normal -0 0 1
    outer loop
      vertex -47.9401 -32.6964 26
      vertex -47.852 -34.4899 26
      vertex -47.852 -32.5101 26
    endloop
  endfacet
  facet normal 0 0 1
    outer loop
      vertex -47.9401 -32.6964 26
      vertex -47.9401 -34.3036 26
      vertex -47.852 -34.4899 26
    endloop
  endfacet
  facet normal -0 0 1
    outer loop
      vertex -48.0096 -32.8904 26
      vertex -47.9401 -34.3036 26
      vertex -47.9401 -32.6964 26
    endloop
  endfacet
  facet normal 0 0 1
    outer loop
      vertex -48.0096 -32.8904 26
      vertex -48.0096 -34.1096 26
      vertex -47.9401 -34.3036 26
    endloop
  endfacet
  facet normal -0 0 1
    outer loop
      vertex -48.0596 -33.0903 26
      vertex -48.0096 -34.1096 26
      vertex -48.0096 -32.8904 26
    endloop
  endfacet
  facet normal 0 0 1
    outer loop
      vertex -48.0596 -33.0903 26
      vertex -48.0596 -33.9097 26
      vertex -48.0096 -34.1096 26
    endloop
  endfacet
  facet normal -0 0 1
    outer loop
      vertex -48.0899 -33.2942 26
      vertex -48.0596 -33.9097 26
      vertex -48.0596 -33.0903 26
    endloop
  endfacet
  facet normal 0 0 1
    outer loop
      vertex -48.0899 -33.2942 26
      vertex -48.0899 -33.7058 26
      vertex -48.0596 -33.9097 26
    endloop
  endfacet
  facet normal 0 -0 1
    outer loop
      vertex -48.0899 -33.7058 26
      vertex -48.0899 -33.2942 26
      vertex -48.1 -33.5 26
    endloop
  endfacet
  facet normal 0.146513 -0.989209 0
    outer loop
      vertex -46.4097 -31.4403 26
      vertex -46.2058 -31.4101 32
      vertex -46.4097 -31.4403 32
    endloop
  endfacet
  facet normal 0.146513 -0.989209 0
    outer loop
      vertex -46.2058 -31.4101 32
      vertex -46.4097 -31.4403 26
      vertex -46.2058 -31.4101 26
    endloop
  endfacet
  facet normal 0.998798 -0.0490178 0
    outer loop
      vertex -48.1 -33.5 32
      vertex -48.0899 -33.2942 26
      vertex -48.0899 -33.2942 32
    endloop
  endfacet
  facet normal 0.998798 -0.0490178 0
    outer loop
      vertex -48.0899 -33.2942 26
      vertex -48.1 -33.5 32
      vertex -48.1 -33.5 26
    endloop
  endfacet
  facet normal 0.803076 -0.595877 0
    outer loop
      vertex -47.7461 -32.3333 32
      vertex -47.6233 -32.1678 26
      vertex -47.6233 -32.1678 32
    endloop
  endfacet
  facet normal 0.803076 -0.595877 0
    outer loop
      vertex -47.6233 -32.1678 26
      vertex -47.7461 -32.3333 32
      vertex -47.7461 -32.3333 26
    endloop
  endfacet
  facet normal 0.970114 0.24265 0
    outer loop
      vertex -48.0096 -34.1096 32
      vertex -48.0596 -33.9097 26
      vertex -48.0596 -33.9097 32
    endloop
  endfacet
  facet normal 0.970114 0.24265 0
    outer loop
      vertex -48.0596 -33.9097 26
      vertex -48.0096 -34.1096 32
      vertex -48.0096 -34.1096 26
    endloop
  endfacet
  facet normal -0.904014 0.427502 0
    outer loop
      vertex -44.148 -34.4899 26
      vertex -44.0599 -34.3036 32
      vertex -44.0599 -34.3036 26
    endloop
  endfacet
  facet normal -0.904014 0.427502 0
    outer loop
      vertex -44.0599 -34.3036 32
      vertex -44.148 -34.4899 26
      vertex -44.148 -34.4899 32
    endloop
  endfacet
  facet normal -0.513853 0.857878 0
    outer loop
      vertex -44.8333 -35.2461 26
      vertex -45.0101 -35.352 32
      vertex -44.8333 -35.2461 32
    endloop
  endfacet
  facet normal -0.513853 0.857878 0
    outer loop
      vertex -45.0101 -35.352 32
      vertex -44.8333 -35.2461 26
      vertex -45.0101 -35.352 26
    endloop
  endfacet
  facet normal 0.941412 -0.337258 0
    outer loop
      vertex -48.0096 -32.8904 32
      vertex -47.9401 -32.6964 26
      vertex -47.9401 -32.6964 32
    endloop
  endfacet
  facet normal 0.941412 -0.337258 0
    outer loop
      vertex -47.9401 -32.6964 26
      vertex -48.0096 -32.8904 32
      vertex -48.0096 -32.8904 26
    endloop
  endfacet
  facet normal 0.0490178 0.998798 -0
    outer loop
      vertex -46 -35.6 26
      vertex -46.2058 -35.5899 32
      vertex -46 -35.6 32
    endloop
  endfacet
  facet normal 0.0490178 0.998798 0
    outer loop
      vertex -46.2058 -35.5899 32
      vertex -46 -35.6 26
      vertex -46.2058 -35.5899 26
    endloop
  endfacet
  facet normal 0.146988 0.989138 -0
    outer loop
      vertex -46.2058 -35.5899 26
      vertex -46.4097 -35.5596 32
      vertex -46.2058 -35.5899 32
    endloop
  endfacet
  facet normal 0.146988 0.989138 0
    outer loop
      vertex -46.4097 -35.5596 32
      vertex -46.2058 -35.5899 26
      vertex -46.4097 -35.5596 26
    endloop
  endfacet
  facet normal 0.595877 -0.803076 0
    outer loop
      vertex -47.3322 -31.8767 26
      vertex -47.1667 -31.7539 32
      vertex -47.3322 -31.8767 32
    endloop
  endfacet
  facet normal 0.595877 -0.803076 0
    outer loop
      vertex -47.1667 -31.7539 32
      vertex -47.3322 -31.8767 26
      vertex -47.1667 -31.7539 26
    endloop
  endfacet
  facet normal -0.671561 0.740949 0
    outer loop
      vertex -44.5151 -34.9849 26
      vertex -44.6678 -35.1233 32
      vertex -44.5151 -34.9849 32
    endloop
  endfacet
  facet normal -0.671561 0.740949 0
    outer loop
      vertex -44.6678 -35.1233 32
      vertex -44.5151 -34.9849 26
      vertex -44.6678 -35.1233 26
    endloop
  endfacet
  facet normal 0.337258 0.941412 -0
    outer loop
      vertex -46.6096 -35.5096 26
      vertex -46.8036 -35.4401 32
      vertex -46.6096 -35.5096 32
    endloop
  endfacet
  facet normal 0.337258 0.941412 0
    outer loop
      vertex -46.8036 -35.4401 32
      vertex -46.6096 -35.5096 26
      vertex -46.8036 -35.4401 26
    endloop
  endfacet
  facet normal -0.146513 -0.989209 0
    outer loop
      vertex -45.7942 -31.4101 26
      vertex -45.5903 -31.4403 32
      vertex -45.7942 -31.4101 32
    endloop
  endfacet
  facet normal -0.146513 -0.989209 -0
    outer loop
      vertex -45.5903 -31.4403 32
      vertex -45.7942 -31.4101 26
      vertex -45.5903 -31.4403 26
    endloop
  endfacet
  facet normal 0.857878 -0.513853 0
    outer loop
      vertex -47.852 -32.5101 32
      vertex -47.7461 -32.3333 26
      vertex -47.7461 -32.3333 32
    endloop
  endfacet
  facet normal 0.857878 -0.513853 0
    outer loop
      vertex -47.7461 -32.3333 26
      vertex -47.852 -32.5101 32
      vertex -47.852 -32.5101 26
    endloop
  endfacet
  facet normal 0.513853 0.857878 -0
    outer loop
      vertex -46.9899 -35.352 26
      vertex -47.1667 -35.2461 32
      vertex -46.9899 -35.352 32
    endloop
  endfacet
  facet normal 0.513853 0.857878 0
    outer loop
      vertex -47.1667 -35.2461 32
      vertex -46.9899 -35.352 26
      vertex -47.1667 -35.2461 26
    endloop
  endfacet
  facet normal 0.998798 0.0490178 0
    outer loop
      vertex -48.0899 -33.7058 32
      vertex -48.1 -33.5 26
      vertex -48.1 -33.5 32
    endloop
  endfacet
  facet normal 0.998798 0.0490178 0
    outer loop
      vertex -48.1 -33.5 26
      vertex -48.0899 -33.7058 32
      vertex -48.0899 -33.7058 26
    endloop
  endfacet
  facet normal -0.989209 -0.146513 0
    outer loop
      vertex -43.9101 33.7058 26
      vertex -43.9403 33.9097 32
      vertex -43.9403 33.9097 26
    endloop
  endfacet
  facet normal -0.989209 -0.146513 0
    outer loop
      vertex -43.9403 33.9097 32
      vertex -43.9101 33.7058 26
      vertex -43.9101 33.7058 32
    endloop
  endfacet
  facet normal -0.998798 -0.0490178 0
    outer loop
      vertex -43.9 33.5 26
      vertex -43.9101 33.7058 32
      vertex -43.9101 33.7058 26
    endloop
  endfacet
  facet normal -0.998798 -0.0490178 0
    outer loop
      vertex -43.9101 33.7058 32
      vertex -43.9 33.5 26
      vertex -43.9 33.5 32
    endloop
  endfacet
  facet normal -0.97 -0.243106 0
    outer loop
      vertex -43.9403 33.9097 26
      vertex -43.9904 34.1096 32
      vertex -43.9904 34.1096 26
    endloop
  endfacet
  facet normal -0.97 -0.243106 0
    outer loop
      vertex -43.9904 34.1096 32
      vertex -43.9403 33.9097 26
      vertex -43.9403 33.9097 32
    endloop
  endfacet
  facet normal 0.24265 -0.970114 0
    outer loop
      vertex -46.6096 35.5096 26
      vertex -46.4097 35.5596 32
      vertex -46.6096 35.5096 32
    endloop
  endfacet
  facet normal 0.24265 -0.970114 0
    outer loop
      vertex -46.4097 35.5596 32
      vertex -46.6096 35.5096 26
      vertex -46.4097 35.5596 26
    endloop
  endfacet
  facet normal 0.904014 0.427502 0
    outer loop
      vertex -47.852 32.5101 32
      vertex -47.9401 32.6964 26
      vertex -47.9401 32.6964 32
    endloop
  endfacet
  facet normal 0.904014 0.427502 0
    outer loop
      vertex -47.9401 32.6964 26
      vertex -47.852 32.5101 32
      vertex -47.852 32.5101 26
    endloop
  endfacet
  facet normal -0.427502 0.904014 0
    outer loop
      vertex -45.0101 31.648 26
      vertex -45.1964 31.5599 32
      vertex -45.0101 31.648 32
    endloop
  endfacet
  facet normal -0.427502 0.904014 0
    outer loop
      vertex -45.1964 31.5599 32
      vertex -45.0101 31.648 26
      vertex -45.1964 31.5599 26
    endloop
  endfacet
  facet normal 0.243106 0.97 -0
    outer loop
      vertex -46.4097 31.4403 26
      vertex -46.6096 31.4904 32
      vertex -46.4097 31.4403 32
    endloop
  endfacet
  facet normal 0.243106 0.97 0
    outer loop
      vertex -46.6096 31.4904 32
      vertex -46.4097 31.4403 26
      vertex -46.6096 31.4904 26
    endloop
  endfacet
  facet normal -0.513853 0.857878 0
    outer loop
      vertex -44.8333 31.7539 26
      vertex -45.0101 31.648 32
      vertex -44.8333 31.7539 32
    endloop
  endfacet
  facet normal -0.513853 0.857878 0
    outer loop
      vertex -45.0101 31.648 32
      vertex -44.8333 31.7539 26
      vertex -45.0101 31.648 26
    endloop
  endfacet
  facet normal 0.337258 0.941412 -0
    outer loop
      vertex -46.6096 31.4904 26
      vertex -46.8036 31.5599 32
      vertex -46.6096 31.4904 32
    endloop
  endfacet
  facet normal 0.337258 0.941412 0
    outer loop
      vertex -46.8036 31.5599 32
      vertex -46.6096 31.4904 26
      vertex -46.8036 31.5599 26
    endloop
  endfacet
  facet normal -0.337258 0.941412 0
    outer loop
      vertex -45.1964 31.5599 26
      vertex -45.3904 31.4904 32
      vertex -45.1964 31.5599 32
    endloop
  endfacet
  facet normal -0.337258 0.941412 0
    outer loop
      vertex -45.3904 31.4904 32
      vertex -45.1964 31.5599 26
      vertex -45.3904 31.4904 26
    endloop
  endfacet
  facet normal 0.671561 -0.740949 0
    outer loop
      vertex -47.4849 34.9849 26
      vertex -47.3322 35.1233 32
      vertex -47.4849 34.9849 32
    endloop
  endfacet
  facet normal 0.671561 -0.740949 0
    outer loop
      vertex -47.3322 35.1233 32
      vertex -47.4849 34.9849 26
      vertex -47.3322 35.1233 26
    endloop
  endfacet
  facet normal -0.243106 0.97 0
    outer loop
      vertex -45.3904 31.4904 26
      vertex -45.5903 31.4403 32
      vertex -45.3904 31.4904 32
    endloop
  endfacet
  facet normal -0.243106 0.97 0
    outer loop
      vertex -45.5903 31.4403 32
      vertex -45.3904 31.4904 26
      vertex -45.5903 31.4403 26
    endloop
  endfacet
  facet normal 0.857878 -0.513853 0
    outer loop
      vertex -47.852 34.4899 32
      vertex -47.7461 34.6667 26
      vertex -47.7461 34.6667 32
    endloop
  endfacet
  facet normal 0.857878 -0.513853 0
    outer loop
      vertex -47.7461 34.6667 26
      vertex -47.852 34.4899 32
      vertex -47.852 34.4899 26
    endloop
  endfacet
  facet normal 0.989138 -0.146988 0
    outer loop
      vertex -48.0899 33.7058 32
      vertex -48.0596 33.9097 26
      vertex -48.0596 33.9097 32
    endloop
  endfacet
  facet normal 0.989138 -0.146988 0
    outer loop
      vertex -48.0596 33.9097 26
      vertex -48.0899 33.7058 32
      vertex -48.0899 33.7058 26
    endloop
  endfacet
  facet normal -0.904014 -0.427502 0
    outer loop
      vertex -44.0599 34.3036 26
      vertex -44.148 34.4899 32
      vertex -44.148 34.4899 26
    endloop
  endfacet
  facet normal -0.904014 -0.427502 0
    outer loop
      vertex -44.148 34.4899 32
      vertex -44.0599 34.3036 26
      vertex -44.0599 34.3036 32
    endloop
  endfacet
  facet normal -0.803076 0.595877 0
    outer loop
      vertex -44.3767 32.1678 26
      vertex -44.2539 32.3333 32
      vertex -44.2539 32.3333 26
    endloop
  endfacet
  facet normal -0.803076 0.595877 0
    outer loop
      vertex -44.2539 32.3333 32
      vertex -44.3767 32.1678 26
      vertex -44.3767 32.1678 32
    endloop
  endfacet
  facet normal 0.595877 -0.803076 0
    outer loop
      vertex -47.3322 35.1233 26
      vertex -47.1667 35.2461 32
      vertex -47.3322 35.1233 32
    endloop
  endfacet
  facet normal 0.595877 -0.803076 0
    outer loop
      vertex -47.1667 35.2461 32
      vertex -47.3322 35.1233 26
      vertex -47.1667 35.2461 26
    endloop
  endfacet
  facet normal -0.595877 -0.803076 0
    outer loop
      vertex -44.8333 35.2461 26
      vertex -44.6678 35.1233 32
      vertex -44.8333 35.2461 32
    endloop
  endfacet
  facet normal -0.595877 -0.803076 -0
    outer loop
      vertex -44.6678 35.1233 32
      vertex -44.8333 35.2461 26
      vertex -44.6678 35.1233 26
    endloop
  endfacet
  facet normal -0.146988 -0.989138 0
    outer loop
      vertex -45.7942 35.5899 26
      vertex -45.5903 35.5596 32
      vertex -45.7942 35.5899 32
    endloop
  endfacet
  facet normal -0.146988 -0.989138 -0
    outer loop
      vertex -45.5903 35.5596 32
      vertex -45.7942 35.5899 26
      vertex -45.5903 35.5596 26
    endloop
  endfacet
  facet normal -0.803076 -0.595877 0
    outer loop
      vertex -44.2539 34.6667 26
      vertex -44.3767 34.8322 32
      vertex -44.3767 34.8322 26
    endloop
  endfacet
  facet normal -0.803076 -0.595877 0
    outer loop
      vertex -44.3767 34.8322 32
      vertex -44.2539 34.6667 26
      vertex -44.2539 34.6667 32
    endloop
  endfacet
  facet normal 0.513853 -0.857878 0
    outer loop
      vertex -47.1667 35.2461 26
      vertex -46.9899 35.352 32
      vertex -47.1667 35.2461 32
    endloop
  endfacet
  facet normal 0.513853 -0.857878 0
    outer loop
      vertex -46.9899 35.352 32
      vertex -47.1667 35.2461 26
      vertex -46.9899 35.352 26
    endloop
  endfacet
  facet normal -0.513853 -0.857878 0
    outer loop
      vertex -45.0101 35.352 26
      vertex -44.8333 35.2461 32
      vertex -45.0101 35.352 32
    endloop
  endfacet
  facet normal -0.513853 -0.857878 -0
    outer loop
      vertex -44.8333 35.2461 32
      vertex -45.0101 35.352 26
      vertex -44.8333 35.2461 26
    endloop
  endfacet
  facet normal 0.941412 0.337258 0
    outer loop
      vertex -47.9401 32.6964 32
      vertex -48.0096 32.8904 26
      vertex -48.0096 32.8904 32
    endloop
  endfacet
  facet normal 0.941412 0.337258 0
    outer loop
      vertex -48.0096 32.8904 26
      vertex -47.9401 32.6964 32
      vertex -47.9401 32.6964 26
    endloop
  endfacet
  facet normal -0.998798 0.0490178 0
    outer loop
      vertex -43.9101 33.2942 26
      vertex -43.9 33.5 32
      vertex -43.9 33.5 26
    endloop
  endfacet
  facet normal -0.998798 0.0490178 0
    outer loop
      vertex -43.9 33.5 32
      vertex -43.9101 33.2942 26
      vertex -43.9101 33.2942 32
    endloop
  endfacet
  facet normal 0.427502 -0.904014 0
    outer loop
      vertex -46.9899 35.352 26
      vertex -46.8036 35.4401 32
      vertex -46.9899 35.352 32
    endloop
  endfacet
  facet normal 0.427502 -0.904014 0
    outer loop
      vertex -46.8036 35.4401 32
      vertex -46.9899 35.352 26
      vertex -46.8036 35.4401 26
    endloop
  endfacet
  facet normal -0.904014 0.427502 0
    outer loop
      vertex -44.148 32.5101 26
      vertex -44.0599 32.6964 32
      vertex -44.0599 32.6964 26
    endloop
  endfacet
  facet normal -0.904014 0.427502 0
    outer loop
      vertex -44.0599 32.6964 32
      vertex -44.148 32.5101 26
      vertex -44.148 32.5101 32
    endloop
  endfacet
  facet normal 0.595877 0.803076 -0
    outer loop
      vertex -47.1667 31.7539 26
      vertex -47.3322 31.8767 32
      vertex -47.1667 31.7539 32
    endloop
  endfacet
  facet normal 0.595877 0.803076 0
    outer loop
      vertex -47.3322 31.8767 32
      vertex -47.1667 31.7539 26
      vertex -47.3322 31.8767 26
    endloop
  endfacet
  facet normal 0.803076 -0.595877 0
    outer loop
      vertex -47.7461 34.6667 32
      vertex -47.6233 34.8322 26
      vertex -47.6233 34.8322 32
    endloop
  endfacet
  facet normal 0.803076 -0.595877 0
    outer loop
      vertex -47.6233 34.8322 26
      vertex -47.7461 34.6667 32
      vertex -47.7461 34.6667 26
    endloop
  endfacet
  facet normal 0.941412 -0.337258 0
    outer loop
      vertex -48.0096 34.1096 32
      vertex -47.9401 34.3036 26
      vertex -47.9401 34.3036 32
    endloop
  endfacet
  facet normal 0.941412 -0.337258 0
    outer loop
      vertex -47.9401 34.3036 26
      vertex -48.0096 34.1096 32
      vertex -48.0096 34.1096 26
    endloop
  endfacet
  facet normal -0.941412 -0.337258 0
    outer loop
      vertex -43.9904 34.1096 26
      vertex -44.0599 34.3036 32
      vertex -44.0599 34.3036 26
    endloop
  endfacet
  facet normal -0.941412 -0.337258 0
    outer loop
      vertex -44.0599 34.3036 32
      vertex -43.9904 34.1096 26
      vertex -43.9904 34.1096 32
    endloop
  endfacet
  facet normal 0.671561 0.740949 -0
    outer loop
      vertex -47.3322 31.8767 26
      vertex -47.4849 32.0151 32
      vertex -47.3322 31.8767 32
    endloop
  endfacet
  facet normal 0.671561 0.740949 0
    outer loop
      vertex -47.4849 32.0151 32
      vertex -47.3322 31.8767 26
      vertex -47.4849 32.0151 26
    endloop
  endfacet
  facet normal -0.97 0.243106 0
    outer loop
      vertex -43.9904 32.8904 26
      vertex -43.9403 33.0903 32
      vertex -43.9403 33.0903 26
    endloop
  endfacet
  facet normal -0.97 0.243106 0
    outer loop
      vertex -43.9403 33.0903 32
      vertex -43.9904 32.8904 26
      vertex -43.9904 32.8904 32
    endloop
  endfacet
  facet normal -0.989209 0.146513 0
    outer loop
      vertex -43.9403 33.0903 26
      vertex -43.9101 33.2942 32
      vertex -43.9101 33.2942 26
    endloop
  endfacet
  facet normal -0.989209 0.146513 0
    outer loop
      vertex -43.9101 33.2942 32
      vertex -43.9403 33.0903 26
      vertex -43.9403 33.0903 32
    endloop
  endfacet
  facet normal 0.513853 0.857878 -0
    outer loop
      vertex -46.9899 31.648 26
      vertex -47.1667 31.7539 32
      vertex -46.9899 31.648 32
    endloop
  endfacet
  facet normal 0.513853 0.857878 0
    outer loop
      vertex -47.1667 31.7539 32
      vertex -46.9899 31.648 26
      vertex -47.1667 31.7539 26
    endloop
  endfacet
  facet normal -0.337258 -0.941412 0
    outer loop
      vertex -45.3904 35.5096 26
      vertex -45.1964 35.4401 32
      vertex -45.3904 35.5096 32
    endloop
  endfacet
  facet normal -0.337258 -0.941412 -0
    outer loop
      vertex -45.1964 35.4401 32
      vertex -45.3904 35.5096 26
      vertex -45.1964 35.4401 26
    endloop
  endfacet
  facet normal 0.337258 -0.941412 0
    outer loop
      vertex -46.8036 35.4401 26
      vertex -46.6096 35.5096 32
      vertex -46.8036 35.4401 32
    endloop
  endfacet
  facet normal 0.337258 -0.941412 0
    outer loop
      vertex -46.6096 35.5096 32
      vertex -46.8036 35.4401 26
      vertex -46.6096 35.5096 26
    endloop
  endfacet
  facet normal -0.146513 0.989209 0
    outer loop
      vertex -45.5903 31.4403 26
      vertex -45.7942 31.4101 32
      vertex -45.5903 31.4403 32
    endloop
  endfacet
  facet normal -0.146513 0.989209 0
    outer loop
      vertex -45.7942 31.4101 32
      vertex -45.5903 31.4403 26
      vertex -45.7942 31.4101 26
    endloop
  endfacet
  facet normal -0.857878 0.513853 0
    outer loop
      vertex -44.2539 32.3333 26
      vertex -44.148 32.5101 32
      vertex -44.148 32.5101 26
    endloop
  endfacet
  facet normal -0.857878 0.513853 0
    outer loop
      vertex -44.148 32.5101 32
      vertex -44.2539 32.3333 26
      vertex -44.2539 32.3333 32
    endloop
  endfacet
  facet normal 0.0490178 -0.998798 0
    outer loop
      vertex -46.2058 35.5899 26
      vertex -46 35.6 32
      vertex -46.2058 35.5899 32
    endloop
  endfacet
  facet normal 0.0490178 -0.998798 0
    outer loop
      vertex -46 35.6 32
      vertex -46.2058 35.5899 26
      vertex -46 35.6 26
    endloop
  endfacet
  facet normal 0.998798 0.0490178 0
    outer loop
      vertex -48.0899 33.2942 32
      vertex -48.1 33.5 26
      vertex -48.1 33.5 32
    endloop
  endfacet
  facet normal 0.998798 0.0490178 0
    outer loop
      vertex -48.1 33.5 26
      vertex -48.0899 33.2942 32
      vertex -48.0899 33.2942 26
    endloop
  endfacet
  facet normal -0.941412 0.337258 0
    outer loop
      vertex -44.0599 32.6964 26
      vertex -43.9904 32.8904 32
      vertex -43.9904 32.8904 26
    endloop
  endfacet
  facet normal -0.941412 0.337258 0
    outer loop
      vertex -43.9904 32.8904 32
      vertex -44.0599 32.6964 26
      vertex -44.0599 32.6964 32
    endloop
  endfacet
  facet normal -0.427502 -0.904014 0
    outer loop
      vertex -45.1964 35.4401 26
      vertex -45.0101 35.352 32
      vertex -45.1964 35.4401 32
    endloop
  endfacet
  facet normal -0.427502 -0.904014 -0
    outer loop
      vertex -45.0101 35.352 32
      vertex -45.1964 35.4401 26
      vertex -45.0101 35.352 26
    endloop
  endfacet
  facet normal -0.740949 -0.671561 0
    outer loop
      vertex -44.3767 34.8322 26
      vertex -44.5151 34.9849 32
      vertex -44.5151 34.9849 26
    endloop
  endfacet
  facet normal -0.740949 -0.671561 0
    outer loop
      vertex -44.5151 34.9849 32
      vertex -44.3767 34.8322 26
      vertex -44.3767 34.8322 32
    endloop
  endfacet
  facet normal -0.0490178 -0.998798 0
    outer loop
      vertex -46 35.6 26
      vertex -45.7942 35.5899 32
      vertex -46 35.6 32
    endloop
  endfacet
  facet normal -0.0490178 -0.998798 -0
    outer loop
      vertex -45.7942 35.5899 32
      vertex -46 35.6 26
      vertex -45.7942 35.5899 26
    endloop
  endfacet
  facet normal 0.857878 0.513853 0
    outer loop
      vertex -47.7461 32.3333 32
      vertex -47.852 32.5101 26
      vertex -47.852 32.5101 32
    endloop
  endfacet
  facet normal 0.857878 0.513853 0
    outer loop
      vertex -47.852 32.5101 26
      vertex -47.7461 32.3333 32
      vertex -47.7461 32.3333 26
    endloop
  endfacet
  facet normal -0.857878 -0.513853 0
    outer loop
      vertex -44.148 34.4899 26
      vertex -44.2539 34.6667 32
      vertex -44.2539 34.6667 26
    endloop
  endfacet
  facet normal -0.857878 -0.513853 0
    outer loop
      vertex -44.2539 34.6667 32
      vertex -44.148 34.4899 26
      vertex -44.148 34.4899 32
    endloop
  endfacet
  facet normal 0.146513 0.989209 -0
    outer loop
      vertex -46.2058 31.4101 26
      vertex -46.4097 31.4403 32
      vertex -46.2058 31.4101 32
    endloop
  endfacet
  facet normal 0.146513 0.989209 0
    outer loop
      vertex -46.4097 31.4403 32
      vertex -46.2058 31.4101 26
      vertex -46.4097 31.4403 26
    endloop
  endfacet
  facet normal -0.671561 0.740949 0
    outer loop
      vertex -44.5151 32.0151 26
      vertex -44.6678 31.8767 32
      vertex -44.5151 32.0151 32
    endloop
  endfacet
  facet normal -0.671561 0.740949 0
    outer loop
      vertex -44.6678 31.8767 32
      vertex -44.5151 32.0151 26
      vertex -44.6678 31.8767 26
    endloop
  endfacet
  facet normal 0.0490178 0.998798 -0
    outer loop
      vertex -46 31.4 26
      vertex -46.2058 31.4101 32
      vertex -46 31.4 32
    endloop
  endfacet
  facet normal 0.0490178 0.998798 0
    outer loop
      vertex -46.2058 31.4101 32
      vertex -46 31.4 26
      vertex -46.2058 31.4101 26
    endloop
  endfacet
  facet normal 0.740949 -0.671561 0
    outer loop
      vertex -47.6233 34.8322 32
      vertex -47.4849 34.9849 26
      vertex -47.4849 34.9849 32
    endloop
  endfacet
  facet normal 0.740949 -0.671561 0
    outer loop
      vertex -47.4849 34.9849 26
      vertex -47.6233 34.8322 32
      vertex -47.6233 34.8322 26
    endloop
  endfacet
  facet normal -0.671561 -0.740949 0
    outer loop
      vertex -44.6678 35.1233 26
      vertex -44.5151 34.9849 32
      vertex -44.6678 35.1233 32
    endloop
  endfacet
  facet normal -0.671561 -0.740949 -0
    outer loop
      vertex -44.5151 34.9849 32
      vertex -44.6678 35.1233 26
      vertex -44.5151 34.9849 26
    endloop
  endfacet
  facet normal 0.146988 -0.989138 0
    outer loop
      vertex -46.4097 35.5596 26
      vertex -46.2058 35.5899 32
      vertex -46.4097 35.5596 32
    endloop
  endfacet
  facet normal 0.146988 -0.989138 0
    outer loop
      vertex -46.2058 35.5899 32
      vertex -46.4097 35.5596 26
      vertex -46.2058 35.5899 26
    endloop
  endfacet
  facet normal 0.904014 -0.427502 0
    outer loop
      vertex -47.9401 34.3036 32
      vertex -47.852 34.4899 26
      vertex -47.852 34.4899 32
    endloop
  endfacet
  facet normal 0.904014 -0.427502 0
    outer loop
      vertex -47.852 34.4899 26
      vertex -47.9401 34.3036 32
      vertex -47.9401 34.3036 26
    endloop
  endfacet
  facet normal 0.970114 -0.24265 0
    outer loop
      vertex -48.0596 33.9097 32
      vertex -48.0096 34.1096 26
      vertex -48.0096 34.1096 32
    endloop
  endfacet
  facet normal 0.970114 -0.24265 0
    outer loop
      vertex -48.0096 34.1096 26
      vertex -48.0596 33.9097 32
      vertex -48.0596 33.9097 26
    endloop
  endfacet
  facet normal -0.24265 -0.970114 0
    outer loop
      vertex -45.5903 35.5596 26
      vertex -45.3904 35.5096 32
      vertex -45.5903 35.5596 32
    endloop
  endfacet
  facet normal -0.24265 -0.970114 -0
    outer loop
      vertex -45.3904 35.5096 32
      vertex -45.5903 35.5596 26
      vertex -45.3904 35.5096 26
    endloop
  endfacet
  facet normal 0.970114 0.24265 0
    outer loop
      vertex -48.0096 32.8904 32
      vertex -48.0596 33.0903 26
      vertex -48.0596 33.0903 32
    endloop
  endfacet
  facet normal 0.970114 0.24265 0
    outer loop
      vertex -48.0596 33.0903 26
      vertex -48.0096 32.8904 32
      vertex -48.0096 32.8904 26
    endloop
  endfacet
  facet normal 0.427502 0.904014 -0
    outer loop
      vertex -46.8036 31.5599 26
      vertex -46.9899 31.648 32
      vertex -46.8036 31.5599 32
    endloop
  endfacet
  facet normal 0.427502 0.904014 0
    outer loop
      vertex -46.9899 31.648 32
      vertex -46.8036 31.5599 26
      vertex -46.9899 31.648 26
    endloop
  endfacet
  facet normal 0.740949 0.671561 0
    outer loop
      vertex -47.4849 32.0151 32
      vertex -47.6233 32.1678 26
      vertex -47.6233 32.1678 32
    endloop
  endfacet
  facet normal 0.740949 0.671561 0
    outer loop
      vertex -47.6233 32.1678 26
      vertex -47.4849 32.0151 32
      vertex -47.4849 32.0151 26
    endloop
  endfacet
  facet normal -0.0490178 0.998798 0
    outer loop
      vertex -45.7942 31.4101 26
      vertex -46 31.4 32
      vertex -45.7942 31.4101 32
    endloop
  endfacet
  facet normal -0.0490178 0.998798 0
    outer loop
      vertex -46 31.4 32
      vertex -45.7942 31.4101 26
      vertex -46 31.4 26
    endloop
  endfacet
  facet normal 0.989138 0.146988 0
    outer loop
      vertex -48.0596 33.0903 32
      vertex -48.0899 33.2942 26
      vertex -48.0899 33.2942 32
    endloop
  endfacet
  facet normal 0.989138 0.146988 0
    outer loop
      vertex -48.0899 33.2942 26
      vertex -48.0596 33.0903 32
      vertex -48.0596 33.0903 26
    endloop
  endfacet
  facet normal -0.595877 0.803076 0
    outer loop
      vertex -44.6678 31.8767 26
      vertex -44.8333 31.7539 32
      vertex -44.6678 31.8767 32
    endloop
  endfacet
  facet normal -0.595877 0.803076 0
    outer loop
      vertex -44.8333 31.7539 32
      vertex -44.6678 31.8767 26
      vertex -44.8333 31.7539 26
    endloop
  endfacet
  facet normal 0 0 1
    outer loop
      vertex -43.9101 33.7058 26
      vertex -43.9101 33.2942 26
      vertex -43.9 33.5 26
    endloop
  endfacet
  facet normal 0 0 1
    outer loop
      vertex -43.9403 33.9097 26
      vertex -43.9101 33.2942 26
      vertex -43.9101 33.7058 26
    endloop
  endfacet
  facet normal 0 0 1
    outer loop
      vertex -43.9403 33.9097 26
      vertex -43.9403 33.0903 26
      vertex -43.9101 33.2942 26
    endloop
  endfacet
  facet normal 0 0 1
    outer loop
      vertex -43.9904 34.1096 26
      vertex -43.9403 33.0903 26
      vertex -43.9403 33.9097 26
    endloop
  endfacet
  facet normal 0 0 1
    outer loop
      vertex -43.9904 34.1096 26
      vertex -43.9904 32.8904 26
      vertex -43.9403 33.0903 26
    endloop
  endfacet
  facet normal 0 0 1
    outer loop
      vertex -44.0599 34.3036 26
      vertex -43.9904 32.8904 26
      vertex -43.9904 34.1096 26
    endloop
  endfacet
  facet normal 0 0 1
    outer loop
      vertex -44.0599 34.3036 26
      vertex -44.0599 32.6964 26
      vertex -43.9904 32.8904 26
    endloop
  endfacet
  facet normal 0 0 1
    outer loop
      vertex -44.148 34.4899 26
      vertex -44.0599 32.6964 26
      vertex -44.0599 34.3036 26
    endloop
  endfacet
  facet normal 0 0 1
    outer loop
      vertex -44.148 34.4899 26
      vertex -44.148 32.5101 26
      vertex -44.0599 32.6964 26
    endloop
  endfacet
  facet normal 0 0 1
    outer loop
      vertex -44.2539 34.6667 26
      vertex -44.148 32.5101 26
      vertex -44.148 34.4899 26
    endloop
  endfacet
  facet normal 0 0 1
    outer loop
      vertex -44.2539 34.6667 26
      vertex -44.2539 32.3333 26
      vertex -44.148 32.5101 26
    endloop
  endfacet
  facet normal 0 0 1
    outer loop
      vertex -44.3767 34.8322 26
      vertex -44.2539 32.3333 26
      vertex -44.2539 34.6667 26
    endloop
  endfacet
  facet normal 0 0 1
    outer loop
      vertex -44.3767 34.8322 26
      vertex -44.3767 32.1678 26
      vertex -44.2539 32.3333 26
    endloop
  endfacet
  facet normal 0 0 1
    outer loop
      vertex -44.5151 34.9849 26
      vertex -44.3767 32.1678 26
      vertex -44.3767 34.8322 26
    endloop
  endfacet
  facet normal 0 0 1
    outer loop
      vertex -44.5151 34.9849 26
      vertex -44.5151 32.0151 26
      vertex -44.3767 32.1678 26
    endloop
  endfacet
  facet normal 0 0 1
    outer loop
      vertex -44.6678 35.1233 26
      vertex -44.5151 32.0151 26
      vertex -44.5151 34.9849 26
    endloop
  endfacet
  facet normal 0 0 1
    outer loop
      vertex -44.6678 35.1233 26
      vertex -44.6678 31.8767 26
      vertex -44.5151 32.0151 26
    endloop
  endfacet
  facet normal 0 0 1
    outer loop
      vertex -44.8333 35.2461 26
      vertex -44.6678 31.8767 26
      vertex -44.6678 35.1233 26
    endloop
  endfacet
  facet normal 0 0 1
    outer loop
      vertex -44.8333 35.2461 26
      vertex -44.8333 31.7539 26
      vertex -44.6678 31.8767 26
    endloop
  endfacet
  facet normal 0 0 1
    outer loop
      vertex -45.0101 35.352 26
      vertex -44.8333 31.7539 26
      vertex -44.8333 35.2461 26
    endloop
  endfacet
  facet normal 0 0 1
    outer loop
      vertex -45.0101 35.352 26
      vertex -45.0101 31.648 26
      vertex -44.8333 31.7539 26
    endloop
  endfacet
  facet normal 0 0 1
    outer loop
      vertex -45.1964 35.4401 26
      vertex -45.0101 31.648 26
      vertex -45.0101 35.352 26
    endloop
  endfacet
  facet normal 0 0 1
    outer loop
      vertex -45.1964 35.4401 26
      vertex -45.1964 31.5599 26
      vertex -45.0101 31.648 26
    endloop
  endfacet
  facet normal 0 0 1
    outer loop
      vertex -45.3904 35.5096 26
      vertex -45.1964 31.5599 26
      vertex -45.1964 35.4401 26
    endloop
  endfacet
  facet normal 0 0 1
    outer loop
      vertex -45.3904 35.5096 26
      vertex -45.3904 31.4904 26
      vertex -45.1964 31.5599 26
    endloop
  endfacet
  facet normal 0 0 1
    outer loop
      vertex -45.5903 35.5596 26
      vertex -45.3904 31.4904 26
      vertex -45.3904 35.5096 26
    endloop
  endfacet
  facet normal 0 0 1
    outer loop
      vertex -45.5903 35.5596 26
      vertex -45.5903 31.4403 26
      vertex -45.3904 31.4904 26
    endloop
  endfacet
  facet normal 0 0 1
    outer loop
      vertex -45.7942 35.5899 26
      vertex -45.5903 31.4403 26
      vertex -45.5903 35.5596 26
    endloop
  endfacet
  facet normal 0 0 1
    outer loop
      vertex -45.7942 35.5899 26
      vertex -45.7942 31.4101 26
      vertex -45.5903 31.4403 26
    endloop
  endfacet
  facet normal 0 0 1
    outer loop
      vertex -46 35.6 26
      vertex -45.7942 31.4101 26
      vertex -45.7942 35.5899 26
    endloop
  endfacet
  facet normal 0 0 1
    outer loop
      vertex -46 35.6 26
      vertex -46 31.4 26
      vertex -45.7942 31.4101 26
    endloop
  endfacet
  facet normal -0 0 1
    outer loop
      vertex -46.2058 35.5899 26
      vertex -46 31.4 26
      vertex -46 35.6 26
    endloop
  endfacet
  facet normal 0 0 1
    outer loop
      vertex -46.2058 35.5899 26
      vertex -46.2058 31.4101 26
      vertex -46 31.4 26
    endloop
  endfacet
  facet normal -0 0 1
    outer loop
      vertex -46.4097 35.5596 26
      vertex -46.2058 31.4101 26
      vertex -46.2058 35.5899 26
    endloop
  endfacet
  facet normal 0 0 1
    outer loop
      vertex -46.4097 35.5596 26
      vertex -46.4097 31.4403 26
      vertex -46.2058 31.4101 26
    endloop
  endfacet
  facet normal -0 0 1
    outer loop
      vertex -46.6096 35.5096 26
      vertex -46.4097 31.4403 26
      vertex -46.4097 35.5596 26
    endloop
  endfacet
  facet normal 0 0 1
    outer loop
      vertex -46.6096 35.5096 26
      vertex -46.6096 31.4904 26
      vertex -46.4097 31.4403 26
    endloop
  endfacet
  facet normal -0 0 1
    outer loop
      vertex -46.8036 35.4401 26
      vertex -46.6096 31.4904 26
      vertex -46.6096 35.5096 26
    endloop
  endfacet
  facet normal 0 0 1
    outer loop
      vertex -46.8036 35.4401 26
      vertex -46.8036 31.5599 26
      vertex -46.6096 31.4904 26
    endloop
  endfacet
  facet normal -0 0 1
    outer loop
      vertex -46.9899 35.352 26
      vertex -46.8036 31.5599 26
      vertex -46.8036 35.4401 26
    endloop
  endfacet
  facet normal 0 0 1
    outer loop
      vertex -46.9899 35.352 26
      vertex -46.9899 31.648 26
      vertex -46.8036 31.5599 26
    endloop
  endfacet
  facet normal -0 0 1
    outer loop
      vertex -47.1667 35.2461 26
      vertex -46.9899 31.648 26
      vertex -46.9899 35.352 26
    endloop
  endfacet
  facet normal 0 0 1
    outer loop
      vertex -47.1667 35.2461 26
      vertex -47.1667 31.7539 26
      vertex -46.9899 31.648 26
    endloop
  endfacet
  facet normal -0 0 1
    outer loop
      vertex -47.3322 35.1233 26
      vertex -47.1667 31.7539 26
      vertex -47.1667 35.2461 26
    endloop
  endfacet
  facet normal 0 0 1
    outer loop
      vertex -47.3322 35.1233 26
      vertex -47.3322 31.8767 26
      vertex -47.1667 31.7539 26
    endloop
  endfacet
  facet normal -0 0 1
    outer loop
      vertex -47.4849 34.9849 26
      vertex -47.3322 31.8767 26
      vertex -47.3322 35.1233 26
    endloop
  endfacet
  facet normal 0 0 1
    outer loop
      vertex -47.4849 34.9849 26
      vertex -47.4849 32.0151 26
      vertex -47.3322 31.8767 26
    endloop
  endfacet
  facet normal -0 0 1
    outer loop
      vertex -47.6233 34.8322 26
      vertex -47.4849 32.0151 26
      vertex -47.4849 34.9849 26
    endloop
  endfacet
  facet normal 0 0 1
    outer loop
      vertex -47.6233 34.8322 26
      vertex -47.6233 32.1678 26
      vertex -47.4849 32.0151 26
    endloop
  endfacet
  facet normal -0 0 1
    outer loop
      vertex -47.7461 34.6667 26
      vertex -47.6233 32.1678 26
      vertex -47.6233 34.8322 26
    endloop
  endfacet
  facet normal 0 0 1
    outer loop
      vertex -47.7461 34.6667 26
      vertex -47.7461 32.3333 26
      vertex -47.6233 32.1678 26
    endloop
  endfacet
  facet normal -0 0 1
    outer loop
      vertex -47.852 34.4899 26
      vertex -47.7461 32.3333 26
      vertex -47.7461 34.6667 26
    endloop
  endfacet
  facet normal 0 0 1
    outer loop
      vertex -47.852 34.4899 26
      vertex -47.852 32.5101 26
      vertex -47.7461 32.3333 26
    endloop
  endfacet
  facet normal -0 0 1
    outer loop
      vertex -47.9401 34.3036 26
      vertex -47.852 32.5101 26
      vertex -47.852 34.4899 26
    endloop
  endfacet
  facet normal 0 0 1
    outer loop
      vertex -47.9401 34.3036 26
      vertex -47.9401 32.6964 26
      vertex -47.852 32.5101 26
    endloop
  endfacet
  facet normal -0 0 1
    outer loop
      vertex -48.0096 34.1096 26
      vertex -47.9401 32.6964 26
      vertex -47.9401 34.3036 26
    endloop
  endfacet
  facet normal 0 0 1
    outer loop
      vertex -48.0096 34.1096 26
      vertex -48.0096 32.8904 26
      vertex -47.9401 32.6964 26
    endloop
  endfacet
  facet normal -0 0 1
    outer loop
      vertex -48.0596 33.9097 26
      vertex -48.0096 32.8904 26
      vertex -48.0096 34.1096 26
    endloop
  endfacet
  facet normal 0 0 1
    outer loop
      vertex -48.0596 33.9097 26
      vertex -48.0596 33.0903 26
      vertex -48.0096 32.8904 26
    endloop
  endfacet
  facet normal -0 0 1
    outer loop
      vertex -48.0899 33.7058 26
      vertex -48.0596 33.0903 26
      vertex -48.0596 33.9097 26
    endloop
  endfacet
  facet normal 0 0 1
    outer loop
      vertex -48.0899 33.7058 26
      vertex -48.0899 33.2942 26
      vertex -48.0596 33.0903 26
    endloop
  endfacet
  facet normal 0 -0 1
    outer loop
      vertex -48.0899 33.2942 26
      vertex -48.0899 33.7058 26
      vertex -48.1 33.5 26
    endloop
  endfacet
  facet normal 0.803076 0.595877 0
    outer loop
      vertex -47.6233 32.1678 32
      vertex -47.7461 32.3333 26
      vertex -47.7461 32.3333 32
    endloop
  endfacet
  facet normal 0.803076 0.595877 0
    outer loop
      vertex -47.7461 32.3333 26
      vertex -47.6233 32.1678 32
      vertex -47.6233 32.1678 26
    endloop
  endfacet
  facet normal 0.998798 -0.0490178 0
    outer loop
      vertex -48.1 33.5 32
      vertex -48.0899 33.7058 26
      vertex -48.0899 33.7058 32
    endloop
  endfacet
  facet normal 0.998798 -0.0490178 0
    outer loop
      vertex -48.0899 33.7058 26
      vertex -48.1 33.5 32
      vertex -48.1 33.5 26
    endloop
  endfacet
  facet normal -0.740949 0.671561 0
    outer loop
      vertex -44.5151 32.0151 26
      vertex -44.3767 32.1678 32
      vertex -44.3767 32.1678 26
    endloop
  endfacet
  facet normal -0.740949 0.671561 0
    outer loop
      vertex -44.3767 32.1678 32
      vertex -44.5151 32.0151 26
      vertex -44.5151 32.0151 32
    endloop
  endfacet
  facet normal -0.989138 -0.146988 0
    outer loop
      vertex 48.0899 -33.2942 26
      vertex 48.0596 -33.0903 32
      vertex 48.0596 -33.0903 26
    endloop
  endfacet
  facet normal -0.989138 -0.146988 0
    outer loop
      vertex 48.0596 -33.0903 32
      vertex 48.0899 -33.2942 26
      vertex 48.0899 -33.2942 32
    endloop
  endfacet
  facet normal -0.998798 -0.0490178 0
    outer loop
      vertex 48.1 -33.5 26
      vertex 48.0899 -33.2942 32
      vertex 48.0899 -33.2942 26
    endloop
  endfacet
  facet normal -0.998798 -0.0490178 0
    outer loop
      vertex 48.0899 -33.2942 32
      vertex 48.1 -33.5 26
      vertex 48.1 -33.5 32
    endloop
  endfacet
  facet normal -0.970114 -0.24265 0
    outer loop
      vertex 48.0596 -33.0903 26
      vertex 48.0096 -32.8904 32
      vertex 48.0096 -32.8904 26
    endloop
  endfacet
  facet normal -0.970114 -0.24265 0
    outer loop
      vertex 48.0096 -32.8904 32
      vertex 48.0596 -33.0903 26
      vertex 48.0596 -33.0903 32
    endloop
  endfacet
  facet normal -0.998798 0.0490178 0
    outer loop
      vertex 48.0899 -33.7058 26
      vertex 48.1 -33.5 32
      vertex 48.1 -33.5 26
    endloop
  endfacet
  facet normal -0.998798 0.0490178 0
    outer loop
      vertex 48.1 -33.5 32
      vertex 48.0899 -33.7058 26
      vertex 48.0899 -33.7058 32
    endloop
  endfacet
  facet normal -0.337258 0.941412 0
    outer loop
      vertex 46.8036 -35.4401 26
      vertex 46.6096 -35.5096 32
      vertex 46.8036 -35.4401 32
    endloop
  endfacet
  facet normal -0.337258 0.941412 0
    outer loop
      vertex 46.6096 -35.5096 32
      vertex 46.8036 -35.4401 26
      vertex 46.6096 -35.5096 26
    endloop
  endfacet
  facet normal 0.427502 0.904014 -0
    outer loop
      vertex 45.1964 -35.4401 26
      vertex 45.0101 -35.352 32
      vertex 45.1964 -35.4401 32
    endloop
  endfacet
  facet normal 0.427502 0.904014 0
    outer loop
      vertex 45.0101 -35.352 32
      vertex 45.1964 -35.4401 26
      vertex 45.0101 -35.352 26
    endloop
  endfacet
  facet normal 0.989209 0.146513 0
    outer loop
      vertex 43.9403 -33.9097 32
      vertex 43.9101 -33.7058 26
      vertex 43.9101 -33.7058 32
    endloop
  endfacet
  facet normal 0.989209 0.146513 0
    outer loop
      vertex 43.9101 -33.7058 26
      vertex 43.9403 -33.9097 32
      vertex 43.9403 -33.9097 26
    endloop
  endfacet
  facet normal 0.671561 -0.740949 0
    outer loop
      vertex 44.5151 -32.0151 26
      vertex 44.6678 -31.8767 32
      vertex 44.5151 -32.0151 32
    endloop
  endfacet
  facet normal 0.671561 -0.740949 0
    outer loop
      vertex 44.6678 -31.8767 32
      vertex 44.5151 -32.0151 26
      vertex 44.6678 -31.8767 26
    endloop
  endfacet
  facet normal 0.24265 0.970114 -0
    outer loop
      vertex 45.5903 -35.5596 26
      vertex 45.3904 -35.5096 32
      vertex 45.5903 -35.5596 32
    endloop
  endfacet
  facet normal 0.24265 0.970114 0
    outer loop
      vertex 45.3904 -35.5096 32
      vertex 45.5903 -35.5596 26
      vertex 45.3904 -35.5096 26
    endloop
  endfacet
  facet normal 0.97 -0.243106 0
    outer loop
      vertex 43.9403 -33.0903 32
      vertex 43.9904 -32.8904 26
      vertex 43.9904 -32.8904 32
    endloop
  endfacet
  facet normal 0.97 -0.243106 0
    outer loop
      vertex 43.9904 -32.8904 26
      vertex 43.9403 -33.0903 32
      vertex 43.9403 -33.0903 26
    endloop
  endfacet
  facet normal -0.803076 -0.595877 0
    outer loop
      vertex 47.7461 -32.3333 26
      vertex 47.6233 -32.1678 32
      vertex 47.6233 -32.1678 26
    endloop
  endfacet
  facet normal -0.803076 -0.595877 0
    outer loop
      vertex 47.6233 -32.1678 32
      vertex 47.7461 -32.3333 26
      vertex 47.7461 -32.3333 32
    endloop
  endfacet
  facet normal 0.0490178 -0.998798 0
    outer loop
      vertex 45.7942 -31.4101 26
      vertex 46 -31.4 32
      vertex 45.7942 -31.4101 32
    endloop
  endfacet
  facet normal 0.0490178 -0.998798 0
    outer loop
      vertex 46 -31.4 32
      vertex 45.7942 -31.4101 26
      vertex 46 -31.4 26
    endloop
  endfacet
  facet normal 0.740949 0.671561 0
    outer loop
      vertex 44.5151 -34.9849 32
      vertex 44.3767 -34.8322 26
      vertex 44.3767 -34.8322 32
    endloop
  endfacet
  facet normal 0.740949 0.671561 0
    outer loop
      vertex 44.3767 -34.8322 26
      vertex 44.5151 -34.9849 32
      vertex 44.5151 -34.9849 26
    endloop
  endfacet
  facet normal 0.595877 0.803076 -0
    outer loop
      vertex 44.8333 -35.2461 26
      vertex 44.6678 -35.1233 32
      vertex 44.8333 -35.2461 32
    endloop
  endfacet
  facet normal 0.595877 0.803076 0
    outer loop
      vertex 44.6678 -35.1233 32
      vertex 44.8333 -35.2461 26
      vertex 44.6678 -35.1233 26
    endloop
  endfacet
  facet normal 0.513853 0.857878 -0
    outer loop
      vertex 45.0101 -35.352 26
      vertex 44.8333 -35.2461 32
      vertex 45.0101 -35.352 32
    endloop
  endfacet
  facet normal 0.513853 0.857878 0
    outer loop
      vertex 44.8333 -35.2461 32
      vertex 45.0101 -35.352 26
      vertex 44.8333 -35.2461 26
    endloop
  endfacet
  facet normal -0.0490178 -0.998798 0
    outer loop
      vertex 46 -31.4 26
      vertex 46.2058 -31.4101 32
      vertex 46 -31.4 32
    endloop
  endfacet
  facet normal -0.0490178 -0.998798 -0
    outer loop
      vertex 46.2058 -31.4101 32
      vertex 46 -31.4 26
      vertex 46.2058 -31.4101 26
    endloop
  endfacet
  facet normal 0.803076 0.595877 0
    outer loop
      vertex 44.3767 -34.8322 32
      vertex 44.2539 -34.6667 26
      vertex 44.2539 -34.6667 32
    endloop
  endfacet
  facet normal 0.803076 0.595877 0
    outer loop
      vertex 44.2539 -34.6667 26
      vertex 44.3767 -34.8322 32
      vertex 44.3767 -34.8322 26
    endloop
  endfacet
  facet normal -0.989138 0.146988 0
    outer loop
      vertex 48.0596 -33.9097 26
      vertex 48.0899 -33.7058 32
      vertex 48.0899 -33.7058 26
    endloop
  endfacet
  facet normal -0.989138 0.146988 0
    outer loop
      vertex 48.0899 -33.7058 32
      vertex 48.0596 -33.9097 26
      vertex 48.0596 -33.9097 32
    endloop
  endfacet
  facet normal 0.740949 -0.671561 0
    outer loop
      vertex 44.3767 -32.1678 32
      vertex 44.5151 -32.0151 26
      vertex 44.5151 -32.0151 32
    endloop
  endfacet
  facet normal 0.740949 -0.671561 0
    outer loop
      vertex 44.5151 -32.0151 26
      vertex 44.3767 -32.1678 32
      vertex 44.3767 -32.1678 26
    endloop
  endfacet
  facet normal -0.941412 0.337258 0
    outer loop
      vertex 47.9401 -34.3036 26
      vertex 48.0096 -34.1096 32
      vertex 48.0096 -34.1096 26
    endloop
  endfacet
  facet normal -0.941412 0.337258 0
    outer loop
      vertex 48.0096 -34.1096 32
      vertex 47.9401 -34.3036 26
      vertex 47.9401 -34.3036 32
    endloop
  endfacet
  facet normal -0.941412 -0.337258 0
    outer loop
      vertex 48.0096 -32.8904 26
      vertex 47.9401 -32.6964 32
      vertex 47.9401 -32.6964 26
    endloop
  endfacet
  facet normal -0.941412 -0.337258 0
    outer loop
      vertex 47.9401 -32.6964 32
      vertex 48.0096 -32.8904 26
      vertex 48.0096 -32.8904 32
    endloop
  endfacet
  facet normal 0.904014 -0.427502 0
    outer loop
      vertex 44.0599 -32.6964 32
      vertex 44.148 -32.5101 26
      vertex 44.148 -32.5101 32
    endloop
  endfacet
  facet normal 0.904014 -0.427502 0
    outer loop
      vertex 44.148 -32.5101 26
      vertex 44.0599 -32.6964 32
      vertex 44.0599 -32.6964 26
    endloop
  endfacet
  facet normal -0.970114 0.24265 0
    outer loop
      vertex 48.0096 -34.1096 26
      vertex 48.0596 -33.9097 32
      vertex 48.0596 -33.9097 26
    endloop
  endfacet
  facet normal -0.970114 0.24265 0
    outer loop
      vertex 48.0596 -33.9097 32
      vertex 48.0096 -34.1096 26
      vertex 48.0096 -34.1096 32
    endloop
  endfacet
  facet normal -0.0490178 0.998798 0
    outer loop
      vertex 46.2058 -35.5899 26
      vertex 46 -35.6 32
      vertex 46.2058 -35.5899 32
    endloop
  endfacet
  facet normal -0.0490178 0.998798 0
    outer loop
      vertex 46 -35.6 32
      vertex 46.2058 -35.5899 26
      vertex 46 -35.6 26
    endloop
  endfacet
  facet normal -0.904014 -0.427502 0
    outer loop
      vertex 47.9401 -32.6964 26
      vertex 47.852 -32.5101 32
      vertex 47.852 -32.5101 26
    endloop
  endfacet
  facet normal -0.904014 -0.427502 0
    outer loop
      vertex 47.852 -32.5101 32
      vertex 47.9401 -32.6964 26
      vertex 47.9401 -32.6964 32
    endloop
  endfacet
  facet normal 0.941412 0.337258 0
    outer loop
      vertex 44.0599 -34.3036 32
      vertex 43.9904 -34.1096 26
      vertex 43.9904 -34.1096 32
    endloop
  endfacet
  facet normal 0.941412 0.337258 0
    outer loop
      vertex 43.9904 -34.1096 26
      vertex 44.0599 -34.3036 32
      vertex 44.0599 -34.3036 26
    endloop
  endfacet
  facet normal -0.427502 0.904014 0
    outer loop
      vertex 46.9899 -35.352 26
      vertex 46.8036 -35.4401 32
      vertex 46.9899 -35.352 32
    endloop
  endfacet
  facet normal -0.427502 0.904014 0
    outer loop
      vertex 46.8036 -35.4401 32
      vertex 46.9899 -35.352 26
      vertex 46.8036 -35.4401 26
    endloop
  endfacet
  facet normal -0.427502 -0.904014 0
    outer loop
      vertex 46.8036 -31.5599 26
      vertex 46.9899 -31.648 32
      vertex 46.8036 -31.5599 32
    endloop
  endfacet
  facet normal -0.427502 -0.904014 -0
    outer loop
      vertex 46.9899 -31.648 32
      vertex 46.8036 -31.5599 26
      vertex 46.9899 -31.648 26
    endloop
  endfacet
  facet normal 0.427502 -0.904014 0
    outer loop
      vertex 45.0101 -31.648 26
      vertex 45.1964 -31.5599 32
      vertex 45.0101 -31.648 32
    endloop
  endfacet
  facet normal 0.427502 -0.904014 0
    outer loop
      vertex 45.1964 -31.5599 32
      vertex 45.0101 -31.648 26
      vertex 45.1964 -31.5599 26
    endloop
  endfacet
  facet normal -0.595877 0.803076 0
    outer loop
      vertex 47.3322 -35.1233 26
      vertex 47.1667 -35.2461 32
      vertex 47.3322 -35.1233 32
    endloop
  endfacet
  facet normal -0.595877 0.803076 0
    outer loop
      vertex 47.1667 -35.2461 32
      vertex 47.3322 -35.1233 26
      vertex 47.1667 -35.2461 26
    endloop
  endfacet
  facet normal -0.740949 0.671561 0
    outer loop
      vertex 47.4849 -34.9849 26
      vertex 47.6233 -34.8322 32
      vertex 47.6233 -34.8322 26
    endloop
  endfacet
  facet normal -0.740949 0.671561 0
    outer loop
      vertex 47.6233 -34.8322 32
      vertex 47.4849 -34.9849 26
      vertex 47.4849 -34.9849 32
    endloop
  endfacet
  facet normal 0.904014 0.427502 0
    outer loop
      vertex 44.148 -34.4899 32
      vertex 44.0599 -34.3036 26
      vertex 44.0599 -34.3036 32
    endloop
  endfacet
  facet normal 0.904014 0.427502 0
    outer loop
      vertex 44.0599 -34.3036 26
      vertex 44.148 -34.4899 32
      vertex 44.148 -34.4899 26
    endloop
  endfacet
  facet normal -0.146988 0.989138 0
    outer loop
      vertex 46.4097 -35.5596 26
      vertex 46.2058 -35.5899 32
      vertex 46.4097 -35.5596 32
    endloop
  endfacet
  facet normal -0.146988 0.989138 0
    outer loop
      vertex 46.2058 -35.5899 32
      vertex 46.4097 -35.5596 26
      vertex 46.2058 -35.5899 26
    endloop
  endfacet
  facet normal -0.243106 -0.97 0
    outer loop
      vertex 46.4097 -31.4403 26
      vertex 46.6096 -31.4904 32
      vertex 46.4097 -31.4403 32
    endloop
  endfacet
  facet normal -0.243106 -0.97 -0
    outer loop
      vertex 46.6096 -31.4904 32
      vertex 46.4097 -31.4403 26
      vertex 46.6096 -31.4904 26
    endloop
  endfacet
  facet normal -0.671561 -0.740949 0
    outer loop
      vertex 47.3322 -31.8767 26
      vertex 47.4849 -32.0151 32
      vertex 47.3322 -31.8767 32
    endloop
  endfacet
  facet normal -0.671561 -0.740949 -0
    outer loop
      vertex 47.4849 -32.0151 32
      vertex 47.3322 -31.8767 26
      vertex 47.4849 -32.0151 26
    endloop
  endfacet
  facet normal 0.989209 -0.146513 0
    outer loop
      vertex 43.9101 -33.2942 32
      vertex 43.9403 -33.0903 26
      vertex 43.9403 -33.0903 32
    endloop
  endfacet
  facet normal 0.989209 -0.146513 0
    outer loop
      vertex 43.9403 -33.0903 26
      vertex 43.9101 -33.2942 32
      vertex 43.9101 -33.2942 26
    endloop
  endfacet
  facet normal -0.595877 -0.803076 0
    outer loop
      vertex 47.1667 -31.7539 26
      vertex 47.3322 -31.8767 32
      vertex 47.1667 -31.7539 32
    endloop
  endfacet
  facet normal -0.595877 -0.803076 -0
    outer loop
      vertex 47.3322 -31.8767 32
      vertex 47.1667 -31.7539 26
      vertex 47.3322 -31.8767 26
    endloop
  endfacet
  facet normal -0.513853 -0.857878 0
    outer loop
      vertex 46.9899 -31.648 26
      vertex 47.1667 -31.7539 32
      vertex 46.9899 -31.648 32
    endloop
  endfacet
  facet normal -0.513853 -0.857878 -0
    outer loop
      vertex 47.1667 -31.7539 32
      vertex 46.9899 -31.648 26
      vertex 47.1667 -31.7539 26
    endloop
  endfacet
  facet normal -0.803076 0.595877 0
    outer loop
      vertex 47.6233 -34.8322 26
      vertex 47.7461 -34.6667 32
      vertex 47.7461 -34.6667 26
    endloop
  endfacet
  facet normal -0.803076 0.595877 0
    outer loop
      vertex 47.7461 -34.6667 32
      vertex 47.6233 -34.8322 26
      vertex 47.6233 -34.8322 32
    endloop
  endfacet
  facet normal -0.337258 -0.941412 0
    outer loop
      vertex 46.6096 -31.4904 26
      vertex 46.8036 -31.5599 32
      vertex 46.6096 -31.4904 32
    endloop
  endfacet
  facet normal -0.337258 -0.941412 -0
    outer loop
      vertex 46.8036 -31.5599 32
      vertex 46.6096 -31.4904 26
      vertex 46.8036 -31.5599 26
    endloop
  endfacet
  facet normal -0.24265 0.970114 0
    outer loop
      vertex 46.6096 -35.5096 26
      vertex 46.4097 -35.5596 32
      vertex 46.6096 -35.5096 32
    endloop
  endfacet
  facet normal -0.24265 0.970114 0
    outer loop
      vertex 46.4097 -35.5596 32
      vertex 46.6096 -35.5096 26
      vertex 46.4097 -35.5596 26
    endloop
  endfacet
  facet normal -0.740949 -0.671561 0
    outer loop
      vertex 47.6233 -32.1678 26
      vertex 47.4849 -32.0151 32
      vertex 47.4849 -32.0151 26
    endloop
  endfacet
  facet normal -0.740949 -0.671561 0
    outer loop
      vertex 47.4849 -32.0151 32
      vertex 47.6233 -32.1678 26
      vertex 47.6233 -32.1678 32
    endloop
  endfacet
  facet normal -0.857878 -0.513853 0
    outer loop
      vertex 47.852 -32.5101 26
      vertex 47.7461 -32.3333 32
      vertex 47.7461 -32.3333 26
    endloop
  endfacet
  facet normal -0.857878 -0.513853 0
    outer loop
      vertex 47.7461 -32.3333 32
      vertex 47.852 -32.5101 26
      vertex 47.852 -32.5101 32
    endloop
  endfacet
  facet normal 0.513853 -0.857878 0
    outer loop
      vertex 44.8333 -31.7539 26
      vertex 45.0101 -31.648 32
      vertex 44.8333 -31.7539 32
    endloop
  endfacet
  facet normal 0.513853 -0.857878 0
    outer loop
      vertex 45.0101 -31.648 32
      vertex 44.8333 -31.7539 26
      vertex 45.0101 -31.648 26
    endloop
  endfacet
  facet normal 0.243106 -0.97 0
    outer loop
      vertex 45.3904 -31.4904 26
      vertex 45.5903 -31.4403 32
      vertex 45.3904 -31.4904 32
    endloop
  endfacet
  facet normal 0.243106 -0.97 0
    outer loop
      vertex 45.5903 -31.4403 32
      vertex 45.3904 -31.4904 26
      vertex 45.5903 -31.4403 26
    endloop
  endfacet
  facet normal 0 0 1
    outer loop
      vertex 48.0899 -33.2942 26
      vertex 48.0899 -33.7058 26
      vertex 48.1 -33.5 26
    endloop
  endfacet
  facet normal 0 0 1
    outer loop
      vertex 48.0596 -33.0903 26
      vertex 48.0899 -33.7058 26
      vertex 48.0899 -33.2942 26
    endloop
  endfacet
  facet normal 0 0 1
    outer loop
      vertex 48.0596 -33.0903 26
      vertex 48.0596 -33.9097 26
      vertex 48.0899 -33.7058 26
    endloop
  endfacet
  facet normal 0 0 1
    outer loop
      vertex 48.0096 -32.8904 26
      vertex 48.0596 -33.9097 26
      vertex 48.0596 -33.0903 26
    endloop
  endfacet
  facet normal 0 0 1
    outer loop
      vertex 48.0096 -32.8904 26
      vertex 48.0096 -34.1096 26
      vertex 48.0596 -33.9097 26
    endloop
  endfacet
  facet normal 0 0 1
    outer loop
      vertex 47.9401 -32.6964 26
      vertex 48.0096 -34.1096 26
      vertex 48.0096 -32.8904 26
    endloop
  endfacet
  facet normal 0 0 1
    outer loop
      vertex 47.9401 -32.6964 26
      vertex 47.9401 -34.3036 26
      vertex 48.0096 -34.1096 26
    endloop
  endfacet
  facet normal 0 0 1
    outer loop
      vertex 47.852 -32.5101 26
      vertex 47.9401 -34.3036 26
      vertex 47.9401 -32.6964 26
    endloop
  endfacet
  facet normal 0 0 1
    outer loop
      vertex 47.852 -32.5101 26
      vertex 47.852 -34.4899 26
      vertex 47.9401 -34.3036 26
    endloop
  endfacet
  facet normal 0 0 1
    outer loop
      vertex 47.7461 -32.3333 26
      vertex 47.852 -34.4899 26
      vertex 47.852 -32.5101 26
    endloop
  endfacet
  facet normal 0 0 1
    outer loop
      vertex 47.7461 -32.3333 26
      vertex 47.7461 -34.6667 26
      vertex 47.852 -34.4899 26
    endloop
  endfacet
  facet normal 0 0 1
    outer loop
      vertex 47.6233 -32.1678 26
      vertex 47.7461 -34.6667 26
      vertex 47.7461 -32.3333 26
    endloop
  endfacet
  facet normal 0 0 1
    outer loop
      vertex 47.6233 -32.1678 26
      vertex 47.6233 -34.8322 26
      vertex 47.7461 -34.6667 26
    endloop
  endfacet
  facet normal 0 0 1
    outer loop
      vertex 47.4849 -32.0151 26
      vertex 47.6233 -34.8322 26
      vertex 47.6233 -32.1678 26
    endloop
  endfacet
  facet normal 0 0 1
    outer loop
      vertex 47.4849 -32.0151 26
      vertex 47.4849 -34.9849 26
      vertex 47.6233 -34.8322 26
    endloop
  endfacet
  facet normal 0 0 1
    outer loop
      vertex 47.3322 -31.8767 26
      vertex 47.4849 -34.9849 26
      vertex 47.4849 -32.0151 26
    endloop
  endfacet
  facet normal 0 0 1
    outer loop
      vertex 47.3322 -31.8767 26
      vertex 47.3322 -35.1233 26
      vertex 47.4849 -34.9849 26
    endloop
  endfacet
  facet normal 0 0 1
    outer loop
      vertex 47.1667 -31.7539 26
      vertex 47.3322 -35.1233 26
      vertex 47.3322 -31.8767 26
    endloop
  endfacet
  facet normal 0 0 1
    outer loop
      vertex 47.1667 -31.7539 26
      vertex 47.1667 -35.2461 26
      vertex 47.3322 -35.1233 26
    endloop
  endfacet
  facet normal 0 0 1
    outer loop
      vertex 46.9899 -31.648 26
      vertex 47.1667 -35.2461 26
      vertex 47.1667 -31.7539 26
    endloop
  endfacet
  facet normal 0 0 1
    outer loop
      vertex 46.9899 -31.648 26
      vertex 46.9899 -35.352 26
      vertex 47.1667 -35.2461 26
    endloop
  endfacet
  facet normal 0 0 1
    outer loop
      vertex 46.8036 -31.5599 26
      vertex 46.9899 -35.352 26
      vertex 46.9899 -31.648 26
    endloop
  endfacet
  facet normal 0 0 1
    outer loop
      vertex 46.8036 -31.5599 26
      vertex 46.8036 -35.4401 26
      vertex 46.9899 -35.352 26
    endloop
  endfacet
  facet normal 0 0 1
    outer loop
      vertex 46.6096 -31.4904 26
      vertex 46.8036 -35.4401 26
      vertex 46.8036 -31.5599 26
    endloop
  endfacet
  facet normal 0 0 1
    outer loop
      vertex 46.6096 -31.4904 26
      vertex 46.6096 -35.5096 26
      vertex 46.8036 -35.4401 26
    endloop
  endfacet
  facet normal 0 0 1
    outer loop
      vertex 46.4097 -31.4403 26
      vertex 46.6096 -35.5096 26
      vertex 46.6096 -31.4904 26
    endloop
  endfacet
  facet normal 0 0 1
    outer loop
      vertex 46.4097 -31.4403 26
      vertex 46.4097 -35.5596 26
      vertex 46.6096 -35.5096 26
    endloop
  endfacet
  facet normal 0 0 1
    outer loop
      vertex 46.2058 -31.4101 26
      vertex 46.4097 -35.5596 26
      vertex 46.4097 -31.4403 26
    endloop
  endfacet
  facet normal 0 0 1
    outer loop
      vertex 46.2058 -31.4101 26
      vertex 46.2058 -35.5899 26
      vertex 46.4097 -35.5596 26
    endloop
  endfacet
  facet normal 0 0 1
    outer loop
      vertex 46 -31.4 26
      vertex 46.2058 -35.5899 26
      vertex 46.2058 -31.4101 26
    endloop
  endfacet
  facet normal 0 0 1
    outer loop
      vertex 46 -31.4 26
      vertex 46 -35.6 26
      vertex 46.2058 -35.5899 26
    endloop
  endfacet
  facet normal -0 0 1
    outer loop
      vertex 45.7942 -31.4101 26
      vertex 46 -35.6 26
      vertex 46 -31.4 26
    endloop
  endfacet
  facet normal 0 0 1
    outer loop
      vertex 45.7942 -31.4101 26
      vertex 45.7942 -35.5899 26
      vertex 46 -35.6 26
    endloop
  endfacet
  facet normal -0 0 1
    outer loop
      vertex 45.5903 -31.4403 26
      vertex 45.7942 -35.5899 26
      vertex 45.7942 -31.4101 26
    endloop
  endfacet
  facet normal 0 0 1
    outer loop
      vertex 45.5903 -31.4403 26
      vertex 45.5903 -35.5596 26
      vertex 45.7942 -35.5899 26
    endloop
  endfacet
  facet normal -0 0 1
    outer loop
      vertex 45.3904 -31.4904 26
      vertex 45.5903 -35.5596 26
      vertex 45.5903 -31.4403 26
    endloop
  endfacet
  facet normal 0 0 1
    outer loop
      vertex 45.3904 -31.4904 26
      vertex 45.3904 -35.5096 26
      vertex 45.5903 -35.5596 26
    endloop
  endfacet
  facet normal -0 0 1
    outer loop
      vertex 45.1964 -31.5599 26
      vertex 45.3904 -35.5096 26
      vertex 45.3904 -31.4904 26
    endloop
  endfacet
  facet normal 0 0 1
    outer loop
      vertex 45.1964 -31.5599 26
      vertex 45.1964 -35.4401 26
      vertex 45.3904 -35.5096 26
    endloop
  endfacet
  facet normal -0 0 1
    outer loop
      vertex 45.0101 -31.648 26
      vertex 45.1964 -35.4401 26
      vertex 45.1964 -31.5599 26
    endloop
  endfacet
  facet normal 0 0 1
    outer loop
      vertex 45.0101 -31.648 26
      vertex 45.0101 -35.352 26
      vertex 45.1964 -35.4401 26
    endloop
  endfacet
  facet normal -0 0 1
    outer loop
      vertex 44.8333 -31.7539 26
      vertex 45.0101 -35.352 26
      vertex 45.0101 -31.648 26
    endloop
  endfacet
  facet normal 0 0 1
    outer loop
      vertex 44.8333 -31.7539 26
      vertex 44.8333 -35.2461 26
      vertex 45.0101 -35.352 26
    endloop
  endfacet
  facet normal -0 0 1
    outer loop
      vertex 44.6678 -31.8767 26
      vertex 44.8333 -35.2461 26
      vertex 44.8333 -31.7539 26
    endloop
  endfacet
  facet normal 0 0 1
    outer loop
      vertex 44.6678 -31.8767 26
      vertex 44.6678 -35.1233 26
      vertex 44.8333 -35.2461 26
    endloop
  endfacet
  facet normal -0 0 1
    outer loop
      vertex 44.5151 -32.0151 26
      vertex 44.6678 -35.1233 26
      vertex 44.6678 -31.8767 26
    endloop
  endfacet
  facet normal 0 0 1
    outer loop
      vertex 44.5151 -32.0151 26
      vertex 44.5151 -34.9849 26
      vertex 44.6678 -35.1233 26
    endloop
  endfacet
  facet normal -0 0 1
    outer loop
      vertex 44.3767 -32.1678 26
      vertex 44.5151 -34.9849 26
      vertex 44.5151 -32.0151 26
    endloop
  endfacet
  facet normal 0 0 1
    outer loop
      vertex 44.3767 -32.1678 26
      vertex 44.3767 -34.8322 26
      vertex 44.5151 -34.9849 26
    endloop
  endfacet
  facet normal -0 0 1
    outer loop
      vertex 44.2539 -32.3333 26
      vertex 44.3767 -34.8322 26
      vertex 44.3767 -32.1678 26
    endloop
  endfacet
  facet normal 0 0 1
    outer loop
      vertex 44.2539 -32.3333 26
      vertex 44.2539 -34.6667 26
      vertex 44.3767 -34.8322 26
    endloop
  endfacet
  facet normal -0 0 1
    outer loop
      vertex 44.148 -32.5101 26
      vertex 44.2539 -34.6667 26
      vertex 44.2539 -32.3333 26
    endloop
  endfacet
  facet normal 0 0 1
    outer loop
      vertex 44.148 -32.5101 26
      vertex 44.148 -34.4899 26
      vertex 44.2539 -34.6667 26
    endloop
  endfacet
  facet normal -0 0 1
    outer loop
      vertex 44.0599 -32.6964 26
      vertex 44.148 -34.4899 26
      vertex 44.148 -32.5101 26
    endloop
  endfacet
  facet normal 0 0 1
    outer loop
      vertex 44.0599 -32.6964 26
      vertex 44.0599 -34.3036 26
      vertex 44.148 -34.4899 26
    endloop
  endfacet
  facet normal -0 0 1
    outer loop
      vertex 43.9904 -32.8904 26
      vertex 44.0599 -34.3036 26
      vertex 44.0599 -32.6964 26
    endloop
  endfacet
  facet normal 0 0 1
    outer loop
      vertex 43.9904 -32.8904 26
      vertex 43.9904 -34.1096 26
      vertex 44.0599 -34.3036 26
    endloop
  endfacet
  facet normal -0 0 1
    outer loop
      vertex 43.9403 -33.0903 26
      vertex 43.9904 -34.1096 26
      vertex 43.9904 -32.8904 26
    endloop
  endfacet
  facet normal 0 0 1
    outer loop
      vertex 43.9403 -33.0903 26
      vertex 43.9403 -33.9097 26
      vertex 43.9904 -34.1096 26
    endloop
  endfacet
  facet normal -0 0 1
    outer loop
      vertex 43.9101 -33.2942 26
      vertex 43.9403 -33.9097 26
      vertex 43.9403 -33.0903 26
    endloop
  endfacet
  facet normal 0 0 1
    outer loop
      vertex 43.9101 -33.2942 26
      vertex 43.9101 -33.7058 26
      vertex 43.9403 -33.9097 26
    endloop
  endfacet
  facet normal 0 -0 1
    outer loop
      vertex 43.9101 -33.7058 26
      vertex 43.9101 -33.2942 26
      vertex 43.9 -33.5 26
    endloop
  endfacet
  facet normal 0.146513 -0.989209 0
    outer loop
      vertex 45.5903 -31.4403 26
      vertex 45.7942 -31.4101 32
      vertex 45.5903 -31.4403 32
    endloop
  endfacet
  facet normal 0.146513 -0.989209 0
    outer loop
      vertex 45.7942 -31.4101 32
      vertex 45.5903 -31.4403 26
      vertex 45.7942 -31.4101 26
    endloop
  endfacet
  facet normal 0.337258 -0.941412 0
    outer loop
      vertex 45.1964 -31.5599 26
      vertex 45.3904 -31.4904 32
      vertex 45.1964 -31.5599 32
    endloop
  endfacet
  facet normal 0.337258 -0.941412 0
    outer loop
      vertex 45.3904 -31.4904 32
      vertex 45.1964 -31.5599 26
      vertex 45.3904 -31.4904 26
    endloop
  endfacet
  facet normal 0.998798 -0.0490178 0
    outer loop
      vertex 43.9 -33.5 32
      vertex 43.9101 -33.2942 26
      vertex 43.9101 -33.2942 32
    endloop
  endfacet
  facet normal 0.998798 -0.0490178 0
    outer loop
      vertex 43.9101 -33.2942 26
      vertex 43.9 -33.5 32
      vertex 43.9 -33.5 26
    endloop
  endfacet
  facet normal 0.803076 -0.595877 0
    outer loop
      vertex 44.2539 -32.3333 32
      vertex 44.3767 -32.1678 26
      vertex 44.3767 -32.1678 32
    endloop
  endfacet
  facet normal 0.803076 -0.595877 0
    outer loop
      vertex 44.3767 -32.1678 26
      vertex 44.2539 -32.3333 32
      vertex 44.2539 -32.3333 26
    endloop
  endfacet
  facet normal 0.97 0.243106 0
    outer loop
      vertex 43.9904 -34.1096 32
      vertex 43.9403 -33.9097 26
      vertex 43.9403 -33.9097 32
    endloop
  endfacet
  facet normal 0.97 0.243106 0
    outer loop
      vertex 43.9403 -33.9097 26
      vertex 43.9904 -34.1096 32
      vertex 43.9904 -34.1096 26
    endloop
  endfacet
  facet normal -0.857878 0.513853 0
    outer loop
      vertex 47.7461 -34.6667 26
      vertex 47.852 -34.4899 32
      vertex 47.852 -34.4899 26
    endloop
  endfacet
  facet normal -0.857878 0.513853 0
    outer loop
      vertex 47.852 -34.4899 32
      vertex 47.7461 -34.6667 26
      vertex 47.7461 -34.6667 32
    endloop
  endfacet
  facet normal -0.904014 0.427502 0
    outer loop
      vertex 47.852 -34.4899 26
      vertex 47.9401 -34.3036 32
      vertex 47.9401 -34.3036 26
    endloop
  endfacet
  facet normal -0.904014 0.427502 0
    outer loop
      vertex 47.9401 -34.3036 32
      vertex 47.852 -34.4899 26
      vertex 47.852 -34.4899 32
    endloop
  endfacet
  facet normal -0.513853 0.857878 0
    outer loop
      vertex 47.1667 -35.2461 26
      vertex 46.9899 -35.352 32
      vertex 47.1667 -35.2461 32
    endloop
  endfacet
  facet normal -0.513853 0.857878 0
    outer loop
      vertex 46.9899 -35.352 32
      vertex 47.1667 -35.2461 26
      vertex 46.9899 -35.352 26
    endloop
  endfacet
  facet normal 0.941412 -0.337258 0
    outer loop
      vertex 43.9904 -32.8904 32
      vertex 44.0599 -32.6964 26
      vertex 44.0599 -32.6964 32
    endloop
  endfacet
  facet normal 0.941412 -0.337258 0
    outer loop
      vertex 44.0599 -32.6964 26
      vertex 43.9904 -32.8904 32
      vertex 43.9904 -32.8904 26
    endloop
  endfacet
  facet normal 0.0490178 0.998798 -0
    outer loop
      vertex 46 -35.6 26
      vertex 45.7942 -35.5899 32
      vertex 46 -35.6 32
    endloop
  endfacet
  facet normal 0.0490178 0.998798 0
    outer loop
      vertex 45.7942 -35.5899 32
      vertex 46 -35.6 26
      vertex 45.7942 -35.5899 26
    endloop
  endfacet
  facet normal 0.146988 0.989138 -0
    outer loop
      vertex 45.7942 -35.5899 26
      vertex 45.5903 -35.5596 32
      vertex 45.7942 -35.5899 32
    endloop
  endfacet
  facet normal 0.146988 0.989138 0
    outer loop
      vertex 45.5903 -35.5596 32
      vertex 45.7942 -35.5899 26
      vertex 45.5903 -35.5596 26
    endloop
  endfacet
  facet normal 0.595877 -0.803076 0
    outer loop
      vertex 44.6678 -31.8767 26
      vertex 44.8333 -31.7539 32
      vertex 44.6678 -31.8767 32
    endloop
  endfacet
  facet normal 0.595877 -0.803076 0
    outer loop
      vertex 44.8333 -31.7539 32
      vertex 44.6678 -31.8767 26
      vertex 44.8333 -31.7539 26
    endloop
  endfacet
  facet normal -0.671561 0.740949 0
    outer loop
      vertex 47.4849 -34.9849 26
      vertex 47.3322 -35.1233 32
      vertex 47.4849 -34.9849 32
    endloop
  endfacet
  facet normal -0.671561 0.740949 0
    outer loop
      vertex 47.3322 -35.1233 32
      vertex 47.4849 -34.9849 26
      vertex 47.3322 -35.1233 26
    endloop
  endfacet
  facet normal 0.337258 0.941412 -0
    outer loop
      vertex 45.3904 -35.5096 26
      vertex 45.1964 -35.4401 32
      vertex 45.3904 -35.5096 32
    endloop
  endfacet
  facet normal 0.337258 0.941412 0
    outer loop
      vertex 45.1964 -35.4401 32
      vertex 45.3904 -35.5096 26
      vertex 45.1964 -35.4401 26
    endloop
  endfacet
  facet normal -0.146513 -0.989209 0
    outer loop
      vertex 46.2058 -31.4101 26
      vertex 46.4097 -31.4403 32
      vertex 46.2058 -31.4101 32
    endloop
  endfacet
  facet normal -0.146513 -0.989209 -0
    outer loop
      vertex 46.4097 -31.4403 32
      vertex 46.2058 -31.4101 26
      vertex 46.4097 -31.4403 26
    endloop
  endfacet
  facet normal 0.671561 0.740949 -0
    outer loop
      vertex 44.6678 -35.1233 26
      vertex 44.5151 -34.9849 32
      vertex 44.6678 -35.1233 32
    endloop
  endfacet
  facet normal 0.671561 0.740949 0
    outer loop
      vertex 44.5151 -34.9849 32
      vertex 44.6678 -35.1233 26
      vertex 44.5151 -34.9849 26
    endloop
  endfacet
  facet normal 0.857878 -0.513853 0
    outer loop
      vertex 44.148 -32.5101 32
      vertex 44.2539 -32.3333 26
      vertex 44.2539 -32.3333 32
    endloop
  endfacet
  facet normal 0.857878 -0.513853 0
    outer loop
      vertex 44.2539 -32.3333 26
      vertex 44.148 -32.5101 32
      vertex 44.148 -32.5101 26
    endloop
  endfacet
  facet normal 0.998798 0.0490178 0
    outer loop
      vertex 43.9101 -33.7058 32
      vertex 43.9 -33.5 26
      vertex 43.9 -33.5 32
    endloop
  endfacet
  facet normal 0.998798 0.0490178 0
    outer loop
      vertex 43.9 -33.5 26
      vertex 43.9101 -33.7058 32
      vertex 43.9101 -33.7058 26
    endloop
  endfacet
  facet normal 0.857878 0.513853 0
    outer loop
      vertex 44.2539 -34.6667 32
      vertex 44.148 -34.4899 26
      vertex 44.148 -34.4899 32
    endloop
  endfacet
  facet normal 0.857878 0.513853 0
    outer loop
      vertex 44.148 -34.4899 26
      vertex 44.2539 -34.6667 32
      vertex 44.2539 -34.6667 26
    endloop
  endfacet
  facet normal -0.989138 -0.146988 0
    outer loop
      vertex 48.0899 33.7058 26
      vertex 48.0596 33.9097 32
      vertex 48.0596 33.9097 26
    endloop
  endfacet
  facet normal -0.989138 -0.146988 0
    outer loop
      vertex 48.0596 33.9097 32
      vertex 48.0899 33.7058 26
      vertex 48.0899 33.7058 32
    endloop
  endfacet
  facet normal -0.998798 -0.0490178 0
    outer loop
      vertex 48.1 33.5 26
      vertex 48.0899 33.7058 32
      vertex 48.0899 33.7058 26
    endloop
  endfacet
  facet normal -0.998798 -0.0490178 0
    outer loop
      vertex 48.0899 33.7058 32
      vertex 48.1 33.5 26
      vertex 48.1 33.5 32
    endloop
  endfacet
  facet normal -0.970114 -0.24265 0
    outer loop
      vertex 48.0596 33.9097 26
      vertex 48.0096 34.1096 32
      vertex 48.0096 34.1096 26
    endloop
  endfacet
  facet normal -0.970114 -0.24265 0
    outer loop
      vertex 48.0096 34.1096 32
      vertex 48.0596 33.9097 26
      vertex 48.0596 33.9097 32
    endloop
  endfacet
  facet normal 0.24265 -0.970114 0
    outer loop
      vertex 45.3904 35.5096 26
      vertex 45.5903 35.5596 32
      vertex 45.3904 35.5096 32
    endloop
  endfacet
  facet normal 0.24265 -0.970114 0
    outer loop
      vertex 45.5903 35.5596 32
      vertex 45.3904 35.5096 26
      vertex 45.5903 35.5596 26
    endloop
  endfacet
  facet normal 0.904014 0.427502 0
    outer loop
      vertex 44.148 32.5101 32
      vertex 44.0599 32.6964 26
      vertex 44.0599 32.6964 32
    endloop
  endfacet
  facet normal 0.904014 0.427502 0
    outer loop
      vertex 44.0599 32.6964 26
      vertex 44.148 32.5101 32
      vertex 44.148 32.5101 26
    endloop
  endfacet
  facet normal -0.427502 0.904014 0
    outer loop
      vertex 46.9899 31.648 26
      vertex 46.8036 31.5599 32
      vertex 46.9899 31.648 32
    endloop
  endfacet
  facet normal -0.427502 0.904014 0
    outer loop
      vertex 46.8036 31.5599 32
      vertex 46.9899 31.648 26
      vertex 46.8036 31.5599 26
    endloop
  endfacet
  facet normal 0.243106 0.97 -0
    outer loop
      vertex 45.5903 31.4403 26
      vertex 45.3904 31.4904 32
      vertex 45.5903 31.4403 32
    endloop
  endfacet
  facet normal 0.243106 0.97 0
    outer loop
      vertex 45.3904 31.4904 32
      vertex 45.5903 31.4403 26
      vertex 45.3904 31.4904 26
    endloop
  endfacet
  facet normal -0.513853 0.857878 0
    outer loop
      vertex 47.1667 31.7539 26
      vertex 46.9899 31.648 32
      vertex 47.1667 31.7539 32
    endloop
  endfacet
  facet normal -0.513853 0.857878 0
    outer loop
      vertex 46.9899 31.648 32
      vertex 47.1667 31.7539 26
      vertex 46.9899 31.648 26
    endloop
  endfacet
  facet normal 0.337258 0.941412 -0
    outer loop
      vertex 45.3904 31.4904 26
      vertex 45.1964 31.5599 32
      vertex 45.3904 31.4904 32
    endloop
  endfacet
  facet normal 0.337258 0.941412 0
    outer loop
      vertex 45.1964 31.5599 32
      vertex 45.3904 31.4904 26
      vertex 45.1964 31.5599 26
    endloop
  endfacet
  facet normal -0.337258 0.941412 0
    outer loop
      vertex 46.8036 31.5599 26
      vertex 46.6096 31.4904 32
      vertex 46.8036 31.5599 32
    endloop
  endfacet
  facet normal -0.337258 0.941412 0
    outer loop
      vertex 46.6096 31.4904 32
      vertex 46.8036 31.5599 26
      vertex 46.6096 31.4904 26
    endloop
  endfacet
  facet normal 0.671561 -0.740949 0
    outer loop
      vertex 44.5151 34.9849 26
      vertex 44.6678 35.1233 32
      vertex 44.5151 34.9849 32
    endloop
  endfacet
  facet normal 0.671561 -0.740949 0
    outer loop
      vertex 44.6678 35.1233 32
      vertex 44.5151 34.9849 26
      vertex 44.6678 35.1233 26
    endloop
  endfacet
  facet normal -0.243106 0.97 0
    outer loop
      vertex 46.6096 31.4904 26
      vertex 46.4097 31.4403 32
      vertex 46.6096 31.4904 32
    endloop
  endfacet
  facet normal -0.243106 0.97 0
    outer loop
      vertex 46.4097 31.4403 32
      vertex 46.6096 31.4904 26
      vertex 46.4097 31.4403 26
    endloop
  endfacet
  facet normal 0.857878 -0.513853 0
    outer loop
      vertex 44.148 34.4899 32
      vertex 44.2539 34.6667 26
      vertex 44.2539 34.6667 32
    endloop
  endfacet
  facet normal 0.857878 -0.513853 0
    outer loop
      vertex 44.2539 34.6667 26
      vertex 44.148 34.4899 32
      vertex 44.148 34.4899 26
    endloop
  endfacet
  facet normal 0.989209 -0.146513 0
    outer loop
      vertex 43.9101 33.7058 32
      vertex 43.9403 33.9097 26
      vertex 43.9403 33.9097 32
    endloop
  endfacet
  facet normal 0.989209 -0.146513 0
    outer loop
      vertex 43.9403 33.9097 26
      vertex 43.9101 33.7058 32
      vertex 43.9101 33.7058 26
    endloop
  endfacet
  facet normal -0.904014 -0.427502 0
    outer loop
      vertex 47.9401 34.3036 26
      vertex 47.852 34.4899 32
      vertex 47.852 34.4899 26
    endloop
  endfacet
  facet normal -0.904014 -0.427502 0
    outer loop
      vertex 47.852 34.4899 32
      vertex 47.9401 34.3036 26
      vertex 47.9401 34.3036 32
    endloop
  endfacet
  facet normal -0.803076 0.595877 0
    outer loop
      vertex 47.6233 32.1678 26
      vertex 47.7461 32.3333 32
      vertex 47.7461 32.3333 26
    endloop
  endfacet
  facet normal -0.803076 0.595877 0
    outer loop
      vertex 47.7461 32.3333 32
      vertex 47.6233 32.1678 26
      vertex 47.6233 32.1678 32
    endloop
  endfacet
  facet normal 0.595877 -0.803076 0
    outer loop
      vertex 44.6678 35.1233 26
      vertex 44.8333 35.2461 32
      vertex 44.6678 35.1233 32
    endloop
  endfacet
  facet normal 0.595877 -0.803076 0
    outer loop
      vertex 44.8333 35.2461 32
      vertex 44.6678 35.1233 26
      vertex 44.8333 35.2461 26
    endloop
  endfacet
  facet normal -0.595877 -0.803076 0
    outer loop
      vertex 47.1667 35.2461 26
      vertex 47.3322 35.1233 32
      vertex 47.1667 35.2461 32
    endloop
  endfacet
  facet normal -0.595877 -0.803076 -0
    outer loop
      vertex 47.3322 35.1233 32
      vertex 47.1667 35.2461 26
      vertex 47.3322 35.1233 26
    endloop
  endfacet
  facet normal -0.146988 -0.989138 0
    outer loop
      vertex 46.2058 35.5899 26
      vertex 46.4097 35.5596 32
      vertex 46.2058 35.5899 32
    endloop
  endfacet
  facet normal -0.146988 -0.989138 -0
    outer loop
      vertex 46.4097 35.5596 32
      vertex 46.2058 35.5899 26
      vertex 46.4097 35.5596 26
    endloop
  endfacet
  facet normal -0.803076 -0.595877 0
    outer loop
      vertex 47.7461 34.6667 26
      vertex 47.6233 34.8322 32
      vertex 47.6233 34.8322 26
    endloop
  endfacet
  facet normal -0.803076 -0.595877 0
    outer loop
      vertex 47.6233 34.8322 32
      vertex 47.7461 34.6667 26
      vertex 47.7461 34.6667 32
    endloop
  endfacet
  facet normal 0.513853 -0.857878 0
    outer loop
      vertex 44.8333 35.2461 26
      vertex 45.0101 35.352 32
      vertex 44.8333 35.2461 32
    endloop
  endfacet
  facet normal 0.513853 -0.857878 0
    outer loop
      vertex 45.0101 35.352 32
      vertex 44.8333 35.2461 26
      vertex 45.0101 35.352 26
    endloop
  endfacet
  facet normal 0.146988 -0.989138 0
    outer loop
      vertex 45.5903 35.5596 26
      vertex 45.7942 35.5899 32
      vertex 45.5903 35.5596 32
    endloop
  endfacet
  facet normal 0.146988 -0.989138 0
    outer loop
      vertex 45.7942 35.5899 32
      vertex 45.5903 35.5596 26
      vertex 45.7942 35.5899 26
    endloop
  endfacet
  facet normal -0.513853 -0.857878 0
    outer loop
      vertex 46.9899 35.352 26
      vertex 47.1667 35.2461 32
      vertex 46.9899 35.352 32
    endloop
  endfacet
  facet normal -0.513853 -0.857878 -0
    outer loop
      vertex 47.1667 35.2461 32
      vertex 46.9899 35.352 26
      vertex 47.1667 35.2461 26
    endloop
  endfacet
  facet normal 0.941412 0.337258 0
    outer loop
      vertex 44.0599 32.6964 32
      vertex 43.9904 32.8904 26
      vertex 43.9904 32.8904 32
    endloop
  endfacet
  facet normal 0.941412 0.337258 0
    outer loop
      vertex 43.9904 32.8904 26
      vertex 44.0599 32.6964 32
      vertex 44.0599 32.6964 26
    endloop
  endfacet
  facet normal -0.998798 0.0490178 0
    outer loop
      vertex 48.0899 33.2942 26
      vertex 48.1 33.5 32
      vertex 48.1 33.5 26
    endloop
  endfacet
  facet normal -0.998798 0.0490178 0
    outer loop
      vertex 48.1 33.5 32
      vertex 48.0899 33.2942 26
      vertex 48.0899 33.2942 32
    endloop
  endfacet
  facet normal 0.427502 -0.904014 0
    outer loop
      vertex 45.0101 35.352 26
      vertex 45.1964 35.4401 32
      vertex 45.0101 35.352 32
    endloop
  endfacet
  facet normal 0.427502 -0.904014 0
    outer loop
      vertex 45.1964 35.4401 32
      vertex 45.0101 35.352 26
      vertex 45.1964 35.4401 26
    endloop
  endfacet
  facet normal -0.904014 0.427502 0
    outer loop
      vertex 47.852 32.5101 26
      vertex 47.9401 32.6964 32
      vertex 47.9401 32.6964 26
    endloop
  endfacet
  facet normal -0.904014 0.427502 0
    outer loop
      vertex 47.9401 32.6964 32
      vertex 47.852 32.5101 26
      vertex 47.852 32.5101 32
    endloop
  endfacet
  facet normal 0.595877 0.803076 -0
    outer loop
      vertex 44.8333 31.7539 26
      vertex 44.6678 31.8767 32
      vertex 44.8333 31.7539 32
    endloop
  endfacet
  facet normal 0.595877 0.803076 0
    outer loop
      vertex 44.6678 31.8767 32
      vertex 44.8333 31.7539 26
      vertex 44.6678 31.8767 26
    endloop
  endfacet
  facet normal 0.803076 -0.595877 0
    outer loop
      vertex 44.2539 34.6667 32
      vertex 44.3767 34.8322 26
      vertex 44.3767 34.8322 32
    endloop
  endfacet
  facet normal 0.803076 -0.595877 0
    outer loop
      vertex 44.3767 34.8322 26
      vertex 44.2539 34.6667 32
      vertex 44.2539 34.6667 26
    endloop
  endfacet
  facet normal 0.941412 -0.337258 0
    outer loop
      vertex 43.9904 34.1096 32
      vertex 44.0599 34.3036 26
      vertex 44.0599 34.3036 32
    endloop
  endfacet
  facet normal 0.941412 -0.337258 0
    outer loop
      vertex 44.0599 34.3036 26
      vertex 43.9904 34.1096 32
      vertex 43.9904 34.1096 26
    endloop
  endfacet
  facet normal -0.857878 -0.513853 0
    outer loop
      vertex 47.852 34.4899 26
      vertex 47.7461 34.6667 32
      vertex 47.7461 34.6667 26
    endloop
  endfacet
  facet normal -0.857878 -0.513853 0
    outer loop
      vertex 47.7461 34.6667 32
      vertex 47.852 34.4899 26
      vertex 47.852 34.4899 32
    endloop
  endfacet
  facet normal -0.941412 -0.337258 0
    outer loop
      vertex 48.0096 34.1096 26
      vertex 47.9401 34.3036 32
      vertex 47.9401 34.3036 26
    endloop
  endfacet
  facet normal -0.941412 -0.337258 0
    outer loop
      vertex 47.9401 34.3036 32
      vertex 48.0096 34.1096 26
      vertex 48.0096 34.1096 32
    endloop
  endfacet
  facet normal 0.671561 0.740949 -0
    outer loop
      vertex 44.6678 31.8767 26
      vertex 44.5151 32.0151 32
      vertex 44.6678 31.8767 32
    endloop
  endfacet
  facet normal 0.671561 0.740949 0
    outer loop
      vertex 44.5151 32.0151 32
      vertex 44.6678 31.8767 26
      vertex 44.5151 32.0151 26
    endloop
  endfacet
  facet normal -0.970114 0.24265 0
    outer loop
      vertex 48.0096 32.8904 26
      vertex 48.0596 33.0903 32
      vertex 48.0596 33.0903 26
    endloop
  endfacet
  facet normal -0.970114 0.24265 0
    outer loop
      vertex 48.0596 33.0903 32
      vertex 48.0096 32.8904 26
      vertex 48.0096 32.8904 32
    endloop
  endfacet
  facet normal -0.989138 0.146988 0
    outer loop
      vertex 48.0596 33.0903 26
      vertex 48.0899 33.2942 32
      vertex 48.0899 33.2942 26
    endloop
  endfacet
  facet normal -0.989138 0.146988 0
    outer loop
      vertex 48.0899 33.2942 32
      vertex 48.0596 33.0903 26
      vertex 48.0596 33.0903 32
    endloop
  endfacet
  facet normal 0.513853 0.857878 -0
    outer loop
      vertex 45.0101 31.648 26
      vertex 44.8333 31.7539 32
      vertex 45.0101 31.648 32
    endloop
  endfacet
  facet normal 0.513853 0.857878 0
    outer loop
      vertex 44.8333 31.7539 32
      vertex 45.0101 31.648 26
      vertex 44.8333 31.7539 26
    endloop
  endfacet
  facet normal -0.337258 -0.941412 0
    outer loop
      vertex 46.6096 35.5096 26
      vertex 46.8036 35.4401 32
      vertex 46.6096 35.5096 32
    endloop
  endfacet
  facet normal -0.337258 -0.941412 -0
    outer loop
      vertex 46.8036 35.4401 32
      vertex 46.6096 35.5096 26
      vertex 46.8036 35.4401 26
    endloop
  endfacet
  facet normal 0.337258 -0.941412 0
    outer loop
      vertex 45.1964 35.4401 26
      vertex 45.3904 35.5096 32
      vertex 45.1964 35.4401 32
    endloop
  endfacet
  facet normal 0.337258 -0.941412 0
    outer loop
      vertex 45.3904 35.5096 32
      vertex 45.1964 35.4401 26
      vertex 45.3904 35.5096 26
    endloop
  endfacet
  facet normal -0.146513 0.989209 0
    outer loop
      vertex 46.4097 31.4403 26
      vertex 46.2058 31.4101 32
      vertex 46.4097 31.4403 32
    endloop
  endfacet
  facet normal -0.146513 0.989209 0
    outer loop
      vertex 46.2058 31.4101 32
      vertex 46.4097 31.4403 26
      vertex 46.2058 31.4101 26
    endloop
  endfacet
  facet normal -0.857878 0.513853 0
    outer loop
      vertex 47.7461 32.3333 26
      vertex 47.852 32.5101 32
      vertex 47.852 32.5101 26
    endloop
  endfacet
  facet normal -0.857878 0.513853 0
    outer loop
      vertex 47.852 32.5101 32
      vertex 47.7461 32.3333 26
      vertex 47.7461 32.3333 32
    endloop
  endfacet
  facet normal 0.0490178 -0.998798 0
    outer loop
      vertex 45.7942 35.5899 26
      vertex 46 35.6 32
      vertex 45.7942 35.5899 32
    endloop
  endfacet
  facet normal 0.0490178 -0.998798 0
    outer loop
      vertex 46 35.6 32
      vertex 45.7942 35.5899 26
      vertex 46 35.6 26
    endloop
  endfacet
  facet normal 0.998798 0.0490178 0
    outer loop
      vertex 43.9101 33.2942 32
      vertex 43.9 33.5 26
      vertex 43.9 33.5 32
    endloop
  endfacet
  facet normal 0.998798 0.0490178 0
    outer loop
      vertex 43.9 33.5 26
      vertex 43.9101 33.2942 32
      vertex 43.9101 33.2942 26
    endloop
  endfacet
  facet normal -0.941412 0.337258 0
    outer loop
      vertex 47.9401 32.6964 26
      vertex 48.0096 32.8904 32
      vertex 48.0096 32.8904 26
    endloop
  endfacet
  facet normal -0.941412 0.337258 0
    outer loop
      vertex 48.0096 32.8904 32
      vertex 47.9401 32.6964 26
      vertex 47.9401 32.6964 32
    endloop
  endfacet
  facet normal -0.427502 -0.904014 0
    outer loop
      vertex 46.8036 35.4401 26
      vertex 46.9899 35.352 32
      vertex 46.8036 35.4401 32
    endloop
  endfacet
  facet normal -0.427502 -0.904014 -0
    outer loop
      vertex 46.9899 35.352 32
      vertex 46.8036 35.4401 26
      vertex 46.9899 35.352 26
    endloop
  endfacet
  facet normal -0.740949 -0.671561 0
    outer loop
      vertex 47.6233 34.8322 26
      vertex 47.4849 34.9849 32
      vertex 47.4849 34.9849 26
    endloop
  endfacet
  facet normal -0.740949 -0.671561 0
    outer loop
      vertex 47.4849 34.9849 32
      vertex 47.6233 34.8322 26
      vertex 47.6233 34.8322 32
    endloop
  endfacet
  facet normal -0.0490178 -0.998798 0
    outer loop
      vertex 46 35.6 26
      vertex 46.2058 35.5899 32
      vertex 46 35.6 32
    endloop
  endfacet
  facet normal -0.0490178 -0.998798 -0
    outer loop
      vertex 46.2058 35.5899 32
      vertex 46 35.6 26
      vertex 46.2058 35.5899 26
    endloop
  endfacet
  facet normal 0.857878 0.513853 0
    outer loop
      vertex 44.2539 32.3333 32
      vertex 44.148 32.5101 26
      vertex 44.148 32.5101 32
    endloop
  endfacet
  facet normal 0.857878 0.513853 0
    outer loop
      vertex 44.148 32.5101 26
      vertex 44.2539 32.3333 32
      vertex 44.2539 32.3333 26
    endloop
  endfacet
  facet normal 0.146513 0.989209 -0
    outer loop
      vertex 45.7942 31.4101 26
      vertex 45.5903 31.4403 32
      vertex 45.7942 31.4101 32
    endloop
  endfacet
  facet normal 0.146513 0.989209 0
    outer loop
      vertex 45.5903 31.4403 32
      vertex 45.7942 31.4101 26
      vertex 45.5903 31.4403 26
    endloop
  endfacet
  facet normal -0.671561 0.740949 0
    outer loop
      vertex 47.4849 32.0151 26
      vertex 47.3322 31.8767 32
      vertex 47.4849 32.0151 32
    endloop
  endfacet
  facet normal -0.671561 0.740949 0
    outer loop
      vertex 47.3322 31.8767 32
      vertex 47.4849 32.0151 26
      vertex 47.3322 31.8767 26
    endloop
  endfacet
  facet normal 0.0490178 0.998798 -0
    outer loop
      vertex 46 31.4 26
      vertex 45.7942 31.4101 32
      vertex 46 31.4 32
    endloop
  endfacet
  facet normal 0.0490178 0.998798 0
    outer loop
      vertex 45.7942 31.4101 32
      vertex 46 31.4 26
      vertex 45.7942 31.4101 26
    endloop
  endfacet
  facet normal 0.740949 -0.671561 0
    outer loop
      vertex 44.3767 34.8322 32
      vertex 44.5151 34.9849 26
      vertex 44.5151 34.9849 32
    endloop
  endfacet
  facet normal 0.740949 -0.671561 0
    outer loop
      vertex 44.5151 34.9849 26
      vertex 44.3767 34.8322 32
      vertex 44.3767 34.8322 26
    endloop
  endfacet
  facet normal -0.671561 -0.740949 0
    outer loop
      vertex 47.3322 35.1233 26
      vertex 47.4849 34.9849 32
      vertex 47.3322 35.1233 32
    endloop
  endfacet
  facet normal -0.671561 -0.740949 -0
    outer loop
      vertex 47.4849 34.9849 32
      vertex 47.3322 35.1233 26
      vertex 47.4849 34.9849 26
    endloop
  endfacet
  facet normal 0.904014 -0.427502 0
    outer loop
      vertex 44.0599 34.3036 32
      vertex 44.148 34.4899 26
      vertex 44.148 34.4899 32
    endloop
  endfacet
  facet normal 0.904014 -0.427502 0
    outer loop
      vertex 44.148 34.4899 26
      vertex 44.0599 34.3036 32
      vertex 44.0599 34.3036 26
    endloop
  endfacet
  facet normal 0.97 -0.243106 0
    outer loop
      vertex 43.9403 33.9097 32
      vertex 43.9904 34.1096 26
      vertex 43.9904 34.1096 32
    endloop
  endfacet
  facet normal 0.97 -0.243106 0
    outer loop
      vertex 43.9904 34.1096 26
      vertex 43.9403 33.9097 32
      vertex 43.9403 33.9097 26
    endloop
  endfacet
  facet normal -0.24265 -0.970114 0
    outer loop
      vertex 46.4097 35.5596 26
      vertex 46.6096 35.5096 32
      vertex 46.4097 35.5596 32
    endloop
  endfacet
  facet normal -0.24265 -0.970114 -0
    outer loop
      vertex 46.6096 35.5096 32
      vertex 46.4097 35.5596 26
      vertex 46.6096 35.5096 26
    endloop
  endfacet
  facet normal 0.97 0.243106 0
    outer loop
      vertex 43.9904 32.8904 32
      vertex 43.9403 33.0903 26
      vertex 43.9403 33.0903 32
    endloop
  endfacet
  facet normal 0.97 0.243106 0
    outer loop
      vertex 43.9403 33.0903 26
      vertex 43.9904 32.8904 32
      vertex 43.9904 32.8904 26
    endloop
  endfacet
  facet normal 0.427502 0.904014 -0
    outer loop
      vertex 45.1964 31.5599 26
      vertex 45.0101 31.648 32
      vertex 45.1964 31.5599 32
    endloop
  endfacet
  facet normal 0.427502 0.904014 0
    outer loop
      vertex 45.0101 31.648 32
      vertex 45.1964 31.5599 26
      vertex 45.0101 31.648 26
    endloop
  endfacet
  facet normal 0.740949 0.671561 0
    outer loop
      vertex 44.5151 32.0151 32
      vertex 44.3767 32.1678 26
      vertex 44.3767 32.1678 32
    endloop
  endfacet
  facet normal 0.740949 0.671561 0
    outer loop
      vertex 44.3767 32.1678 26
      vertex 44.5151 32.0151 32
      vertex 44.5151 32.0151 26
    endloop
  endfacet
  facet normal -0.0490178 0.998798 0
    outer loop
      vertex 46.2058 31.4101 26
      vertex 46 31.4 32
      vertex 46.2058 31.4101 32
    endloop
  endfacet
  facet normal -0.0490178 0.998798 0
    outer loop
      vertex 46 31.4 32
      vertex 46.2058 31.4101 26
      vertex 46 31.4 26
    endloop
  endfacet
  facet normal 0.989209 0.146513 0
    outer loop
      vertex 43.9403 33.0903 32
      vertex 43.9101 33.2942 26
      vertex 43.9101 33.2942 32
    endloop
  endfacet
  facet normal 0.989209 0.146513 0
    outer loop
      vertex 43.9101 33.2942 26
      vertex 43.9403 33.0903 32
      vertex 43.9403 33.0903 26
    endloop
  endfacet
  facet normal -0.595877 0.803076 0
    outer loop
      vertex 47.3322 31.8767 26
      vertex 47.1667 31.7539 32
      vertex 47.3322 31.8767 32
    endloop
  endfacet
  facet normal -0.595877 0.803076 0
    outer loop
      vertex 47.1667 31.7539 32
      vertex 47.3322 31.8767 26
      vertex 47.1667 31.7539 26
    endloop
  endfacet
  facet normal 0 0 1
    outer loop
      vertex 48.0899 33.7058 26
      vertex 48.0899 33.2942 26
      vertex 48.1 33.5 26
    endloop
  endfacet
  facet normal 0 0 1
    outer loop
      vertex 48.0596 33.9097 26
      vertex 48.0899 33.2942 26
      vertex 48.0899 33.7058 26
    endloop
  endfacet
  facet normal 0 0 1
    outer loop
      vertex 48.0596 33.9097 26
      vertex 48.0596 33.0903 26
      vertex 48.0899 33.2942 26
    endloop
  endfacet
  facet normal 0 0 1
    outer loop
      vertex 48.0096 34.1096 26
      vertex 48.0596 33.0903 26
      vertex 48.0596 33.9097 26
    endloop
  endfacet
  facet normal 0 0 1
    outer loop
      vertex 48.0096 34.1096 26
      vertex 48.0096 32.8904 26
      vertex 48.0596 33.0903 26
    endloop
  endfacet
  facet normal 0 0 1
    outer loop
      vertex 47.9401 34.3036 26
      vertex 48.0096 32.8904 26
      vertex 48.0096 34.1096 26
    endloop
  endfacet
  facet normal 0 0 1
    outer loop
      vertex 47.9401 34.3036 26
      vertex 47.9401 32.6964 26
      vertex 48.0096 32.8904 26
    endloop
  endfacet
  facet normal 0 0 1
    outer loop
      vertex 47.852 34.4899 26
      vertex 47.9401 32.6964 26
      vertex 47.9401 34.3036 26
    endloop
  endfacet
  facet normal 0 0 1
    outer loop
      vertex 47.852 34.4899 26
      vertex 47.852 32.5101 26
      vertex 47.9401 32.6964 26
    endloop
  endfacet
  facet normal 0 0 1
    outer loop
      vertex 47.7461 34.6667 26
      vertex 47.852 32.5101 26
      vertex 47.852 34.4899 26
    endloop
  endfacet
  facet normal 0 0 1
    outer loop
      vertex 47.7461 34.6667 26
      vertex 47.7461 32.3333 26
      vertex 47.852 32.5101 26
    endloop
  endfacet
  facet normal 0 0 1
    outer loop
      vertex 47.6233 34.8322 26
      vertex 47.7461 32.3333 26
      vertex 47.7461 34.6667 26
    endloop
  endfacet
  facet normal 0 0 1
    outer loop
      vertex 47.6233 34.8322 26
      vertex 47.6233 32.1678 26
      vertex 47.7461 32.3333 26
    endloop
  endfacet
  facet normal 0 0 1
    outer loop
      vertex 47.4849 34.9849 26
      vertex 47.6233 32.1678 26
      vertex 47.6233 34.8322 26
    endloop
  endfacet
  facet normal 0 0 1
    outer loop
      vertex 47.4849 34.9849 26
      vertex 47.4849 32.0151 26
      vertex 47.6233 32.1678 26
    endloop
  endfacet
  facet normal 0 0 1
    outer loop
      vertex 47.3322 35.1233 26
      vertex 47.4849 32.0151 26
      vertex 47.4849 34.9849 26
    endloop
  endfacet
  facet normal 0 0 1
    outer loop
      vertex 47.3322 35.1233 26
      vertex 47.3322 31.8767 26
      vertex 47.4849 32.0151 26
    endloop
  endfacet
  facet normal 0 0 1
    outer loop
      vertex 47.1667 35.2461 26
      vertex 47.3322 31.8767 26
      vertex 47.3322 35.1233 26
    endloop
  endfacet
  facet normal 0 0 1
    outer loop
      vertex 47.1667 35.2461 26
      vertex 47.1667 31.7539 26
      vertex 47.3322 31.8767 26
    endloop
  endfacet
  facet normal 0 0 1
    outer loop
      vertex 46.9899 35.352 26
      vertex 47.1667 31.7539 26
      vertex 47.1667 35.2461 26
    endloop
  endfacet
  facet normal 0 0 1
    outer loop
      vertex 46.9899 35.352 26
      vertex 46.9899 31.648 26
      vertex 47.1667 31.7539 26
    endloop
  endfacet
  facet normal 0 0 1
    outer loop
      vertex 46.8036 35.4401 26
      vertex 46.9899 31.648 26
      vertex 46.9899 35.352 26
    endloop
  endfacet
  facet normal 0 0 1
    outer loop
      vertex 46.8036 35.4401 26
      vertex 46.8036 31.5599 26
      vertex 46.9899 31.648 26
    endloop
  endfacet
  facet normal 0 0 1
    outer loop
      vertex 46.6096 35.5096 26
      vertex 46.8036 31.5599 26
      vertex 46.8036 35.4401 26
    endloop
  endfacet
  facet normal 0 0 1
    outer loop
      vertex 46.6096 35.5096 26
      vertex 46.6096 31.4904 26
      vertex 46.8036 31.5599 26
    endloop
  endfacet
  facet normal 0 0 1
    outer loop
      vertex 46.4097 35.5596 26
      vertex 46.6096 31.4904 26
      vertex 46.6096 35.5096 26
    endloop
  endfacet
  facet normal 0 0 1
    outer loop
      vertex 46.4097 35.5596 26
      vertex 46.4097 31.4403 26
      vertex 46.6096 31.4904 26
    endloop
  endfacet
  facet normal 0 0 1
    outer loop
      vertex 46.2058 35.5899 26
      vertex 46.4097 31.4403 26
      vertex 46.4097 35.5596 26
    endloop
  endfacet
  facet normal 0 0 1
    outer loop
      vertex 46.2058 35.5899 26
      vertex 46.2058 31.4101 26
      vertex 46.4097 31.4403 26
    endloop
  endfacet
  facet normal 0 0 1
    outer loop
      vertex 46 35.6 26
      vertex 46.2058 31.4101 26
      vertex 46.2058 35.5899 26
    endloop
  endfacet
  facet normal 0 0 1
    outer loop
      vertex 46 35.6 26
      vertex 46 31.4 26
      vertex 46.2058 31.4101 26
    endloop
  endfacet
  facet normal -0 0 1
    outer loop
      vertex 45.7942 35.5899 26
      vertex 46 31.4 26
      vertex 46 35.6 26
    endloop
  endfacet
  facet normal 0 0 1
    outer loop
      vertex 45.7942 35.5899 26
      vertex 45.7942 31.4101 26
      vertex 46 31.4 26
    endloop
  endfacet
  facet normal -0 0 1
    outer loop
      vertex 45.5903 35.5596 26
      vertex 45.7942 31.4101 26
      vertex 45.7942 35.5899 26
    endloop
  endfacet
  facet normal 0 0 1
    outer loop
      vertex 45.5903 35.5596 26
      vertex 45.5903 31.4403 26
      vertex 45.7942 31.4101 26
    endloop
  endfacet
  facet normal -0 0 1
    outer loop
      vertex 45.3904 35.5096 26
      vertex 45.5903 31.4403 26
      vertex 45.5903 35.5596 26
    endloop
  endfacet
  facet normal 0 0 1
    outer loop
      vertex 45.3904 35.5096 26
      vertex 45.3904 31.4904 26
      vertex 45.5903 31.4403 26
    endloop
  endfacet
  facet normal -0 0 1
    outer loop
      vertex 45.1964 35.4401 26
      vertex 45.3904 31.4904 26
      vertex 45.3904 35.5096 26
    endloop
  endfacet
  facet normal 0 0 1
    outer loop
      vertex 45.1964 35.4401 26
      vertex 45.1964 31.5599 26
      vertex 45.3904 31.4904 26
    endloop
  endfacet
  facet normal -0 0 1
    outer loop
      vertex 45.0101 35.352 26
      vertex 45.1964 31.5599 26
      vertex 45.1964 35.4401 26
    endloop
  endfacet
  facet normal 0 0 1
    outer loop
      vertex 45.0101 35.352 26
      vertex 45.0101 31.648 26
      vertex 45.1964 31.5599 26
    endloop
  endfacet
  facet normal -0 0 1
    outer loop
      vertex 44.8333 35.2461 26
      vertex 45.0101 31.648 26
      vertex 45.0101 35.352 26
    endloop
  endfacet
  facet normal 0 0 1
    outer loop
      vertex 44.8333 35.2461 26
      vertex 44.8333 31.7539 26
      vertex 45.0101 31.648 26
    endloop
  endfacet
  facet normal -0 0 1
    outer loop
      vertex 44.6678 35.1233 26
      vertex 44.8333 31.7539 26
      vertex 44.8333 35.2461 26
    endloop
  endfacet
  facet normal 0 0 1
    outer loop
      vertex 44.6678 35.1233 26
      vertex 44.6678 31.8767 26
      vertex 44.8333 31.7539 26
    endloop
  endfacet
  facet normal -0 0 1
    outer loop
      vertex 44.5151 34.9849 26
      vertex 44.6678 31.8767 26
      vertex 44.6678 35.1233 26
    endloop
  endfacet
  facet normal 0 0 1
    outer loop
      vertex 44.5151 34.9849 26
      vertex 44.5151 32.0151 26
      vertex 44.6678 31.8767 26
    endloop
  endfacet
  facet normal -0 0 1
    outer loop
      vertex 44.3767 34.8322 26
      vertex 44.5151 32.0151 26
      vertex 44.5151 34.9849 26
    endloop
  endfacet
  facet normal 0 0 1
    outer loop
      vertex 44.3767 34.8322 26
      vertex 44.3767 32.1678 26
      vertex 44.5151 32.0151 26
    endloop
  endfacet
  facet normal -0 0 1
    outer loop
      vertex 44.2539 34.6667 26
      vertex 44.3767 32.1678 26
      vertex 44.3767 34.8322 26
    endloop
  endfacet
  facet normal 0 0 1
    outer loop
      vertex 44.2539 34.6667 26
      vertex 44.2539 32.3333 26
      vertex 44.3767 32.1678 26
    endloop
  endfacet
  facet normal -0 0 1
    outer loop
      vertex 44.148 34.4899 26
      vertex 44.2539 32.3333 26
      vertex 44.2539 34.6667 26
    endloop
  endfacet
  facet normal 0 0 1
    outer loop
      vertex 44.148 34.4899 26
      vertex 44.148 32.5101 26
      vertex 44.2539 32.3333 26
    endloop
  endfacet
  facet normal -0 0 1
    outer loop
      vertex 44.0599 34.3036 26
      vertex 44.148 32.5101 26
      vertex 44.148 34.4899 26
    endloop
  endfacet
  facet normal 0 0 1
    outer loop
      vertex 44.0599 34.3036 26
      vertex 44.0599 32.6964 26
      vertex 44.148 32.5101 26
    endloop
  endfacet
  facet normal -0 0 1
    outer loop
      vertex 43.9904 34.1096 26
      vertex 44.0599 32.6964 26
      vertex 44.0599 34.3036 26
    endloop
  endfacet
  facet normal 0 0 1
    outer loop
      vertex 43.9904 34.1096 26
      vertex 43.9904 32.8904 26
      vertex 44.0599 32.6964 26
    endloop
  endfacet
  facet normal -0 0 1
    outer loop
      vertex 43.9403 33.9097 26
      vertex 43.9904 32.8904 26
      vertex 43.9904 34.1096 26
    endloop
  endfacet
  facet normal 0 0 1
    outer loop
      vertex 43.9403 33.9097 26
      vertex 43.9403 33.0903 26
      vertex 43.9904 32.8904 26
    endloop
  endfacet
  facet normal -0 0 1
    outer loop
      vertex 43.9101 33.7058 26
      vertex 43.9403 33.0903 26
      vertex 43.9403 33.9097 26
    endloop
  endfacet
  facet normal 0 0 1
    outer loop
      vertex 43.9101 33.7058 26
      vertex 43.9101 33.2942 26
      vertex 43.9403 33.0903 26
    endloop
  endfacet
  facet normal 0 -0 1
    outer loop
      vertex 43.9101 33.2942 26
      vertex 43.9101 33.7058 26
      vertex 43.9 33.5 26
    endloop
  endfacet
  facet normal 0.803076 0.595877 0
    outer loop
      vertex 44.3767 32.1678 32
      vertex 44.2539 32.3333 26
      vertex 44.2539 32.3333 32
    endloop
  endfacet
  facet normal 0.803076 0.595877 0
    outer loop
      vertex 44.2539 32.3333 26
      vertex 44.3767 32.1678 32
      vertex 44.3767 32.1678 26
    endloop
  endfacet
  facet normal 0.998798 -0.0490178 0
    outer loop
      vertex 43.9 33.5 32
      vertex 43.9101 33.7058 26
      vertex 43.9101 33.7058 32
    endloop
  endfacet
  facet normal 0.998798 -0.0490178 0
    outer loop
      vertex 43.9101 33.7058 26
      vertex 43.9 33.5 32
      vertex 43.9 33.5 26
    endloop
  endfacet
  facet normal -0.740949 0.671561 0
    outer loop
      vertex 47.4849 32.0151 26
      vertex 47.6233 32.1678 32
      vertex 47.6233 32.1678 26
    endloop
  endfacet
  facet normal -0.740949 0.671561 0
    outer loop
      vertex 47.6233 32.1678 32
      vertex 47.4849 32.0151 26
      vertex 47.4849 32.0151 32
    endloop
  endfacet
  facet normal 0.998803 0.0489044 0
    outer loop
      vertex -34.4856 -19.2941 32
      vertex -34.5 -19 3
      vertex -34.5 -19 32
    endloop
  endfacet
  facet normal 0.998803 0.0489044 0
    outer loop
      vertex -34.5 -19 3
      vertex -34.4856 -19.2941 32
      vertex -34.4856 -19.2941 3
    endloop
  endfacet
  facet normal 0.671607 0.740908 -0
    outer loop
      vertex -33.4032 -21.319 3
      vertex -33.6213 -21.1213 32
      vertex -33.4032 -21.319 32
    endloop
  endfacet
  facet normal 0.671607 0.740908 0
    outer loop
      vertex -33.6213 -21.1213 32
      vertex -33.4032 -21.319 3
      vertex -33.6213 -21.1213 3
    endloop
  endfacet
  facet normal 0.857643 0.514246 0
    outer loop
      vertex -33.9944 -20.6667 32
      vertex -34.1458 -20.4142 3
      vertex -34.1458 -20.4142 32
    endloop
  endfacet
  facet normal 0.857643 0.514246 0
    outer loop
      vertex -34.1458 -20.4142 3
      vertex -33.9944 -20.6667 32
      vertex -33.9944 -20.6667 3
    endloop
  endfacet
  facet normal 0.146746 -0.989174 0
    outer loop
      vertex -32.0853 21.9424 3
      vertex -31.7941 21.9856 32
      vertex -32.0853 21.9424 32
    endloop
  endfacet
  facet normal 0.146746 -0.989174 0
    outer loop
      vertex -31.7941 21.9856 32
      vertex -32.0853 21.9424 3
      vertex -31.7941 21.9856 3
    endloop
  endfacet
  facet normal 0.243175 0.969982 -0
    outer loop
      vertex -32.0853 -21.9424 3
      vertex -32.3709 -21.8708 32
      vertex -32.0853 -21.9424 32
    endloop
  endfacet
  facet normal 0.243175 0.969982 0
    outer loop
      vertex -32.3709 -21.8708 32
      vertex -32.0853 -21.9424 3
      vertex -32.3709 -21.8708 3
    endloop
  endfacet
  facet normal 0.0489044 0.998803 -0
    outer loop
      vertex -31.5 -22 3
      vertex -31.7941 -21.9856 32
      vertex -31.5 -22 32
    endloop
  endfacet
  facet normal 0.0489044 0.998803 0
    outer loop
      vertex -31.7941 -21.9856 32
      vertex -31.5 -22 3
      vertex -31.7941 -21.9856 3
    endloop
  endfacet
  facet normal 0.514246 0.857643 -0
    outer loop
      vertex -32.9142 -21.6458 3
      vertex -33.1667 -21.4944 32
      vertex -32.9142 -21.6458 32
    endloop
  endfacet
  facet normal 0.514246 0.857643 0
    outer loop
      vertex -33.1667 -21.4944 32
      vertex -32.9142 -21.6458 3
      vertex -33.1667 -21.4944 3
    endloop
  endfacet
  facet normal 0 -1 0
    outer loop
      vertex -31.5 22 3
      vertex 31.5 22 32
      vertex -31.5 22 32
    endloop
  endfacet
  facet normal 0 -1 -0
    outer loop
      vertex 31.5 22 32
      vertex -31.5 22 3
      vertex 31.5 22 3
    endloop
  endfacet
  facet normal 0.671607 -0.740908 0
    outer loop
      vertex -33.6213 21.1213 3
      vertex -33.4032 21.319 32
      vertex -33.6213 21.1213 32
    endloop
  endfacet
  facet normal 0.671607 -0.740908 0
    outer loop
      vertex -33.4032 21.319 32
      vertex -33.6213 21.1213 3
      vertex -33.4032 21.319 3
    endloop
  endfacet
  facet normal -0.427269 0.904125 0
    outer loop
      vertex 32.9142 -21.6458 3
      vertex 32.648 -21.7716 32
      vertex 32.9142 -21.6458 32
    endloop
  endfacet
  facet normal -0.427269 0.904125 0
    outer loop
      vertex 32.648 -21.7716 32
      vertex 32.9142 -21.6458 3
      vertex 32.648 -21.7716 3
    endloop
  endfacet
  facet normal -1 0 0
    outer loop
      vertex 34.5 -12 3
      vertex 34.5 -19 3
      vertex 34.5 -12 7.2
    endloop
  endfacet
  facet normal -1 0 0
    outer loop
      vertex 34.5 12 7.2
      vertex 34.5 19 3
      vertex 34.5 12 3
    endloop
  endfacet
  facet normal -1 0 0
    outer loop
      vertex 34.5 19 3
      vertex 34.5 12 7.2
      vertex 34.5 19 32
    endloop
  endfacet
  facet normal -1 0 0
    outer loop
      vertex 34.5 -12 7.2
      vertex 34.5 19 32
      vertex 34.5 12 7.2
    endloop
  endfacet
  facet normal -1 0 0
    outer loop
      vertex 34.5 -19 32
      vertex 34.5 -12 7.2
      vertex 34.5 -19 3
    endloop
  endfacet
  facet normal -1 0 0
    outer loop
      vertex 34.5 -12 7.2
      vertex 34.5 -19 32
      vertex 34.5 19 32
    endloop
  endfacet
  facet normal 1 -0 0
    outer loop
      vertex 34.5 -12 0
      vertex 34.5 12 -1.2
      vertex 34.5 12 0
    endloop
  endfacet
  facet normal 1 0 0
    outer loop
      vertex 34.5 12 -1.2
      vertex 34.5 -12 0
      vertex 34.5 -12 -1.2
    endloop
  endfacet
  facet normal 0.0489044 -0.998803 0
    outer loop
      vertex -31.7941 21.9856 3
      vertex -31.5 22 32
      vertex -31.7941 21.9856 32
    endloop
  endfacet
  facet normal 0.0489044 -0.998803 0
    outer loop
      vertex -31.5 22 32
      vertex -31.7941 21.9856 3
      vertex -31.5 22 3
    endloop
  endfacet
  facet normal -0.337047 0.941488 0
    outer loop
      vertex 32.648 -21.7716 3
      vertex 32.3709 -21.8708 32
      vertex 32.648 -21.7716 32
    endloop
  endfacet
  facet normal -0.337047 0.941488 0
    outer loop
      vertex 32.3709 -21.8708 32
      vertex 32.648 -21.7716 3
      vertex 32.3709 -21.8708 3
    endloop
  endfacet
  facet normal -0.857643 0.514246 0
    outer loop
      vertex 33.9944 -20.6667 3
      vertex 34.1458 -20.4142 32
      vertex 34.1458 -20.4142 3
    endloop
  endfacet
  facet normal -0.857643 0.514246 0
    outer loop
      vertex 34.1458 -20.4142 32
      vertex 33.9944 -20.6667 3
      vertex 33.9944 -20.6667 32
    endloop
  endfacet
  facet normal 0 1 -0
    outer loop
      vertex 31.5 -22 3
      vertex -31.5 -22 32
      vertex 31.5 -22 32
    endloop
  endfacet
  facet normal 0 1 0
    outer loop
      vertex -31.5 -22 32
      vertex 31.5 -22 3
      vertex -31.5 -22 3
    endloop
  endfacet
  facet normal 0.337047 -0.941488 0
    outer loop
      vertex -32.648 21.7716 3
      vertex -32.3709 21.8708 32
      vertex -32.648 21.7716 32
    endloop
  endfacet
  facet normal 0.337047 -0.941488 0
    outer loop
      vertex -32.3709 21.8708 32
      vertex -32.648 21.7716 3
      vertex -32.3709 21.8708 3
    endloop
  endfacet
  facet normal 0.427269 0.904125 -0
    outer loop
      vertex -32.648 -21.7716 3
      vertex -32.9142 -21.6458 32
      vertex -32.648 -21.7716 32
    endloop
  endfacet
  facet normal 0.427269 0.904125 0
    outer loop
      vertex -32.9142 -21.6458 32
      vertex -32.648 -21.7716 3
      vertex -32.9142 -21.6458 3
    endloop
  endfacet
  facet normal 1 0 0
    outer loop
      vertex -34.5 19 32
      vertex -34.5 12 7.2
      vertex -34.5 19 3
    endloop
  endfacet
  facet normal 1 0 0
    outer loop
      vertex -34.5 19 32
      vertex -34.5 -12 7.2
      vertex -34.5 12 7.2
    endloop
  endfacet
  facet normal 1 -0 0
    outer loop
      vertex -34.5 -19 32
      vertex -34.5 -12 7.2
      vertex -34.5 19 32
    endloop
  endfacet
  facet normal 1 0 0
    outer loop
      vertex -34.5 -19 3
      vertex -34.5 -12 7.2
      vertex -34.5 -19 32
    endloop
  endfacet
  facet normal 1 0 0
    outer loop
      vertex -34.5 -12 7.2
      vertex -34.5 -19 3
      vertex -34.5 -12 3
    endloop
  endfacet
  facet normal 1 0 0
    outer loop
      vertex -34.5 19 3
      vertex -34.5 12 7.2
      vertex -34.5 12 3
    endloop
  endfacet
  facet normal -1 0 0
    outer loop
      vertex -34.5 -12 -1.2
      vertex -34.5 12 0
      vertex -34.5 12 -1.2
    endloop
  endfacet
  facet normal -1 -0 0
    outer loop
      vertex -34.5 12 0
      vertex -34.5 -12 -1.2
      vertex -34.5 -12 0
    endloop
  endfacet
  facet normal -0.595699 0.803208 0
    outer loop
      vertex 33.4032 -21.319 3
      vertex 33.1667 -21.4944 32
      vertex 33.4032 -21.319 32
    endloop
  endfacet
  facet normal -0.595699 0.803208 0
    outer loop
      vertex 33.1667 -21.4944 32
      vertex 33.4032 -21.319 3
      vertex 33.1667 -21.4944 3
    endloop
  endfacet
  facet normal -0.969982 0.243175 0
    outer loop
      vertex 34.3708 -19.8709 3
      vertex 34.4424 -19.5853 32
      vertex 34.4424 -19.5853 3
    endloop
  endfacet
  facet normal -0.969982 0.243175 0
    outer loop
      vertex 34.4424 -19.5853 32
      vertex 34.3708 -19.8709 3
      vertex 34.3708 -19.8709 32
    endloop
  endfacet
  facet normal -0.989174 -0.146746 0
    outer loop
      vertex 34.4856 19.2941 3
      vertex 34.4424 19.5853 32
      vertex 34.4424 19.5853 3
    endloop
  endfacet
  facet normal -0.989174 -0.146746 0
    outer loop
      vertex 34.4424 19.5853 32
      vertex 34.4856 19.2941 3
      vertex 34.4856 19.2941 32
    endloop
  endfacet
  facet normal -0.514246 0.857643 0
    outer loop
      vertex 33.1667 -21.4944 3
      vertex 32.9142 -21.6458 32
      vertex 33.1667 -21.4944 32
    endloop
  endfacet
  facet normal -0.514246 0.857643 0
    outer loop
      vertex 32.9142 -21.6458 32
      vertex 33.1667 -21.4944 3
      vertex 32.9142 -21.6458 3
    endloop
  endfacet
  facet normal 0.941488 0.337047 0
    outer loop
      vertex -34.2716 -20.148 32
      vertex -34.3708 -19.8709 3
      vertex -34.3708 -19.8709 32
    endloop
  endfacet
  facet normal 0.941488 0.337047 0
    outer loop
      vertex -34.3708 -19.8709 3
      vertex -34.2716 -20.148 32
      vertex -34.2716 -20.148 3
    endloop
  endfacet
  facet normal -0.998803 -0.0489044 0
    outer loop
      vertex 34.5 19 3
      vertex 34.4856 19.2941 32
      vertex 34.4856 19.2941 3
    endloop
  endfacet
  facet normal -0.998803 -0.0489044 0
    outer loop
      vertex 34.4856 19.2941 32
      vertex 34.5 19 3
      vertex 34.5 19 32
    endloop
  endfacet
  facet normal 0.337047 0.941488 -0
    outer loop
      vertex -32.3709 -21.8708 3
      vertex -32.648 -21.7716 32
      vertex -32.3709 -21.8708 32
    endloop
  endfacet
  facet normal 0.337047 0.941488 0
    outer loop
      vertex -32.648 -21.7716 32
      vertex -32.3709 -21.8708 3
      vertex -32.648 -21.7716 3
    endloop
  endfacet
  facet normal -0.0489044 0.998803 0
    outer loop
      vertex 31.7941 -21.9856 3
      vertex 31.5 -22 32
      vertex 31.7941 -21.9856 32
    endloop
  endfacet
  facet normal -0.0489044 0.998803 0
    outer loop
      vertex 31.5 -22 32
      vertex 31.7941 -21.9856 3
      vertex 31.5 -22 3
    endloop
  endfacet
  facet normal 0.803208 0.595699 0
    outer loop
      vertex -33.819 -20.9032 32
      vertex -33.9944 -20.6667 3
      vertex -33.9944 -20.6667 32
    endloop
  endfacet
  facet normal 0.803208 0.595699 0
    outer loop
      vertex -33.9944 -20.6667 3
      vertex -33.819 -20.9032 32
      vertex -33.819 -20.9032 3
    endloop
  endfacet
  facet normal -0.740908 0.671607 0
    outer loop
      vertex 33.6213 -21.1213 3
      vertex 33.819 -20.9032 32
      vertex 33.819 -20.9032 3
    endloop
  endfacet
  facet normal -0.740908 0.671607 0
    outer loop
      vertex 33.819 -20.9032 32
      vertex 33.6213 -21.1213 3
      vertex 33.6213 -21.1213 32
    endloop
  endfacet
  facet normal 0.595699 -0.803208 0
    outer loop
      vertex -33.4032 21.319 3
      vertex -33.1667 21.4944 32
      vertex -33.4032 21.319 32
    endloop
  endfacet
  facet normal 0.595699 -0.803208 0
    outer loop
      vertex -33.1667 21.4944 32
      vertex -33.4032 21.319 3
      vertex -33.1667 21.4944 3
    endloop
  endfacet
  facet normal 0.989174 0.146746 0
    outer loop
      vertex -34.4424 -19.5853 32
      vertex -34.4856 -19.2941 3
      vertex -34.4856 -19.2941 32
    endloop
  endfacet
  facet normal 0.989174 0.146746 0
    outer loop
      vertex -34.4856 -19.2941 3
      vertex -34.4424 -19.5853 32
      vertex -34.4424 -19.5853 3
    endloop
  endfacet
  facet normal 0.146746 0.989174 -0
    outer loop
      vertex -31.7941 -21.9856 3
      vertex -32.0853 -21.9424 32
      vertex -31.7941 -21.9856 32
    endloop
  endfacet
  facet normal 0.146746 0.989174 0
    outer loop
      vertex -32.0853 -21.9424 32
      vertex -31.7941 -21.9856 3
      vertex -32.0853 -21.9424 3
    endloop
  endfacet
  facet normal 0.740908 -0.671607 0
    outer loop
      vertex -33.819 20.9032 32
      vertex -33.6213 21.1213 3
      vertex -33.6213 21.1213 32
    endloop
  endfacet
  facet normal 0.740908 -0.671607 0
    outer loop
      vertex -33.6213 21.1213 3
      vertex -33.819 20.9032 32
      vertex -33.819 20.9032 3
    endloop
  endfacet
  facet normal -0.989174 0.146746 0
    outer loop
      vertex 34.4424 -19.5853 3
      vertex 34.4856 -19.2941 32
      vertex 34.4856 -19.2941 3
    endloop
  endfacet
  facet normal -0.989174 0.146746 0
    outer loop
      vertex 34.4856 -19.2941 32
      vertex 34.4424 -19.5853 3
      vertex 34.4424 -19.5853 32
    endloop
  endfacet
  facet normal 0.514246 -0.857643 0
    outer loop
      vertex -33.1667 21.4944 3
      vertex -32.9142 21.6458 32
      vertex -33.1667 21.4944 32
    endloop
  endfacet
  facet normal 0.514246 -0.857643 0
    outer loop
      vertex -32.9142 21.6458 32
      vertex -33.1667 21.4944 3
      vertex -32.9142 21.6458 3
    endloop
  endfacet
  facet normal 0.969982 0.243175 0
    outer loop
      vertex -34.3708 -19.8709 32
      vertex -34.4424 -19.5853 3
      vertex -34.4424 -19.5853 32
    endloop
  endfacet
  facet normal 0.969982 0.243175 0
    outer loop
      vertex -34.4424 -19.5853 3
      vertex -34.3708 -19.8709 32
      vertex -34.3708 -19.8709 3
    endloop
  endfacet
  facet normal 0.427269 -0.904125 0
    outer loop
      vertex -32.9142 21.6458 3
      vertex -32.648 21.7716 32
      vertex -32.9142 21.6458 32
    endloop
  endfacet
  facet normal 0.427269 -0.904125 0
    outer loop
      vertex -32.648 21.7716 32
      vertex -32.9142 21.6458 3
      vertex -32.648 21.7716 3
    endloop
  endfacet
  facet normal -0.243175 -0.969982 0
    outer loop
      vertex 32.0853 21.9424 3
      vertex 32.3709 21.8708 32
      vertex 32.0853 21.9424 32
    endloop
  endfacet
  facet normal -0.243175 -0.969982 -0
    outer loop
      vertex 32.3709 21.8708 32
      vertex 32.0853 21.9424 3
      vertex 32.3709 21.8708 3
    endloop
  endfacet
  facet normal -0.904125 0.427269 0
    outer loop
      vertex 34.1458 -20.4142 3
      vertex 34.2716 -20.148 32
      vertex 34.2716 -20.148 3
    endloop
  endfacet
  facet normal -0.904125 0.427269 0
    outer loop
      vertex 34.2716 -20.148 32
      vertex 34.1458 -20.4142 3
      vertex 34.1458 -20.4142 32
    endloop
  endfacet
  facet normal -0.857643 -0.514246 0
    outer loop
      vertex 34.1458 20.4142 3
      vertex 33.9944 20.6667 32
      vertex 33.9944 20.6667 3
    endloop
  endfacet
  facet normal -0.857643 -0.514246 0
    outer loop
      vertex 33.9944 20.6667 32
      vertex 34.1458 20.4142 3
      vertex 34.1458 20.4142 32
    endloop
  endfacet
  facet normal -0.740908 -0.671607 0
    outer loop
      vertex 33.819 20.9032 3
      vertex 33.6213 21.1213 32
      vertex 33.6213 21.1213 3
    endloop
  endfacet
  facet normal -0.740908 -0.671607 0
    outer loop
      vertex 33.6213 21.1213 32
      vertex 33.819 20.9032 3
      vertex 33.819 20.9032 32
    endloop
  endfacet
  facet normal 0.595699 0.803208 -0
    outer loop
      vertex -33.1667 -21.4944 3
      vertex -33.4032 -21.319 32
      vertex -33.1667 -21.4944 32
    endloop
  endfacet
  facet normal 0.595699 0.803208 0
    outer loop
      vertex -33.4032 -21.319 32
      vertex -33.1667 -21.4944 3
      vertex -33.4032 -21.319 3
    endloop
  endfacet
  facet normal -0.803208 -0.595699 0
    outer loop
      vertex 33.9944 20.6667 3
      vertex 33.819 20.9032 32
      vertex 33.819 20.9032 3
    endloop
  endfacet
  facet normal -0.803208 -0.595699 0
    outer loop
      vertex 33.819 20.9032 32
      vertex 33.9944 20.6667 3
      vertex 33.9944 20.6667 32
    endloop
  endfacet
  facet normal 0.904125 0.427269 0
    outer loop
      vertex -34.1458 -20.4142 32
      vertex -34.2716 -20.148 3
      vertex -34.2716 -20.148 32
    endloop
  endfacet
  facet normal 0.904125 0.427269 0
    outer loop
      vertex -34.2716 -20.148 3
      vertex -34.1458 -20.4142 32
      vertex -34.1458 -20.4142 3
    endloop
  endfacet
  facet normal -0.243175 0.969982 0
    outer loop
      vertex 32.3709 -21.8708 3
      vertex 32.0853 -21.9424 32
      vertex 32.3709 -21.8708 32
    endloop
  endfacet
  facet normal -0.243175 0.969982 0
    outer loop
      vertex 32.0853 -21.9424 32
      vertex 32.3709 -21.8708 3
      vertex 32.0853 -21.9424 3
    endloop
  endfacet
  facet normal -0.0489044 -0.998803 0
    outer loop
      vertex 31.5 22 3
      vertex 31.7941 21.9856 32
      vertex 31.5 22 32
    endloop
  endfacet
  facet normal -0.0489044 -0.998803 -0
    outer loop
      vertex 31.7941 21.9856 32
      vertex 31.5 22 3
      vertex 31.7941 21.9856 3
    endloop
  endfacet
  facet normal -0.941488 0.337047 0
    outer loop
      vertex 34.2716 -20.148 3
      vertex 34.3708 -19.8709 32
      vertex 34.3708 -19.8709 3
    endloop
  endfacet
  facet normal -0.941488 0.337047 0
    outer loop
      vertex 34.3708 -19.8709 32
      vertex 34.2716 -20.148 3
      vertex 34.2716 -20.148 32
    endloop
  endfacet
  facet normal -0.671607 0.740908 0
    outer loop
      vertex 33.6213 -21.1213 3
      vertex 33.4032 -21.319 32
      vertex 33.6213 -21.1213 32
    endloop
  endfacet
  facet normal -0.671607 0.740908 0
    outer loop
      vertex 33.4032 -21.319 32
      vertex 33.6213 -21.1213 3
      vertex 33.4032 -21.319 3
    endloop
  endfacet
  facet normal -0.146746 0.989174 0
    outer loop
      vertex 32.0853 -21.9424 3
      vertex 31.7941 -21.9856 32
      vertex 32.0853 -21.9424 32
    endloop
  endfacet
  facet normal -0.146746 0.989174 0
    outer loop
      vertex 31.7941 -21.9856 32
      vertex 32.0853 -21.9424 3
      vertex 31.7941 -21.9856 3
    endloop
  endfacet
  facet normal 0.803208 -0.595699 0
    outer loop
      vertex -33.9944 20.6667 32
      vertex -33.819 20.9032 3
      vertex -33.819 20.9032 32
    endloop
  endfacet
  facet normal 0.803208 -0.595699 0
    outer loop
      vertex -33.819 20.9032 3
      vertex -33.9944 20.6667 32
      vertex -33.9944 20.6667 3
    endloop
  endfacet
  facet normal -0.146746 -0.989174 0
    outer loop
      vertex 31.7941 21.9856 3
      vertex 32.0853 21.9424 32
      vertex 31.7941 21.9856 32
    endloop
  endfacet
  facet normal -0.146746 -0.989174 -0
    outer loop
      vertex 32.0853 21.9424 32
      vertex 31.7941 21.9856 3
      vertex 32.0853 21.9424 3
    endloop
  endfacet
  facet normal -0.337047 -0.941488 0
    outer loop
      vertex 32.3709 21.8708 3
      vertex 32.648 21.7716 32
      vertex 32.3709 21.8708 32
    endloop
  endfacet
  facet normal -0.337047 -0.941488 -0
    outer loop
      vertex 32.648 21.7716 32
      vertex 32.3709 21.8708 3
      vertex 32.648 21.7716 3
    endloop
  endfacet
  facet normal -0.998803 0.0489044 0
    outer loop
      vertex 34.4856 -19.2941 3
      vertex 34.5 -19 32
      vertex 34.5 -19 3
    endloop
  endfacet
  facet normal -0.998803 0.0489044 0
    outer loop
      vertex 34.5 -19 32
      vertex 34.4856 -19.2941 3
      vertex 34.4856 -19.2941 32
    endloop
  endfacet
  facet normal 0.243175 -0.969982 0
    outer loop
      vertex -32.3709 21.8708 3
      vertex -32.0853 21.9424 32
      vertex -32.3709 21.8708 32
    endloop
  endfacet
  facet normal 0.243175 -0.969982 0
    outer loop
      vertex -32.0853 21.9424 32
      vertex -32.3709 21.8708 3
      vertex -32.0853 21.9424 3
    endloop
  endfacet
  facet normal -0.427269 -0.904125 0
    outer loop
      vertex 32.648 21.7716 3
      vertex 32.9142 21.6458 32
      vertex 32.648 21.7716 32
    endloop
  endfacet
  facet normal -0.427269 -0.904125 -0
    outer loop
      vertex 32.9142 21.6458 32
      vertex 32.648 21.7716 3
      vertex 32.9142 21.6458 3
    endloop
  endfacet
  facet normal -0.514246 -0.857643 0
    outer loop
      vertex 32.9142 21.6458 3
      vertex 33.1667 21.4944 32
      vertex 32.9142 21.6458 32
    endloop
  endfacet
  facet normal -0.514246 -0.857643 -0
    outer loop
      vertex 33.1667 21.4944 32
      vertex 32.9142 21.6458 3
      vertex 33.1667 21.4944 3
    endloop
  endfacet
  facet normal 0.998803 -0.0489044 0
    outer loop
      vertex -34.5 19 32
      vertex -34.4856 19.2941 3
      vertex -34.4856 19.2941 32
    endloop
  endfacet
  facet normal 0.998803 -0.0489044 0
    outer loop
      vertex -34.4856 19.2941 3
      vertex -34.5 19 32
      vertex -34.5 19 3
    endloop
  endfacet
  facet normal 0.740908 0.671607 0
    outer loop
      vertex -33.6213 -21.1213 32
      vertex -33.819 -20.9032 3
      vertex -33.819 -20.9032 32
    endloop
  endfacet
  facet normal 0.740908 0.671607 0
    outer loop
      vertex -33.819 -20.9032 3
      vertex -33.6213 -21.1213 32
      vertex -33.6213 -21.1213 3
    endloop
  endfacet
  facet normal 0.969982 -0.243175 0
    outer loop
      vertex -34.4424 19.5853 32
      vertex -34.3708 19.8709 3
      vertex -34.3708 19.8709 32
    endloop
  endfacet
  facet normal 0.969982 -0.243175 0
    outer loop
      vertex -34.3708 19.8709 3
      vertex -34.4424 19.5853 32
      vertex -34.4424 19.5853 3
    endloop
  endfacet
  facet normal -0.595699 -0.803208 0
    outer loop
      vertex 33.1667 21.4944 3
      vertex 33.4032 21.319 32
      vertex 33.1667 21.4944 32
    endloop
  endfacet
  facet normal -0.595699 -0.803208 -0
    outer loop
      vertex 33.4032 21.319 32
      vertex 33.1667 21.4944 3
      vertex 33.4032 21.319 3
    endloop
  endfacet
  facet normal -0.671607 -0.740908 0
    outer loop
      vertex 33.4032 21.319 3
      vertex 33.6213 21.1213 32
      vertex 33.4032 21.319 32
    endloop
  endfacet
  facet normal -0.671607 -0.740908 -0
    outer loop
      vertex 33.6213 21.1213 32
      vertex 33.4032 21.319 3
      vertex 33.6213 21.1213 3
    endloop
  endfacet
  facet normal 0.989174 -0.146746 0
    outer loop
      vertex -34.4856 19.2941 32
      vertex -34.4424 19.5853 3
      vertex -34.4424 19.5853 32
    endloop
  endfacet
  facet normal 0.989174 -0.146746 0
    outer loop
      vertex -34.4424 19.5853 3
      vertex -34.4856 19.2941 32
      vertex -34.4856 19.2941 3
    endloop
  endfacet
  facet normal 0.941488 -0.337047 0
    outer loop
      vertex -34.3708 19.8709 32
      vertex -34.2716 20.148 3
      vertex -34.2716 20.148 32
    endloop
  endfacet
  facet normal 0.941488 -0.337047 0
    outer loop
      vertex -34.2716 20.148 3
      vertex -34.3708 19.8709 32
      vertex -34.3708 19.8709 3
    endloop
  endfacet
  facet normal 0.904125 -0.427269 0
    outer loop
      vertex -34.2716 20.148 32
      vertex -34.1458 20.4142 3
      vertex -34.1458 20.4142 32
    endloop
  endfacet
  facet normal 0.904125 -0.427269 0
    outer loop
      vertex -34.1458 20.4142 3
      vertex -34.2716 20.148 32
      vertex -34.2716 20.148 3
    endloop
  endfacet
  facet normal 0.857643 -0.514246 0
    outer loop
      vertex -34.1458 20.4142 32
      vertex -33.9944 20.6667 3
      vertex -33.9944 20.6667 32
    endloop
  endfacet
  facet normal 0.857643 -0.514246 0
    outer loop
      vertex -33.9944 20.6667 3
      vertex -34.1458 20.4142 32
      vertex -34.1458 20.4142 3
    endloop
  endfacet
  facet normal -0.904125 -0.427269 0
    outer loop
      vertex 34.2716 20.148 3
      vertex 34.1458 20.4142 32
      vertex 34.1458 20.4142 3
    endloop
  endfacet
  facet normal -0.904125 -0.427269 0
    outer loop
      vertex 34.1458 20.4142 32
      vertex 34.2716 20.148 3
      vertex 34.2716 20.148 32
    endloop
  endfacet
  facet normal -0.941488 -0.337047 0
    outer loop
      vertex 34.3708 19.8709 3
      vertex 34.2716 20.148 32
      vertex 34.2716 20.148 3
    endloop
  endfacet
  facet normal -0.941488 -0.337047 0
    outer loop
      vertex 34.2716 20.148 32
      vertex 34.3708 19.8709 3
      vertex 34.3708 19.8709 32
    endloop
  endfacet
  facet normal -0.803208 0.595699 0
    outer loop
      vertex 33.819 -20.9032 3
      vertex 33.9944 -20.6667 32
      vertex 33.9944 -20.6667 3
    endloop
  endfacet
  facet normal -0.803208 0.595699 0
    outer loop
      vertex 33.9944 -20.6667 32
      vertex 33.819 -20.9032 3
      vertex 33.819 -20.9032 32
    endloop
  endfacet
  facet normal 0 0 1
    outer loop
      vertex 31.5 22 3
      vertex 34.5 19 3
      vertex 34.4856 19.2941 3
    endloop
  endfacet
  facet normal 0 0 1
    outer loop
      vertex 31.5 22 3
      vertex 34.4856 19.2941 3
      vertex 34.4424 19.5853 3
    endloop
  endfacet
  facet normal 0 0 1
    outer loop
      vertex 31.5 22 3
      vertex 34.4424 19.5853 3
      vertex 34.3708 19.8709 3
    endloop
  endfacet
  facet normal 0 0 1
    outer loop
      vertex 31.5 22 3
      vertex 34.3708 19.8709 3
      vertex 34.2716 20.148 3
    endloop
  endfacet
  facet normal 0 0 1
    outer loop
      vertex 31.5 22 3
      vertex 34.2716 20.148 3
      vertex 34.1458 20.4142 3
    endloop
  endfacet
  facet normal 0 0 1
    outer loop
      vertex 31.5 22 3
      vertex 34.1458 20.4142 3
      vertex 33.9944 20.6667 3
    endloop
  endfacet
  facet normal 0 0 1
    outer loop
      vertex 31.5 22 3
      vertex 33.9944 20.6667 3
      vertex 33.819 20.9032 3
    endloop
  endfacet
  facet normal 0 0 1
    outer loop
      vertex 31.5 22 3
      vertex 33.819 20.9032 3
      vertex 33.6213 21.1213 3
    endloop
  endfacet
  facet normal 0 0 1
    outer loop
      vertex 31.5 22 3
      vertex 33.6213 21.1213 3
      vertex 33.4032 21.319 3
    endloop
  endfacet
  facet normal 0 0 1
    outer loop
      vertex 31.5 22 3
      vertex 33.4032 21.319 3
      vertex 33.1667 21.4944 3
    endloop
  endfacet
  facet normal 0 0 1
    outer loop
      vertex 31.5 22 3
      vertex 33.1667 21.4944 3
      vertex 32.9142 21.6458 3
    endloop
  endfacet
  facet normal 0 0 1
    outer loop
      vertex 31.5 22 3
      vertex 32.9142 21.6458 3
      vertex 32.648 21.7716 3
    endloop
  endfacet
  facet normal 0 0 1
    outer loop
      vertex 34.5 19 3
      vertex 32.5 12 3
      vertex 34.5 12 3
    endloop
  endfacet
  facet normal 0 0 1
    outer loop
      vertex 34.5 19 3
      vertex 31.5 22 3
      vertex 32.5 12 3
    endloop
  endfacet
  facet normal 0 0 1
    outer loop
      vertex 31.5 22 3
      vertex 32.648 21.7716 3
      vertex 32.3709 21.8708 3
    endloop
  endfacet
  facet normal -0 0 1
    outer loop
      vertex 32.5 -12 3
      vertex 34.5 -19 3
      vertex 34.5 -12 3
    endloop
  endfacet
  facet normal 0 0 1
    outer loop
      vertex 31.5 -22 3
      vertex 34.5 -19 3
      vertex 32.5 -12 3
    endloop
  endfacet
  facet normal 0 0 1
    outer loop
      vertex 34.5 -19 3
      vertex 31.5 -22 3
      vertex 34.4856 -19.2941 3
    endloop
  endfacet
  facet normal 0 0 1
    outer loop
      vertex 34.4856 -19.2941 3
      vertex 31.5 -22 3
      vertex 34.4424 -19.5853 3
    endloop
  endfacet
  facet normal 0 0 1
    outer loop
      vertex 34.4424 -19.5853 3
      vertex 31.5 -22 3
      vertex 34.3708 -19.8709 3
    endloop
  endfacet
  facet normal 0 0 1
    outer loop
      vertex 34.3708 -19.8709 3
      vertex 31.5 -22 3
      vertex 34.2716 -20.148 3
    endloop
  endfacet
  facet normal 0 0 1
    outer loop
      vertex 34.2716 -20.148 3
      vertex 31.5 -22 3
      vertex 34.1458 -20.4142 3
    endloop
  endfacet
  facet normal 0 0 1
    outer loop
      vertex 34.1458 -20.4142 3
      vertex 31.5 -22 3
      vertex 33.9944 -20.6667 3
    endloop
  endfacet
  facet normal 0 0 1
    outer loop
      vertex 33.9944 -20.6667 3
      vertex 31.5 -22 3
      vertex 33.819 -20.9032 3
    endloop
  endfacet
  facet normal 0 0 1
    outer loop
      vertex 33.819 -20.9032 3
      vertex 31.5 -22 3
      vertex 33.6213 -21.1213 3
    endloop
  endfacet
  facet normal 0 0 1
    outer loop
      vertex 33.6213 -21.1213 3
      vertex 31.5 -22 3
      vertex 33.4032 -21.319 3
    endloop
  endfacet
  facet normal 0 0 1
    outer loop
      vertex 33.4032 -21.319 3
      vertex 31.5 -22 3
      vertex 33.1667 -21.4944 3
    endloop
  endfacet
  facet normal 0 0 1
    outer loop
      vertex 33.1667 -21.4944 3
      vertex 31.5 -22 3
      vertex 32.9142 -21.6458 3
    endloop
  endfacet
  facet normal 0 0 1
    outer loop
      vertex 32.9142 -21.6458 3
      vertex 31.5 -22 3
      vertex 32.648 -21.7716 3
    endloop
  endfacet
  facet normal 0 0 1
    outer loop
      vertex -32.5 12 3
      vertex 32.5 12 3
      vertex 31.5 22 3
    endloop
  endfacet
  facet normal 0 0 1
    outer loop
      vertex 31.5 22 3
      vertex 32.3709 21.8708 3
      vertex 32.0853 21.9424 3
    endloop
  endfacet
  facet normal 0 0 1
    outer loop
      vertex 32.5 12 3
      vertex -32.5 12 3
      vertex 32.5 -12 3
    endloop
  endfacet
  facet normal 0 0 1
    outer loop
      vertex 31.5 22 3
      vertex 32.0853 21.9424 3
      vertex 31.7941 21.9856 3
    endloop
  endfacet
  facet normal 0 0 1
    outer loop
      vertex 32.648 -21.7716 3
      vertex 31.5 -22 3
      vertex 32.3709 -21.8708 3
    endloop
  endfacet
  facet normal 0 0 1
    outer loop
      vertex 32.3709 -21.8708 3
      vertex 31.5 -22 3
      vertex 32.0853 -21.9424 3
    endloop
  endfacet
  facet normal 0 0 1
    outer loop
      vertex 32.0853 -21.9424 3
      vertex 31.5 -22 3
      vertex 31.7941 -21.9856 3
    endloop
  endfacet
  facet normal 0 0 1
    outer loop
      vertex -32.5 12 3
      vertex 31.5 22 3
      vertex -31.5 22 3
    endloop
  endfacet
  facet normal 0 0 1
    outer loop
      vertex -32.5 -12 3
      vertex 32.5 -12 3
      vertex -32.5 12 3
    endloop
  endfacet
  facet normal 0 0 1
    outer loop
      vertex -34.5 19 3
      vertex -31.5 22 3
      vertex -31.7941 21.9856 3
    endloop
  endfacet
  facet normal 0 0 1
    outer loop
      vertex 32.5 -12 3
      vertex -32.5 -12 3
      vertex 31.5 -22 3
    endloop
  endfacet
  facet normal 0 0 1
    outer loop
      vertex -34.5 19 3
      vertex -31.7941 21.9856 3
      vertex -32.0853 21.9424 3
    endloop
  endfacet
  facet normal 0 0 1
    outer loop
      vertex 31.5 -22 3
      vertex -32.5 -12 3
      vertex -31.5 -22 3
    endloop
  endfacet
  facet normal 0 0 1
    outer loop
      vertex -34.5 19 3
      vertex -32.0853 21.9424 3
      vertex -32.3709 21.8708 3
    endloop
  endfacet
  facet normal -0 0 1
    outer loop
      vertex -34.5 -19 3
      vertex -31.5 -22 3
      vertex -32.5 -12 3
    endloop
  endfacet
  facet normal 0 0 1
    outer loop
      vertex -31.5 -22 3
      vertex -34.5 -19 3
      vertex -31.7941 -21.9856 3
    endloop
  endfacet
  facet normal 0 0 1
    outer loop
      vertex -34.5 19 3
      vertex -32.3709 21.8708 3
      vertex -32.648 21.7716 3
    endloop
  endfacet
  facet normal 0 0 1
    outer loop
      vertex -34.5 19 3
      vertex -32.648 21.7716 3
      vertex -32.9142 21.6458 3
    endloop
  endfacet
  facet normal 0 0 1
    outer loop
      vertex -34.5 19 3
      vertex -32.9142 21.6458 3
      vertex -33.1667 21.4944 3
    endloop
  endfacet
  facet normal 0 0 1
    outer loop
      vertex -34.5 19 3
      vertex -33.1667 21.4944 3
      vertex -33.4032 21.319 3
    endloop
  endfacet
  facet normal 0 0 1
    outer loop
      vertex -34.5 19 3
      vertex -33.4032 21.319 3
      vertex -33.6213 21.1213 3
    endloop
  endfacet
  facet normal 0 0 1
    outer loop
      vertex -34.5 19 3
      vertex -33.6213 21.1213 3
      vertex -33.819 20.9032 3
    endloop
  endfacet
  facet normal 0 0 1
    outer loop
      vertex -34.5 19 3
      vertex -33.819 20.9032 3
      vertex -33.9944 20.6667 3
    endloop
  endfacet
  facet normal 0 0 1
    outer loop
      vertex -34.5 19 3
      vertex -33.9944 20.6667 3
      vertex -34.1458 20.4142 3
    endloop
  endfacet
  facet normal 0 0 1
    outer loop
      vertex -34.5 19 3
      vertex -34.1458 20.4142 3
      vertex -34.2716 20.148 3
    endloop
  endfacet
  facet normal 0 0 1
    outer loop
      vertex -34.5 19 3
      vertex -34.2716 20.148 3
      vertex -34.3708 19.8709 3
    endloop
  endfacet
  facet normal 0 0 1
    outer loop
      vertex -34.5 19 3
      vertex -34.3708 19.8709 3
      vertex -34.4424 19.5853 3
    endloop
  endfacet
  facet normal 0 0 1
    outer loop
      vertex -34.5 19 3
      vertex -34.4424 19.5853 3
      vertex -34.4856 19.2941 3
    endloop
  endfacet
  facet normal 0 0 1
    outer loop
      vertex -31.5 22 3
      vertex -34.5 19 3
      vertex -32.5 12 3
    endloop
  endfacet
  facet normal 0 0 1
    outer loop
      vertex -32.5 12 3
      vertex -34.5 19 3
      vertex -34.5 12 3
    endloop
  endfacet
  facet normal 0 0 1
    outer loop
      vertex -31.7941 -21.9856 3
      vertex -34.5 -19 3
      vertex -32.0853 -21.9424 3
    endloop
  endfacet
  facet normal 0 0 1
    outer loop
      vertex -32.0853 -21.9424 3
      vertex -34.5 -19 3
      vertex -32.3709 -21.8708 3
    endloop
  endfacet
  facet normal 0 0 1
    outer loop
      vertex -32.3709 -21.8708 3
      vertex -34.5 -19 3
      vertex -32.648 -21.7716 3
    endloop
  endfacet
  facet normal 0 0 1
    outer loop
      vertex -32.648 -21.7716 3
      vertex -34.5 -19 3
      vertex -32.9142 -21.6458 3
    endloop
  endfacet
  facet normal 0 0 1
    outer loop
      vertex -32.9142 -21.6458 3
      vertex -34.5 -19 3
      vertex -33.1667 -21.4944 3
    endloop
  endfacet
  facet normal 0 0 1
    outer loop
      vertex -33.1667 -21.4944 3
      vertex -34.5 -19 3
      vertex -33.4032 -21.319 3
    endloop
  endfacet
  facet normal 0 0 1
    outer loop
      vertex -33.4032 -21.319 3
      vertex -34.5 -19 3
      vertex -33.6213 -21.1213 3
    endloop
  endfacet
  facet normal 0 0 1
    outer loop
      vertex -33.6213 -21.1213 3
      vertex -34.5 -19 3
      vertex -33.819 -20.9032 3
    endloop
  endfacet
  facet normal 0 0 1
    outer loop
      vertex -33.819 -20.9032 3
      vertex -34.5 -19 3
      vertex -33.9944 -20.6667 3
    endloop
  endfacet
  facet normal 0 0 1
    outer loop
      vertex -33.9944 -20.6667 3
      vertex -34.5 -19 3
      vertex -34.1458 -20.4142 3
    endloop
  endfacet
  facet normal 0 0 1
    outer loop
      vertex -34.1458 -20.4142 3
      vertex -34.5 -19 3
      vertex -34.2716 -20.148 3
    endloop
  endfacet
  facet normal 0 0 1
    outer loop
      vertex -34.2716 -20.148 3
      vertex -34.5 -19 3
      vertex -34.3708 -19.8709 3
    endloop
  endfacet
  facet normal 0 0 1
    outer loop
      vertex -34.3708 -19.8709 3
      vertex -34.5 -19 3
      vertex -34.4424 -19.5853 3
    endloop
  endfacet
  facet normal 0 0 1
    outer loop
      vertex -34.5 -19 3
      vertex -32.5 -12 3
      vertex -34.5 -12 3
    endloop
  endfacet
  facet normal 0 0 1
    outer loop
      vertex -34.4424 -19.5853 3
      vertex -34.5 -19 3
      vertex -34.4856 -19.2941 3
    endloop
  endfacet
  facet normal -0.969982 -0.243175 0
    outer loop
      vertex 34.4424 19.5853 3
      vertex 34.3708 19.8709 32
      vertex 34.3708 19.8709 3
    endloop
  endfacet
  facet normal -0.969982 -0.243175 0
    outer loop
      vertex 34.3708 19.8709 32
      vertex 34.4424 19.5853 3
      vertex 34.4424 19.5853 32
    endloop
  endfacet
  facet normal 0.989177 0.146726 0
    outer loop
      vertex 8.98796 -10.755 20.99
      vertex 8.95196 -10.5123 5.99
      vertex 8.95196 -10.5123 20.99
    endloop
  endfacet
  facet normal 0.989177 0.146726 0
    outer loop
      vertex 8.95196 -10.5123 5.99
      vertex 8.98796 -10.755 20.99
      vertex 8.98796 -10.755 5.99
    endloop
  endfacet
  facet normal 0.998795 0.0490836 0
    outer loop
      vertex 9 -11 20.99
      vertex 8.98796 -10.755 5.99
      vertex 8.98796 -10.755 20.99
    endloop
  endfacet
  facet normal 0.998795 0.0490836 0
    outer loop
      vertex 8.98796 -10.755 5.99
      vertex 9 -11 20.99
      vertex 9 -11 5.99
    endloop
  endfacet
  facet normal 0.970037 0.242958 0
    outer loop
      vertex 8.95196 -10.5123 20.99
      vertex 8.89235 -10.2743 5.99
      vertex 8.89235 -10.2743 20.99
    endloop
  endfacet
  facet normal 0.970037 0.242958 0
    outer loop
      vertex 8.89235 -10.2743 5.99
      vertex 8.95196 -10.5123 20.99
      vertex 8.95196 -10.5123 5.99
    endloop
  endfacet
  facet normal 0.048913 -0.998803 0
    outer loop
      vertex 6.5 -13.5 5.99
      vertex 6.74504 -13.488 20.99
      vertex 6.5 -13.5 20.99
    endloop
  endfacet
  facet normal 0.048913 -0.998803 0
    outer loop
      vertex 6.74504 -13.488 20.99
      vertex 6.5 -13.5 5.99
      vertex 6.74504 -13.488 5.99
    endloop
  endfacet
  facet normal -0.970037 0.242958 0
    outer loop
      vertex 4.04804 -10.5123 5.99
      vertex 4.10765 -10.2743 20.99
      vertex 4.10765 -10.2743 5.99
    endloop
  endfacet
  facet normal -0.970037 0.242958 0
    outer loop
      vertex 4.10765 -10.2743 20.99
      vertex 4.04804 -10.5123 5.99
      vertex 4.04804 -10.5123 20.99
    endloop
  endfacet
  facet normal 0.803284 -0.595596 0
    outer loop
      vertex 8.43253 -12.586 20.99
      vertex 8.57867 -12.3889 5.99
      vertex 8.57867 -12.3889 20.99
    endloop
  endfacet
  facet normal 0.803284 -0.595596 0
    outer loop
      vertex 8.57867 -12.3889 5.99
      vertex 8.43253 -12.586 20.99
      vertex 8.43253 -12.586 5.99
    endloop
  endfacet
  facet normal 0.514094 0.857734 -0
    outer loop
      vertex 7.88893 -8.92133 5.99
      vertex 7.67849 -8.7952 20.99
      vertex 7.88893 -8.92133 20.99
    endloop
  endfacet
  facet normal 0.514094 0.857734 0
    outer loop
      vertex 7.67849 -8.7952 20.99
      vertex 7.88893 -8.92133 5.99
      vertex 7.67849 -8.7952 5.99
    endloop
  endfacet
  facet normal -0.803284 -0.595596 0
    outer loop
      vertex 4.56747 -12.586 5.99
      vertex 4.42133 -12.3889 20.99
      vertex 4.42133 -12.3889 5.99
    endloop
  endfacet
  facet normal -0.803284 -0.595596 0
    outer loop
      vertex 4.42133 -12.3889 20.99
      vertex 4.56747 -12.586 5.99
      vertex 4.56747 -12.586 20.99
    endloop
  endfacet
  facet normal 0.941548 0.336879 0
    outer loop
      vertex 8.89235 -10.2743 20.99
      vertex 8.8097 -10.0433 5.99
      vertex 8.8097 -10.0433 20.99
    endloop
  endfacet
  facet normal 0.941548 0.336879 0
    outer loop
      vertex 8.8097 -10.0433 5.99
      vertex 8.89235 -10.2743 20.99
      vertex 8.89235 -10.2743 5.99
    endloop
  endfacet
  facet normal -0.803212 0.595693 0
    outer loop
      vertex 4.42133 -9.61107 5.99
      vertex 4.56747 -9.41402 20.99
      vertex 4.56747 -9.41402 5.99
    endloop
  endfacet
  facet normal -0.803212 0.595693 0
    outer loop
      vertex 4.56747 -9.41402 20.99
      vertex 4.42133 -9.61107 5.99
      vertex 4.42133 -9.61107 20.99
    endloop
  endfacet
  facet normal -0.740961 0.671548 0
    outer loop
      vertex 4.56747 -9.41402 5.99
      vertex 4.73223 -9.23223 20.99
      vertex 4.73223 -9.23223 5.99
    endloop
  endfacet
  facet normal -0.740961 0.671548 0
    outer loop
      vertex 4.73223 -9.23223 20.99
      vertex 4.56747 -9.41402 5.99
      vertex 4.56747 -9.41402 20.99
    endloop
  endfacet
  facet normal 0.941548 -0.336879 0
    outer loop
      vertex 8.8097 -11.9567 20.99
      vertex 8.89235 -11.7257 5.99
      vertex 8.89235 -11.7257 20.99
    endloop
  endfacet
  facet normal 0.941548 -0.336879 0
    outer loop
      vertex 8.89235 -11.7257 5.99
      vertex 8.8097 -11.9567 20.99
      vertex 8.8097 -11.9567 5.99
    endloop
  endfacet
  facet normal -0.989177 0.146726 0
    outer loop
      vertex 4.01204 -10.755 5.99
      vertex 4.04804 -10.5123 20.99
      vertex 4.04804 -10.5123 5.99
    endloop
  endfacet
  facet normal -0.989177 0.146726 0
    outer loop
      vertex 4.04804 -10.5123 20.99
      vertex 4.01204 -10.755 5.99
      vertex 4.01204 -10.755 20.99
    endloop
  endfacet
  facet normal -0.514004 -0.857788 0
    outer loop
      vertex 5.11107 -13.0787 5.99
      vertex 5.32151 -13.2048 20.99
      vertex 5.11107 -13.0787 20.99
    endloop
  endfacet
  facet normal -0.514004 -0.857788 -0
    outer loop
      vertex 5.32151 -13.2048 20.99
      vertex 5.11107 -13.0787 5.99
      vertex 5.32151 -13.2048 5.99
    endloop
  endfacet
  facet normal -0.595693 0.803212 0
    outer loop
      vertex 5.11107 -8.92133 5.99
      vertex 4.91402 -9.06747 20.99
      vertex 5.11107 -8.92133 20.99
    endloop
  endfacet
  facet normal -0.595693 0.803212 0
    outer loop
      vertex 4.91402 -9.06747 20.99
      vertex 5.11107 -8.92133 5.99
      vertex 4.91402 -9.06747 5.99
    endloop
  endfacet
  facet normal 0.595693 0.803212 -0
    outer loop
      vertex 8.08598 -9.06747 5.99
      vertex 7.88893 -8.92133 20.99
      vertex 8.08598 -9.06747 20.99
    endloop
  endfacet
  facet normal 0.595693 0.803212 0
    outer loop
      vertex 7.88893 -8.92133 20.99
      vertex 8.08598 -9.06747 5.99
      vertex 7.88893 -8.92133 5.99
    endloop
  endfacet
  facet normal -0.427575 0.90398 0
    outer loop
      vertex 5.54329 -8.6903 5.99
      vertex 5.32151 -8.7952 20.99
      vertex 5.54329 -8.6903 20.99
    endloop
  endfacet
  facet normal -0.427575 0.90398 0
    outer loop
      vertex 5.32151 -8.7952 20.99
      vertex 5.54329 -8.6903 5.99
      vertex 5.32151 -8.7952 5.99
    endloop
  endfacet
  facet normal 0.740979 -0.671528 0
    outer loop
      vertex 8.26777 -12.7678 20.99
      vertex 8.43253 -12.586 5.99
      vertex 8.43253 -12.586 20.99
    endloop
  endfacet
  facet normal 0.740979 -0.671528 0
    outer loop
      vertex 8.43253 -12.586 5.99
      vertex 8.26777 -12.7678 20.99
      vertex 8.26777 -12.7678 5.99
    endloop
  endfacet
  facet normal -0.146732 -0.989176 0
    outer loop
      vertex 6.01227 -13.452 5.99
      vertex 6.25496 -13.488 20.99
      vertex 6.01227 -13.452 20.99
    endloop
  endfacet
  facet normal -0.146732 -0.989176 -0
    outer loop
      vertex 6.25496 -13.488 20.99
      vertex 6.01227 -13.452 5.99
      vertex 6.25496 -13.488 5.99
    endloop
  endfacet
  facet normal -0.427575 -0.90398 0
    outer loop
      vertex 5.32151 -13.2048 5.99
      vertex 5.54329 -13.3097 20.99
      vertex 5.32151 -13.2048 20.99
    endloop
  endfacet
  facet normal -0.427575 -0.90398 -0
    outer loop
      vertex 5.54329 -13.3097 20.99
      vertex 5.32151 -13.2048 5.99
      vertex 5.54329 -13.3097 5.99
    endloop
  endfacet
  facet normal 0.671548 0.740961 -0
    outer loop
      vertex 8.26777 -9.23223 5.99
      vertex 8.08598 -9.06747 20.99
      vertex 8.26777 -9.23223 20.99
    endloop
  endfacet
  facet normal 0.671548 0.740961 0
    outer loop
      vertex 8.08598 -9.06747 20.99
      vertex 8.26777 -9.23223 5.99
      vertex 8.08598 -9.06747 5.99
    endloop
  endfacet
  facet normal 0.970037 -0.242958 0
    outer loop
      vertex 8.89235 -11.7257 20.99
      vertex 8.95196 -11.4877 5.99
      vertex 8.95196 -11.4877 20.99
    endloop
  endfacet
  facet normal 0.970037 -0.242958 0
    outer loop
      vertex 8.95196 -11.4877 5.99
      vertex 8.89235 -11.7257 20.99
      vertex 8.89235 -11.7257 5.99
    endloop
  endfacet
  facet normal 0.427575 0.90398 -0
    outer loop
      vertex 7.67849 -8.7952 5.99
      vertex 7.45671 -8.6903 20.99
      vertex 7.67849 -8.7952 20.99
    endloop
  endfacet
  facet normal 0.427575 0.90398 0
    outer loop
      vertex 7.45671 -8.6903 20.99
      vertex 7.67849 -8.7952 5.99
      vertex 7.45671 -8.6903 5.99
    endloop
  endfacet
  facet normal -0.514094 0.857734 0
    outer loop
      vertex 5.32151 -8.7952 5.99
      vertex 5.11107 -8.92133 20.99
      vertex 5.32151 -8.7952 20.99
    endloop
  endfacet
  facet normal -0.514094 0.857734 0
    outer loop
      vertex 5.11107 -8.92133 20.99
      vertex 5.32151 -8.7952 5.99
      vertex 5.11107 -8.92133 5.99
    endloop
  endfacet
  facet normal -0.336879 0.941548 0
    outer loop
      vertex 5.77429 -8.60765 5.99
      vertex 5.54329 -8.6903 20.99
      vertex 5.77429 -8.60765 20.99
    endloop
  endfacet
  facet normal -0.336879 0.941548 0
    outer loop
      vertex 5.54329 -8.6903 20.99
      vertex 5.77429 -8.60765 5.99
      vertex 5.54329 -8.6903 5.99
    endloop
  endfacet
  facet normal -0.941548 0.336879 0
    outer loop
      vertex 4.10765 -10.2743 5.99
      vertex 4.1903 -10.0433 20.99
      vertex 4.1903 -10.0433 5.99
    endloop
  endfacet
  facet normal -0.941548 0.336879 0
    outer loop
      vertex 4.1903 -10.0433 20.99
      vertex 4.10765 -10.2743 5.99
      vertex 4.10765 -10.2743 20.99
    endloop
  endfacet
  facet normal -0.970037 -0.242958 0
    outer loop
      vertex 4.10765 -11.7257 5.99
      vertex 4.04804 -11.4877 20.99
      vertex 4.04804 -11.4877 5.99
    endloop
  endfacet
  facet normal -0.970037 -0.242958 0
    outer loop
      vertex 4.04804 -11.4877 20.99
      vertex 4.10765 -11.7257 5.99
      vertex 4.10765 -11.7257 20.99
    endloop
  endfacet
  facet normal -0.857734 0.514094 0
    outer loop
      vertex 4.2952 -9.82151 5.99
      vertex 4.42133 -9.61107 20.99
      vertex 4.42133 -9.61107 5.99
    endloop
  endfacet
  facet normal -0.857734 0.514094 0
    outer loop
      vertex 4.42133 -9.61107 20.99
      vertex 4.2952 -9.82151 5.99
      vertex 4.2952 -9.82151 20.99
    endloop
  endfacet
  facet normal -0.941548 -0.336879 0
    outer loop
      vertex 4.1903 -11.9567 5.99
      vertex 4.10765 -11.7257 20.99
      vertex 4.10765 -11.7257 5.99
    endloop
  endfacet
  facet normal -0.941548 -0.336879 0
    outer loop
      vertex 4.10765 -11.7257 20.99
      vertex 4.1903 -11.9567 5.99
      vertex 4.1903 -11.9567 20.99
    endloop
  endfacet
  facet normal -0.048913 -0.998803 0
    outer loop
      vertex 6.25496 -13.488 5.99
      vertex 6.5 -13.5 20.99
      vertex 6.25496 -13.488 20.99
    endloop
  endfacet
  facet normal -0.048913 -0.998803 -0
    outer loop
      vertex 6.5 -13.5 20.99
      vertex 6.25496 -13.488 5.99
      vertex 6.5 -13.5 5.99
    endloop
  endfacet
  facet normal 0.740961 0.671548 0
    outer loop
      vertex 8.43253 -9.41402 20.99
      vertex 8.26777 -9.23223 5.99
      vertex 8.26777 -9.23223 20.99
    endloop
  endfacet
  facet normal 0.740961 0.671548 0
    outer loop
      vertex 8.26777 -9.23223 5.99
      vertex 8.43253 -9.41402 20.99
      vertex 8.43253 -9.41402 5.99
    endloop
  endfacet
  facet normal 0.0490756 0.998795 -0
    outer loop
      vertex 6.74504 -8.51204 5.99
      vertex 6.5 -8.5 20.99
      vertex 6.74504 -8.51204 20.99
    endloop
  endfacet
  facet normal 0.0490756 0.998795 0
    outer loop
      vertex 6.5 -8.5 20.99
      vertex 6.74504 -8.51204 5.99
      vertex 6.5 -8.5 5.99
    endloop
  endfacet
  facet normal 0.803212 0.595693 0
    outer loop
      vertex 8.57867 -9.61107 20.99
      vertex 8.43253 -9.41402 5.99
      vertex 8.43253 -9.41402 20.99
    endloop
  endfacet
  facet normal 0.803212 0.595693 0
    outer loop
      vertex 8.43253 -9.41402 5.99
      vertex 8.57867 -9.61107 20.99
      vertex 8.57867 -9.61107 5.99
    endloop
  endfacet
  facet normal -0.671548 0.740961 0
    outer loop
      vertex 4.91402 -9.06747 5.99
      vertex 4.73223 -9.23223 20.99
      vertex 4.91402 -9.06747 20.99
    endloop
  endfacet
  facet normal -0.671548 0.740961 0
    outer loop
      vertex 4.73223 -9.23223 20.99
      vertex 4.91402 -9.06747 5.99
      vertex 4.73223 -9.23223 5.99
    endloop
  endfacet
  facet normal 0.337059 -0.941483 0
    outer loop
      vertex 7.22571 -13.3924 5.99
      vertex 7.45671 -13.3097 20.99
      vertex 7.22571 -13.3924 20.99
    endloop
  endfacet
  facet normal 0.337059 -0.941483 0
    outer loop
      vertex 7.45671 -13.3097 20.99
      vertex 7.22571 -13.3924 5.99
      vertex 7.45671 -13.3097 5.99
    endloop
  endfacet
  facet normal 0.989177 -0.146726 0
    outer loop
      vertex 8.95196 -11.4877 20.99
      vertex 8.98796 -11.245 5.99
      vertex 8.98796 -11.245 20.99
    endloop
  endfacet
  facet normal 0.989177 -0.146726 0
    outer loop
      vertex 8.98796 -11.245 5.99
      vertex 8.95196 -11.4877 20.99
      vertex 8.95196 -11.4877 5.99
    endloop
  endfacet
  facet normal 0.998795 -0.0490836 0
    outer loop
      vertex 8.98796 -11.245 20.99
      vertex 9 -11 5.99
      vertex 9 -11 20.99
    endloop
  endfacet
  facet normal 0.998795 -0.0490836 0
    outer loop
      vertex 9 -11 5.99
      vertex 8.98796 -11.245 20.99
      vertex 8.98796 -11.245 5.99
    endloop
  endfacet
  facet normal -0.242938 -0.970042 0
    outer loop
      vertex 5.77429 -13.3924 5.99
      vertex 6.01227 -13.452 20.99
      vertex 5.77429 -13.3924 20.99
    endloop
  endfacet
  facet normal -0.242938 -0.970042 -0
    outer loop
      vertex 6.01227 -13.452 20.99
      vertex 5.77429 -13.3924 5.99
      vertex 6.01227 -13.452 5.99
    endloop
  endfacet
  facet normal 0.903987 0.427559 0
    outer loop
      vertex 8.8097 -10.0433 20.99
      vertex 8.7048 -9.82151 5.99
      vertex 8.7048 -9.82151 20.99
    endloop
  endfacet
  facet normal 0.903987 0.427559 0
    outer loop
      vertex 8.7048 -9.82151 5.99
      vertex 8.8097 -10.0433 20.99
      vertex 8.8097 -10.0433 5.99
    endloop
  endfacet
  facet normal 0.857691 -0.514166 0
    outer loop
      vertex 8.57867 -12.3889 20.99
      vertex 8.7048 -12.1785 5.99
      vertex 8.7048 -12.1785 20.99
    endloop
  endfacet
  facet normal 0.857691 -0.514166 0
    outer loop
      vertex 8.7048 -12.1785 5.99
      vertex 8.57867 -12.3889 20.99
      vertex 8.57867 -12.3889 5.99
    endloop
  endfacet
  facet normal 0 0 -1
    outer loop
      vertex 8.98796 -11.245 5.99
      vertex 8.98796 -10.755 5.99
      vertex 9 -11 5.99
    endloop
  endfacet
  facet normal 0 0 -1
    outer loop
      vertex 8.95196 -11.4877 5.99
      vertex 8.98796 -10.755 5.99
      vertex 8.98796 -11.245 5.99
    endloop
  endfacet
  facet normal 0 0 -1
    outer loop
      vertex 8.95196 -11.4877 5.99
      vertex 8.95196 -10.5123 5.99
      vertex 8.98796 -10.755 5.99
    endloop
  endfacet
  facet normal 0 0 -1
    outer loop
      vertex 8.89235 -11.7257 5.99
      vertex 8.95196 -10.5123 5.99
      vertex 8.95196 -11.4877 5.99
    endloop
  endfacet
  facet normal 0 0 -1
    outer loop
      vertex 8.89235 -11.7257 5.99
      vertex 8.89235 -10.2743 5.99
      vertex 8.95196 -10.5123 5.99
    endloop
  endfacet
  facet normal 0 0 -1
    outer loop
      vertex 8.8097 -11.9567 5.99
      vertex 8.89235 -10.2743 5.99
      vertex 8.89235 -11.7257 5.99
    endloop
  endfacet
  facet normal 0 0 -1
    outer loop
      vertex 8.8097 -11.9567 5.99
      vertex 8.8097 -10.0433 5.99
      vertex 8.89235 -10.2743 5.99
    endloop
  endfacet
  facet normal 0 0 -1
    outer loop
      vertex 8.7048 -12.1785 5.99
      vertex 8.8097 -10.0433 5.99
      vertex 8.8097 -11.9567 5.99
    endloop
  endfacet
  facet normal 0 0 -1
    outer loop
      vertex 8.7048 -12.1785 5.99
      vertex 8.7048 -9.82151 5.99
      vertex 8.8097 -10.0433 5.99
    endloop
  endfacet
  facet normal 0 0 -1
    outer loop
      vertex 8.57867 -12.3889 5.99
      vertex 8.7048 -9.82151 5.99
      vertex 8.7048 -12.1785 5.99
    endloop
  endfacet
  facet normal 0 0 -1
    outer loop
      vertex 8.57867 -12.3889 5.99
      vertex 8.57867 -9.61107 5.99
      vertex 8.7048 -9.82151 5.99
    endloop
  endfacet
  facet normal 0 0 -1
    outer loop
      vertex 8.43253 -12.586 5.99
      vertex 8.57867 -9.61107 5.99
      vertex 8.57867 -12.3889 5.99
    endloop
  endfacet
  facet normal 0 0 -1
    outer loop
      vertex 8.43253 -12.586 5.99
      vertex 8.43253 -9.41402 5.99
      vertex 8.57867 -9.61107 5.99
    endloop
  endfacet
  facet normal 0 0 -1
    outer loop
      vertex 8.26777 -12.7678 5.99
      vertex 8.43253 -9.41402 5.99
      vertex 8.43253 -12.586 5.99
    endloop
  endfacet
  facet normal 0 0 -1
    outer loop
      vertex 8.26777 -12.7678 5.99
      vertex 8.26777 -9.23223 5.99
      vertex 8.43253 -9.41402 5.99
    endloop
  endfacet
  facet normal 0 0 -1
    outer loop
      vertex 8.08598 -12.9325 5.99
      vertex 8.26777 -9.23223 5.99
      vertex 8.26777 -12.7678 5.99
    endloop
  endfacet
  facet normal 0 0 -1
    outer loop
      vertex 8.08598 -12.9325 5.99
      vertex 8.08598 -9.06747 5.99
      vertex 8.26777 -9.23223 5.99
    endloop
  endfacet
  facet normal 0 0 -1
    outer loop
      vertex 7.88893 -13.0787 5.99
      vertex 8.08598 -9.06747 5.99
      vertex 8.08598 -12.9325 5.99
    endloop
  endfacet
  facet normal 0 0 -1
    outer loop
      vertex 7.88893 -13.0787 5.99
      vertex 7.88893 -8.92133 5.99
      vertex 8.08598 -9.06747 5.99
    endloop
  endfacet
  facet normal 0 0 -1
    outer loop
      vertex 7.67849 -13.2048 5.99
      vertex 7.88893 -8.92133 5.99
      vertex 7.88893 -13.0787 5.99
    endloop
  endfacet
  facet normal 0 0 -1
    outer loop
      vertex 7.67849 -13.2048 5.99
      vertex 7.67849 -8.7952 5.99
      vertex 7.88893 -8.92133 5.99
    endloop
  endfacet
  facet normal 0 0 -1
    outer loop
      vertex 7.45671 -13.3097 5.99
      vertex 7.67849 -8.7952 5.99
      vertex 7.67849 -13.2048 5.99
    endloop
  endfacet
  facet normal 0 0 -1
    outer loop
      vertex 7.45671 -13.3097 5.99
      vertex 7.45671 -8.6903 5.99
      vertex 7.67849 -8.7952 5.99
    endloop
  endfacet
  facet normal 0 0 -1
    outer loop
      vertex 7.22571 -13.3924 5.99
      vertex 7.45671 -8.6903 5.99
      vertex 7.45671 -13.3097 5.99
    endloop
  endfacet
  facet normal 0 0 -1
    outer loop
      vertex 7.22571 -13.3924 5.99
      vertex 7.22571 -8.60765 5.99
      vertex 7.45671 -8.6903 5.99
    endloop
  endfacet
  facet normal 0 0 -1
    outer loop
      vertex 6.98773 -13.452 5.99
      vertex 7.22571 -8.60765 5.99
      vertex 7.22571 -13.3924 5.99
    endloop
  endfacet
  facet normal 0 0 -1
    outer loop
      vertex 6.98773 -13.452 5.99
      vertex 6.98773 -8.54804 5.99
      vertex 7.22571 -8.60765 5.99
    endloop
  endfacet
  facet normal 0 0 -1
    outer loop
      vertex 6.74504 -13.488 5.99
      vertex 6.98773 -8.54804 5.99
      vertex 6.98773 -13.452 5.99
    endloop
  endfacet
  facet normal 0 0 -1
    outer loop
      vertex 6.74504 -13.488 5.99
      vertex 6.74504 -8.51204 5.99
      vertex 6.98773 -8.54804 5.99
    endloop
  endfacet
  facet normal 0 0 -1
    outer loop
      vertex 6.5 -13.5 5.99
      vertex 6.74504 -8.51204 5.99
      vertex 6.74504 -13.488 5.99
    endloop
  endfacet
  facet normal 0 0 -1
    outer loop
      vertex 6.5 -13.5 5.99
      vertex 6.5 -8.5 5.99
      vertex 6.74504 -8.51204 5.99
    endloop
  endfacet
  facet normal 0 0 -1
    outer loop
      vertex 6.25496 -13.488 5.99
      vertex 6.5 -8.5 5.99
      vertex 6.5 -13.5 5.99
    endloop
  endfacet
  facet normal 0 0 -1
    outer loop
      vertex 6.25496 -13.488 5.99
      vertex 6.25496 -8.51204 5.99
      vertex 6.5 -8.5 5.99
    endloop
  endfacet
  facet normal 0 0 -1
    outer loop
      vertex 6.01227 -13.452 5.99
      vertex 6.25496 -8.51204 5.99
      vertex 6.25496 -13.488 5.99
    endloop
  endfacet
  facet normal 0 0 -1
    outer loop
      vertex 6.01227 -13.452 5.99
      vertex 6.01227 -8.54804 5.99
      vertex 6.25496 -8.51204 5.99
    endloop
  endfacet
  facet normal 0 0 -1
    outer loop
      vertex 5.77429 -13.3924 5.99
      vertex 6.01227 -8.54804 5.99
      vertex 6.01227 -13.452 5.99
    endloop
  endfacet
  facet normal 0 0 -1
    outer loop
      vertex 5.77429 -13.3924 5.99
      vertex 5.77429 -8.60765 5.99
      vertex 6.01227 -8.54804 5.99
    endloop
  endfacet
  facet normal 0 0 -1
    outer loop
      vertex 5.54329 -13.3097 5.99
      vertex 5.77429 -8.60765 5.99
      vertex 5.77429 -13.3924 5.99
    endloop
  endfacet
  facet normal 0 0 -1
    outer loop
      vertex 5.54329 -13.3097 5.99
      vertex 5.54329 -8.6903 5.99
      vertex 5.77429 -8.60765 5.99
    endloop
  endfacet
  facet normal 0 0 -1
    outer loop
      vertex 5.32151 -13.2048 5.99
      vertex 5.54329 -8.6903 5.99
      vertex 5.54329 -13.3097 5.99
    endloop
  endfacet
  facet normal 0 0 -1
    outer loop
      vertex 5.32151 -13.2048 5.99
      vertex 5.32151 -8.7952 5.99
      vertex 5.54329 -8.6903 5.99
    endloop
  endfacet
  facet normal 0 0 -1
    outer loop
      vertex 5.11107 -13.0787 5.99
      vertex 5.32151 -8.7952 5.99
      vertex 5.32151 -13.2048 5.99
    endloop
  endfacet
  facet normal 0 0 -1
    outer loop
      vertex 5.11107 -13.0787 5.99
      vertex 5.11107 -8.92133 5.99
      vertex 5.32151 -8.7952 5.99
    endloop
  endfacet
  facet normal 0 0 -1
    outer loop
      vertex 4.91402 -12.9325 5.99
      vertex 5.11107 -8.92133 5.99
      vertex 5.11107 -13.0787 5.99
    endloop
  endfacet
  facet normal 0 0 -1
    outer loop
      vertex 4.91402 -12.9325 5.99
      vertex 4.91402 -9.06747 5.99
      vertex 5.11107 -8.92133 5.99
    endloop
  endfacet
  facet normal 0 0 -1
    outer loop
      vertex 4.73223 -12.7678 5.99
      vertex 4.91402 -9.06747 5.99
      vertex 4.91402 -12.9325 5.99
    endloop
  endfacet
  facet normal 0 0 -1
    outer loop
      vertex 4.73223 -12.7678 5.99
      vertex 4.73223 -9.23223 5.99
      vertex 4.91402 -9.06747 5.99
    endloop
  endfacet
  facet normal 0 0 -1
    outer loop
      vertex 4.56747 -12.586 5.99
      vertex 4.73223 -9.23223 5.99
      vertex 4.73223 -12.7678 5.99
    endloop
  endfacet
  facet normal 0 0 -1
    outer loop
      vertex 4.56747 -12.586 5.99
      vertex 4.56747 -9.41402 5.99
      vertex 4.73223 -9.23223 5.99
    endloop
  endfacet
  facet normal 0 0 -1
    outer loop
      vertex 4.42133 -12.3889 5.99
      vertex 4.56747 -9.41402 5.99
      vertex 4.56747 -12.586 5.99
    endloop
  endfacet
  facet normal 0 0 -1
    outer loop
      vertex 4.42133 -12.3889 5.99
      vertex 4.42133 -9.61107 5.99
      vertex 4.56747 -9.41402 5.99
    endloop
  endfacet
  facet normal 0 0 -1
    outer loop
      vertex 4.2952 -12.1785 5.99
      vertex 4.42133 -9.61107 5.99
      vertex 4.42133 -12.3889 5.99
    endloop
  endfacet
  facet normal 0 0 -1
    outer loop
      vertex 4.2952 -12.1785 5.99
      vertex 4.2952 -9.82151 5.99
      vertex 4.42133 -9.61107 5.99
    endloop
  endfacet
  facet normal 0 0 -1
    outer loop
      vertex 4.1903 -11.9567 5.99
      vertex 4.2952 -9.82151 5.99
      vertex 4.2952 -12.1785 5.99
    endloop
  endfacet
  facet normal 0 0 -1
    outer loop
      vertex 4.1903 -11.9567 5.99
      vertex 4.1903 -10.0433 5.99
      vertex 4.2952 -9.82151 5.99
    endloop
  endfacet
  facet normal 0 0 -1
    outer loop
      vertex 4.10765 -11.7257 5.99
      vertex 4.1903 -10.0433 5.99
      vertex 4.1903 -11.9567 5.99
    endloop
  endfacet
  facet normal 0 0 -1
    outer loop
      vertex 4.10765 -11.7257 5.99
      vertex 4.10765 -10.2743 5.99
      vertex 4.1903 -10.0433 5.99
    endloop
  endfacet
  facet normal 0 0 -1
    outer loop
      vertex 4.04804 -11.4877 5.99
      vertex 4.10765 -10.2743 5.99
      vertex 4.10765 -11.7257 5.99
    endloop
  endfacet
  facet normal 0 0 -1
    outer loop
      vertex 4.04804 -11.4877 5.99
      vertex 4.04804 -10.5123 5.99
      vertex 4.10765 -10.2743 5.99
    endloop
  endfacet
  facet normal 0 0 -1
    outer loop
      vertex 4.01204 -11.245 5.99
      vertex 4.04804 -10.5123 5.99
      vertex 4.04804 -11.4877 5.99
    endloop
  endfacet
  facet normal 0 0 -1
    outer loop
      vertex 4.01204 -11.245 5.99
      vertex 4.01204 -10.755 5.99
      vertex 4.04804 -10.5123 5.99
    endloop
  endfacet
  facet normal 0 -0 -1
    outer loop
      vertex 4.01204 -10.755 5.99
      vertex 4.01204 -11.245 5.99
      vertex 4 -11 5.99
    endloop
  endfacet
  facet normal 0.336879 0.941548 -0
    outer loop
      vertex 7.45671 -8.6903 5.99
      vertex 7.22571 -8.60765 20.99
      vertex 7.45671 -8.6903 20.99
    endloop
  endfacet
  facet normal 0.336879 0.941548 0
    outer loop
      vertex 7.22571 -8.60765 20.99
      vertex 7.45671 -8.6903 5.99
      vertex 7.22571 -8.60765 5.99
    endloop
  endfacet
  facet normal -0.337059 -0.941483 0
    outer loop
      vertex 5.54329 -13.3097 5.99
      vertex 5.77429 -13.3924 20.99
      vertex 5.54329 -13.3097 20.99
    endloop
  endfacet
  facet normal -0.337059 -0.941483 -0
    outer loop
      vertex 5.77429 -13.3924 20.99
      vertex 5.54329 -13.3097 5.99
      vertex 5.77429 -13.3924 5.99
    endloop
  endfacet
  facet normal 0.427575 -0.90398 0
    outer loop
      vertex 7.45671 -13.3097 5.99
      vertex 7.67849 -13.2048 20.99
      vertex 7.45671 -13.3097 20.99
    endloop
  endfacet
  facet normal 0.427575 -0.90398 0
    outer loop
      vertex 7.67849 -13.2048 20.99
      vertex 7.45671 -13.3097 5.99
      vertex 7.67849 -13.2048 5.99
    endloop
  endfacet
  facet normal -0.242977 0.970032 0
    outer loop
      vertex 6.01227 -8.54804 5.99
      vertex 5.77429 -8.60765 20.99
      vertex 6.01227 -8.54804 20.99
    endloop
  endfacet
  facet normal -0.242977 0.970032 0
    outer loop
      vertex 5.77429 -8.60765 20.99
      vertex 6.01227 -8.54804 5.99
      vertex 5.77429 -8.60765 5.99
    endloop
  endfacet
  facet normal -0.0490756 0.998795 0
    outer loop
      vertex 6.5 -8.5 5.99
      vertex 6.25496 -8.51204 20.99
      vertex 6.5 -8.5 20.99
    endloop
  endfacet
  facet normal -0.0490756 0.998795 0
    outer loop
      vertex 6.25496 -8.51204 20.99
      vertex 6.5 -8.5 5.99
      vertex 6.25496 -8.51204 5.99
    endloop
  endfacet
  facet normal 0.857734 0.514094 0
    outer loop
      vertex 8.7048 -9.82151 20.99
      vertex 8.57867 -9.61107 5.99
      vertex 8.57867 -9.61107 20.99
    endloop
  endfacet
  facet normal 0.857734 0.514094 0
    outer loop
      vertex 8.57867 -9.61107 5.99
      vertex 8.7048 -9.82151 20.99
      vertex 8.7048 -9.82151 5.99
    endloop
  endfacet
  facet normal -0.989177 -0.146726 0
    outer loop
      vertex 4.04804 -11.4877 5.99
      vertex 4.01204 -11.245 20.99
      vertex 4.01204 -11.245 5.99
    endloop
  endfacet
  facet normal -0.989177 -0.146726 0
    outer loop
      vertex 4.01204 -11.245 20.99
      vertex 4.04804 -11.4877 5.99
      vertex 4.04804 -11.4877 20.99
    endloop
  endfacet
  facet normal 0.514004 -0.857788 0
    outer loop
      vertex 7.67849 -13.2048 5.99
      vertex 7.88893 -13.0787 20.99
      vertex 7.67849 -13.2048 20.99
    endloop
  endfacet
  facet normal 0.514004 -0.857788 0
    outer loop
      vertex 7.88893 -13.0787 20.99
      vertex 7.67849 -13.2048 5.99
      vertex 7.88893 -13.0787 5.99
    endloop
  endfacet
  facet normal -0.857691 -0.514166 0
    outer loop
      vertex 4.42133 -12.3889 5.99
      vertex 4.2952 -12.1785 20.99
      vertex 4.2952 -12.1785 5.99
    endloop
  endfacet
  facet normal -0.857691 -0.514166 0
    outer loop
      vertex 4.2952 -12.1785 20.99
      vertex 4.42133 -12.3889 5.99
      vertex 4.42133 -12.3889 20.99
    endloop
  endfacet
  facet normal -0.671414 -0.741083 0
    outer loop
      vertex 4.73223 -12.7678 5.99
      vertex 4.91402 -12.9325 20.99
      vertex 4.73223 -12.7678 20.99
    endloop
  endfacet
  facet normal -0.671414 -0.741083 -0
    outer loop
      vertex 4.91402 -12.9325 20.99
      vertex 4.73223 -12.7678 5.99
      vertex 4.91402 -12.9325 5.99
    endloop
  endfacet
  facet normal -0.146732 0.989176 0
    outer loop
      vertex 6.25496 -8.51204 5.99
      vertex 6.01227 -8.54804 20.99
      vertex 6.25496 -8.51204 20.99
    endloop
  endfacet
  facet normal -0.146732 0.989176 0
    outer loop
      vertex 6.01227 -8.54804 20.99
      vertex 6.25496 -8.51204 5.99
      vertex 6.01227 -8.54804 5.99
    endloop
  endfacet
  facet normal 0.146732 -0.989176 0
    outer loop
      vertex 6.74504 -13.488 5.99
      vertex 6.98773 -13.452 20.99
      vertex 6.74504 -13.488 20.99
    endloop
  endfacet
  facet normal 0.146732 -0.989176 0
    outer loop
      vertex 6.98773 -13.452 20.99
      vertex 6.74504 -13.488 5.99
      vertex 6.98773 -13.452 5.99
    endloop
  endfacet
  facet normal 0.242938 -0.970042 0
    outer loop
      vertex 6.98773 -13.452 5.99
      vertex 7.22571 -13.3924 20.99
      vertex 6.98773 -13.452 20.99
    endloop
  endfacet
  facet normal 0.242938 -0.970042 0
    outer loop
      vertex 7.22571 -13.3924 20.99
      vertex 6.98773 -13.452 5.99
      vertex 7.22571 -13.3924 5.99
    endloop
  endfacet
  facet normal -0.740979 -0.671528 0
    outer loop
      vertex 4.73223 -12.7678 5.99
      vertex 4.56747 -12.586 20.99
      vertex 4.56747 -12.586 5.99
    endloop
  endfacet
  facet normal -0.740979 -0.671528 0
    outer loop
      vertex 4.56747 -12.586 20.99
      vertex 4.73223 -12.7678 5.99
      vertex 4.73223 -12.7678 20.99
    endloop
  endfacet
  facet normal 0.242977 0.970032 -0
    outer loop
      vertex 7.22571 -8.60765 5.99
      vertex 6.98773 -8.54804 20.99
      vertex 7.22571 -8.60765 20.99
    endloop
  endfacet
  facet normal 0.242977 0.970032 0
    outer loop
      vertex 6.98773 -8.54804 20.99
      vertex 7.22571 -8.60765 5.99
      vertex 6.98773 -8.54804 5.99
    endloop
  endfacet
  facet normal -0.595851 -0.803095 0
    outer loop
      vertex 4.91402 -12.9325 5.99
      vertex 5.11107 -13.0787 20.99
      vertex 4.91402 -12.9325 20.99
    endloop
  endfacet
  facet normal -0.595851 -0.803095 -0
    outer loop
      vertex 5.11107 -13.0787 20.99
      vertex 4.91402 -12.9325 5.99
      vertex 5.11107 -13.0787 5.99
    endloop
  endfacet
  facet normal -0.998795 -0.0490836 0
    outer loop
      vertex 4.01204 -11.245 5.99
      vertex 4 -11 20.99
      vertex 4 -11 5.99
    endloop
  endfacet
  facet normal -0.998795 -0.0490836 0
    outer loop
      vertex 4 -11 20.99
      vertex 4.01204 -11.245 5.99
      vertex 4.01204 -11.245 20.99
    endloop
  endfacet
  facet normal -0.903987 0.427559 0
    outer loop
      vertex 4.1903 -10.0433 5.99
      vertex 4.2952 -9.82151 20.99
      vertex 4.2952 -9.82151 5.99
    endloop
  endfacet
  facet normal -0.903987 0.427559 0
    outer loop
      vertex 4.2952 -9.82151 20.99
      vertex 4.1903 -10.0433 5.99
      vertex 4.1903 -10.0433 20.99
    endloop
  endfacet
  facet normal 0.595851 -0.803095 0
    outer loop
      vertex 7.88893 -13.0787 5.99
      vertex 8.08598 -12.9325 20.99
      vertex 7.88893 -13.0787 20.99
    endloop
  endfacet
  facet normal 0.595851 -0.803095 0
    outer loop
      vertex 8.08598 -12.9325 20.99
      vertex 7.88893 -13.0787 5.99
      vertex 8.08598 -12.9325 5.99
    endloop
  endfacet
  facet normal 0.903995 -0.427543 0
    outer loop
      vertex 8.7048 -12.1785 20.99
      vertex 8.8097 -11.9567 5.99
      vertex 8.8097 -11.9567 20.99
    endloop
  endfacet
  facet normal 0.903995 -0.427543 0
    outer loop
      vertex 8.8097 -11.9567 5.99
      vertex 8.7048 -12.1785 20.99
      vertex 8.7048 -12.1785 5.99
    endloop
  endfacet
  facet normal 0.671414 -0.741083 0
    outer loop
      vertex 8.08598 -12.9325 5.99
      vertex 8.26777 -12.7678 20.99
      vertex 8.08598 -12.9325 20.99
    endloop
  endfacet
  facet normal 0.671414 -0.741083 0
    outer loop
      vertex 8.26777 -12.7678 20.99
      vertex 8.08598 -12.9325 5.99
      vertex 8.26777 -12.7678 5.99
    endloop
  endfacet
  facet normal 0.146732 0.989176 -0
    outer loop
      vertex 6.98773 -8.54804 5.99
      vertex 6.74504 -8.51204 20.99
      vertex 6.98773 -8.54804 20.99
    endloop
  endfacet
  facet normal 0.146732 0.989176 0
    outer loop
      vertex 6.74504 -8.51204 20.99
      vertex 6.98773 -8.54804 5.99
      vertex 6.74504 -8.51204 5.99
    endloop
  endfacet
  facet normal -0.998795 0.0490836 0
    outer loop
      vertex 4 -11 5.99
      vertex 4.01204 -10.755 20.99
      vertex 4.01204 -10.755 5.99
    endloop
  endfacet
  facet normal -0.998795 0.0490836 0
    outer loop
      vertex 4.01204 -10.755 20.99
      vertex 4 -11 5.99
      vertex 4 -11 20.99
    endloop
  endfacet
  facet normal -0.903995 -0.427543 0
    outer loop
      vertex 4.2952 -12.1785 5.99
      vertex 4.1903 -11.9567 20.99
      vertex 4.1903 -11.9567 5.99
    endloop
  endfacet
  facet normal -0.903995 -0.427543 0
    outer loop
      vertex 4.1903 -11.9567 20.99
      vertex 4.2952 -12.1785 5.99
      vertex 4.2952 -12.1785 20.99
    endloop
  endfacet
  facet normal 0 0 -1
    outer loop
      vertex 26.2952 -9.82151 20.99
      vertex 8.7048 -9.82151 20.99
      vertex 26.4213 -9.61107 20.99
    endloop
  endfacet
  facet normal 0 0 -1
    outer loop
      vertex 26.7322 9.23223 20.99
      vertex 8.98796 10.755 20.99
      vertex 9 11 20.99
    endloop
  endfacet
  facet normal 0 0 -1
    outer loop
      vertex 8.57867 -9.61107 20.99
      vertex 26.4213 -9.61107 20.99
      vertex 8.7048 -9.82151 20.99
    endloop
  endfacet
  facet normal 0 0 -1
    outer loop
      vertex 26.7322 9.23223 20.99
      vertex 8.95196 10.5123 20.99
      vertex 8.98796 10.755 20.99
    endloop
  endfacet
  facet normal 0 0 -1
    outer loop
      vertex 26.4213 -9.61107 20.99
      vertex 8.57867 -9.61107 20.99
      vertex 26.5675 -9.41402 20.99
    endloop
  endfacet
  facet normal 0 0 -1
    outer loop
      vertex 26.7322 9.23223 20.99
      vertex 8.89235 10.2743 20.99
      vertex 8.95196 10.5123 20.99
    endloop
  endfacet
  facet normal 0 0 -1
    outer loop
      vertex 8.43253 -9.41402 20.99
      vertex 26.5675 -9.41402 20.99
      vertex 8.57867 -9.61107 20.99
    endloop
  endfacet
  facet normal 0 0 -1
    outer loop
      vertex 26.7322 9.23223 20.99
      vertex 8.8097 10.0433 20.99
      vertex 8.89235 10.2743 20.99
    endloop
  endfacet
  facet normal 0 0 -1
    outer loop
      vertex 26.5675 -9.41402 20.99
      vertex 8.43253 -9.41402 20.99
      vertex 26.7322 -9.23223 20.99
    endloop
  endfacet
  facet normal 0 0 -1
    outer loop
      vertex 26.7322 9.23223 20.99
      vertex 8.7048 9.82151 20.99
      vertex 8.8097 10.0433 20.99
    endloop
  endfacet
  facet normal 0 0 -1
    outer loop
      vertex 8.26777 -9.23223 20.99
      vertex 26.7322 -9.23223 20.99
      vertex 8.43253 -9.41402 20.99
    endloop
  endfacet
  facet normal 0 0 -1
    outer loop
      vertex 26.7322 9.23223 20.99
      vertex 8.57867 9.61107 20.99
      vertex 8.7048 9.82151 20.99
    endloop
  endfacet
  facet normal 0 0 -1
    outer loop
      vertex 26.7322 -9.23223 20.99
      vertex 8.26777 -9.23223 20.99
      vertex 26.7322 9.23223 20.99
    endloop
  endfacet
  facet normal 0 0 -1
    outer loop
      vertex 26.7322 9.23223 20.99
      vertex 8.43253 9.41402 20.99
      vertex 8.57867 9.61107 20.99
    endloop
  endfacet
  facet normal 0 0 -1
    outer loop
      vertex 8.26777 9.23223 20.99
      vertex 26.7322 9.23223 20.99
      vertex 8.26777 -9.23223 20.99
    endloop
  endfacet
  facet normal 0 0 -1
    outer loop
      vertex 26.7322 9.23223 20.99
      vertex 8.26777 9.23223 20.99
      vertex 8.43253 9.41402 20.99
    endloop
  endfacet
  facet normal 0 0 -1
    outer loop
      vertex 8.08598 -9.06747 20.99
      vertex 8.26777 9.23223 20.99
      vertex 8.26777 -9.23223 20.99
    endloop
  endfacet
  facet normal 0 0 -1
    outer loop
      vertex 8.08598 -9.06747 20.99
      vertex 8.08598 9.06747 20.99
      vertex 8.26777 9.23223 20.99
    endloop
  endfacet
  facet normal 0 0 -1
    outer loop
      vertex 7.88893 -8.92133 20.99
      vertex 8.08598 9.06747 20.99
      vertex 8.08598 -9.06747 20.99
    endloop
  endfacet
  facet normal 0 0 -1
    outer loop
      vertex 7.88893 -8.92133 20.99
      vertex 7.88893 8.92133 20.99
      vertex 8.08598 9.06747 20.99
    endloop
  endfacet
  facet normal 0 0 -1
    outer loop
      vertex 7.67849 -8.7952 20.99
      vertex 7.88893 8.92133 20.99
      vertex 7.88893 -8.92133 20.99
    endloop
  endfacet
  facet normal 0 0 -1
    outer loop
      vertex 7.67849 -8.7952 20.99
      vertex 7.67849 8.7952 20.99
      vertex 7.88893 8.92133 20.99
    endloop
  endfacet
  facet normal 0 0 -1
    outer loop
      vertex 7.45671 -8.6903 20.99
      vertex 7.67849 8.7952 20.99
      vertex 7.67849 -8.7952 20.99
    endloop
  endfacet
  facet normal 0 0 -1
    outer loop
      vertex 7.45671 -8.6903 20.99
      vertex 7.45671 8.6903 20.99
      vertex 7.67849 8.7952 20.99
    endloop
  endfacet
  facet normal 0 0 -1
    outer loop
      vertex 7.22571 -8.60765 20.99
      vertex 7.45671 8.6903 20.99
      vertex 7.45671 -8.6903 20.99
    endloop
  endfacet
  facet normal 0 0 -1
    outer loop
      vertex 7.22571 -8.60765 20.99
      vertex 7.22571 8.60765 20.99
      vertex 7.45671 8.6903 20.99
    endloop
  endfacet
  facet normal 0 0 -1
    outer loop
      vertex 6.98773 -8.54804 20.99
      vertex 7.22571 8.60765 20.99
      vertex 7.22571 -8.60765 20.99
    endloop
  endfacet
  facet normal 0 0 -1
    outer loop
      vertex 6.98773 -8.54804 20.99
      vertex 6.98773 8.54804 20.99
      vertex 7.22571 8.60765 20.99
    endloop
  endfacet
  facet normal 0 0 -1
    outer loop
      vertex 6.74504 -8.51204 20.99
      vertex 6.98773 8.54804 20.99
      vertex 6.98773 -8.54804 20.99
    endloop
  endfacet
  facet normal 0 0 -1
    outer loop
      vertex 6.74504 -8.51204 20.99
      vertex 6.74504 8.51204 20.99
      vertex 6.98773 8.54804 20.99
    endloop
  endfacet
  facet normal 0 0 -1
    outer loop
      vertex 6.5 -8.5 20.99
      vertex 6.74504 8.51204 20.99
      vertex 6.74504 -8.51204 20.99
    endloop
  endfacet
  facet normal 0 0 -1
    outer loop
      vertex 6.5 -8.5 20.99
      vertex 6.5 8.5 20.99
      vertex 6.74504 8.51204 20.99
    endloop
  endfacet
  facet normal 0 0 -1
    outer loop
      vertex 6.25496 -8.51204 20.99
      vertex 6.5 8.5 20.99
      vertex 6.5 -8.5 20.99
    endloop
  endfacet
  facet normal 0 0 -1
    outer loop
      vertex 6.25496 -8.51204 20.99
      vertex 6.25496 8.51204 20.99
      vertex 6.5 8.5 20.99
    endloop
  endfacet
  facet normal 0 0 -1
    outer loop
      vertex 6.01227 -8.54804 20.99
      vertex 6.25496 8.51204 20.99
      vertex 6.25496 -8.51204 20.99
    endloop
  endfacet
  facet normal 0 0 -1
    outer loop
      vertex 6.01227 -8.54804 20.99
      vertex 6.01227 8.54804 20.99
      vertex 6.25496 8.51204 20.99
    endloop
  endfacet
  facet normal 0 0 -1
    outer loop
      vertex 5.77429 -8.60765 20.99
      vertex 6.01227 8.54804 20.99
      vertex 6.01227 -8.54804 20.99
    endloop
  endfacet
  facet normal 0 0 -1
    outer loop
      vertex 5.77429 -8.60765 20.99
      vertex 5.77429 8.60765 20.99
      vertex 6.01227 8.54804 20.99
    endloop
  endfacet
  facet normal 0 0 -1
    outer loop
      vertex 5.54329 -8.6903 20.99
      vertex 5.77429 8.60765 20.99
      vertex 5.77429 -8.60765 20.99
    endloop
  endfacet
  facet normal 0 0 -1
    outer loop
      vertex 5.54329 -8.6903 20.99
      vertex 5.54329 8.6903 20.99
      vertex 5.77429 8.60765 20.99
    endloop
  endfacet
  facet normal 0 0 -1
    outer loop
      vertex 5.32151 -8.7952 20.99
      vertex 5.54329 8.6903 20.99
      vertex 5.54329 -8.6903 20.99
    endloop
  endfacet
  facet normal 0 0 -1
    outer loop
      vertex 5.32151 -8.7952 20.99
      vertex 5.32151 8.7952 20.99
      vertex 5.54329 8.6903 20.99
    endloop
  endfacet
  facet normal 0 0 -1
    outer loop
      vertex 5.11107 -8.92133 20.99
      vertex 5.32151 8.7952 20.99
      vertex 5.32151 -8.7952 20.99
    endloop
  endfacet
  facet normal 0 0 -1
    outer loop
      vertex 5.11107 -8.92133 20.99
      vertex 5.11107 8.92133 20.99
      vertex 5.32151 8.7952 20.99
    endloop
  endfacet
  facet normal 0 0 -1
    outer loop
      vertex 4.91402 -9.06747 20.99
      vertex 5.11107 8.92133 20.99
      vertex 5.11107 -8.92133 20.99
    endloop
  endfacet
  facet normal 0 0 -1
    outer loop
      vertex 4.91402 -9.06747 20.99
      vertex 4.91402 9.06747 20.99
      vertex 5.11107 8.92133 20.99
    endloop
  endfacet
  facet normal 0 0 -1
    outer loop
      vertex 4.73223 -9.23223 20.99
      vertex 4.91402 9.06747 20.99
      vertex 4.91402 -9.06747 20.99
    endloop
  endfacet
  facet normal 0 0 -1
    outer loop
      vertex 4.73223 -9.23223 20.99
      vertex 4.73223 9.23223 20.99
      vertex 4.91402 9.06747 20.99
    endloop
  endfacet
  facet normal 0 0 -1
    outer loop
      vertex 4.56747 -9.41402 20.99
      vertex 4.73223 9.23223 20.99
      vertex 4.73223 -9.23223 20.99
    endloop
  endfacet
  facet normal 0 0 -1
    outer loop
      vertex 4.56747 -9.41402 20.99
      vertex 4.56747 9.41402 20.99
      vertex 4.73223 9.23223 20.99
    endloop
  endfacet
  facet normal 0 0 -1
    outer loop
      vertex 4.42133 -9.61107 20.99
      vertex 4.56747 9.41402 20.99
      vertex 4.56747 -9.41402 20.99
    endloop
  endfacet
  facet normal 0 0 -1
    outer loop
      vertex 4.42133 -9.61107 20.99
      vertex 4.42133 9.61107 20.99
      vertex 4.56747 9.41402 20.99
    endloop
  endfacet
  facet normal 0 0 -1
    outer loop
      vertex 4.2952 -9.82151 20.99
      vertex 4.42133 9.61107 20.99
      vertex 4.42133 -9.61107 20.99
    endloop
  endfacet
  facet normal 0 0 -1
    outer loop
      vertex 4.2952 -9.82151 20.99
      vertex 4.2952 9.82151 20.99
      vertex 4.42133 9.61107 20.99
    endloop
  endfacet
  facet normal 0 0 -1
    outer loop
      vertex 4.1903 -10.0433 20.99
      vertex 4.2952 9.82151 20.99
      vertex 4.2952 -9.82151 20.99
    endloop
  endfacet
  facet normal 0 0 -1
    outer loop
      vertex 4.1903 -10.0433 20.99
      vertex 4.1903 10.0433 20.99
      vertex 4.2952 9.82151 20.99
    endloop
  endfacet
  facet normal 0 0 -1
    outer loop
      vertex 2.5 -13 20.99
      vertex 4.1903 -10.0433 20.99
      vertex 4.10765 -10.2743 20.99
    endloop
  endfacet
  facet normal -0 0 -1
    outer loop
      vertex 4.1903 -10.0433 20.99
      vertex 2.5 -13 20.99
      vertex 4.1903 10.0433 20.99
    endloop
  endfacet
  facet normal 0 0 -1
    outer loop
      vertex 2.5 -13 20.99
      vertex 4.10765 -10.2743 20.99
      vertex 4.04804 -10.5123 20.99
    endloop
  endfacet
  facet normal 0 0 -1
    outer loop
      vertex 2.5 13 20.99
      vertex 4.1903 10.0433 20.99
      vertex 2.5 -13 20.99
    endloop
  endfacet
  facet normal 0 0 -1
    outer loop
      vertex 2.5 -13 20.99
      vertex 4.04804 -10.5123 20.99
      vertex 4.01204 -10.755 20.99
    endloop
  endfacet
  facet normal 0 0 -1
    outer loop
      vertex 4.1903 10.0433 20.99
      vertex 2.5 13 20.99
      vertex 4.10765 10.2743 20.99
    endloop
  endfacet
  facet normal 0 0 -1
    outer loop
      vertex 2.5 -13 20.99
      vertex 4.01204 -10.755 20.99
      vertex 4 -11 20.99
    endloop
  endfacet
  facet normal 0 0 -1
    outer loop
      vertex 4.10765 10.2743 20.99
      vertex 2.5 13 20.99
      vertex 4.04804 10.5123 20.99
    endloop
  endfacet
  facet normal 0 0 -1
    outer loop
      vertex 30.8923 -10.2743 20.99
      vertex 32.5 -13 20.99
      vertex 30.952 -10.5123 20.99
    endloop
  endfacet
  facet normal 0 0 -1
    outer loop
      vertex 32.5 13 20.99
      vertex 30.988 10.755 20.99
      vertex 31 11 20.99
    endloop
  endfacet
  facet normal 0 0 -1
    outer loop
      vertex 30.8097 -10.0433 20.99
      vertex 32.5 -13 20.99
      vertex 30.8923 -10.2743 20.99
    endloop
  endfacet
  facet normal 0 0 -1
    outer loop
      vertex 32.5 13 20.99
      vertex 30.952 10.5123 20.99
      vertex 30.988 10.755 20.99
    endloop
  endfacet
  facet normal 0 0 -1
    outer loop
      vertex 32.5 -13 20.99
      vertex 30.8097 -10.0433 20.99
      vertex 32.5 13 20.99
    endloop
  endfacet
  facet normal 0 0 -1
    outer loop
      vertex 32.5 13 20.99
      vertex 30.8923 10.2743 20.99
      vertex 30.952 10.5123 20.99
    endloop
  endfacet
  facet normal 0 0 -1
    outer loop
      vertex 30.8097 10.0433 20.99
      vertex 32.5 13 20.99
      vertex 30.8097 -10.0433 20.99
    endloop
  endfacet
  facet normal 0 0 -1
    outer loop
      vertex 32.5 13 20.99
      vertex 30.8097 10.0433 20.99
      vertex 30.8923 10.2743 20.99
    endloop
  endfacet
  facet normal 0 0 -1
    outer loop
      vertex 30.7048 -9.82151 20.99
      vertex 30.8097 10.0433 20.99
      vertex 30.8097 -10.0433 20.99
    endloop
  endfacet
  facet normal 0 0 -1
    outer loop
      vertex 30.7048 -9.82151 20.99
      vertex 30.7048 9.82151 20.99
      vertex 30.8097 10.0433 20.99
    endloop
  endfacet
  facet normal 0 0 -1
    outer loop
      vertex 30.5787 -9.61107 20.99
      vertex 30.7048 9.82151 20.99
      vertex 30.7048 -9.82151 20.99
    endloop
  endfacet
  facet normal 0 0 -1
    outer loop
      vertex 30.5787 -9.61107 20.99
      vertex 30.5787 9.61107 20.99
      vertex 30.7048 9.82151 20.99
    endloop
  endfacet
  facet normal 0 0 -1
    outer loop
      vertex 30.4325 -9.41402 20.99
      vertex 30.5787 9.61107 20.99
      vertex 30.5787 -9.61107 20.99
    endloop
  endfacet
  facet normal 0 0 -1
    outer loop
      vertex 30.4325 -9.41402 20.99
      vertex 30.4325 9.41402 20.99
      vertex 30.5787 9.61107 20.99
    endloop
  endfacet
  facet normal 0 0 -1
    outer loop
      vertex 30.2678 -9.23223 20.99
      vertex 30.4325 9.41402 20.99
      vertex 30.4325 -9.41402 20.99
    endloop
  endfacet
  facet normal 0 0 -1
    outer loop
      vertex 30.2678 -9.23223 20.99
      vertex 30.2678 9.23223 20.99
      vertex 30.4325 9.41402 20.99
    endloop
  endfacet
  facet normal 0 0 -1
    outer loop
      vertex 30.086 -9.06747 20.99
      vertex 30.2678 9.23223 20.99
      vertex 30.2678 -9.23223 20.99
    endloop
  endfacet
  facet normal 0 0 -1
    outer loop
      vertex 30.086 -9.06747 20.99
      vertex 30.086 9.06747 20.99
      vertex 30.2678 9.23223 20.99
    endloop
  endfacet
  facet normal 0 0 -1
    outer loop
      vertex 29.8889 -8.92133 20.99
      vertex 30.086 9.06747 20.99
      vertex 30.086 -9.06747 20.99
    endloop
  endfacet
  facet normal 0 0 -1
    outer loop
      vertex 29.8889 -8.92133 20.99
      vertex 29.8889 8.92133 20.99
      vertex 30.086 9.06747 20.99
    endloop
  endfacet
  facet normal 0 0 -1
    outer loop
      vertex 29.6785 -8.7952 20.99
      vertex 29.8889 8.92133 20.99
      vertex 29.8889 -8.92133 20.99
    endloop
  endfacet
  facet normal 0 0 -1
    outer loop
      vertex 29.6785 -8.7952 20.99
      vertex 29.6785 8.7952 20.99
      vertex 29.8889 8.92133 20.99
    endloop
  endfacet
  facet normal 0 0 -1
    outer loop
      vertex 29.4567 -8.6903 20.99
      vertex 29.6785 8.7952 20.99
      vertex 29.6785 -8.7952 20.99
    endloop
  endfacet
  facet normal 0 0 -1
    outer loop
      vertex 29.4567 -8.6903 20.99
      vertex 29.4567 8.6903 20.99
      vertex 29.6785 8.7952 20.99
    endloop
  endfacet
  facet normal 0 0 -1
    outer loop
      vertex 29.2257 -8.60765 20.99
      vertex 29.4567 8.6903 20.99
      vertex 29.4567 -8.6903 20.99
    endloop
  endfacet
  facet normal 0 0 -1
    outer loop
      vertex 29.2257 -8.60765 20.99
      vertex 29.2257 8.60765 20.99
      vertex 29.4567 8.6903 20.99
    endloop
  endfacet
  facet normal 0 0 -1
    outer loop
      vertex 28.9877 -8.54804 20.99
      vertex 29.2257 8.60765 20.99
      vertex 29.2257 -8.60765 20.99
    endloop
  endfacet
  facet normal 0 0 -1
    outer loop
      vertex 28.9877 -8.54804 20.99
      vertex 28.9877 8.54804 20.99
      vertex 29.2257 8.60765 20.99
    endloop
  endfacet
  facet normal 0 0 -1
    outer loop
      vertex 28.745 -8.51204 20.99
      vertex 28.9877 8.54804 20.99
      vertex 28.9877 -8.54804 20.99
    endloop
  endfacet
  facet normal 0 0 -1
    outer loop
      vertex 28.745 -8.51204 20.99
      vertex 28.745 8.51204 20.99
      vertex 28.9877 8.54804 20.99
    endloop
  endfacet
  facet normal 0 0 -1
    outer loop
      vertex 28.5 -8.5 20.99
      vertex 28.745 8.51204 20.99
      vertex 28.745 -8.51204 20.99
    endloop
  endfacet
  facet normal 0 0 -1
    outer loop
      vertex 28.5 -8.5 20.99
      vertex 28.5 8.5 20.99
      vertex 28.745 8.51204 20.99
    endloop
  endfacet
  facet normal 0 0 -1
    outer loop
      vertex 28.255 -8.51204 20.99
      vertex 28.5 8.5 20.99
      vertex 28.5 -8.5 20.99
    endloop
  endfacet
  facet normal 0 0 -1
    outer loop
      vertex 28.255 -8.51204 20.99
      vertex 28.255 8.51204 20.99
      vertex 28.5 8.5 20.99
    endloop
  endfacet
  facet normal 0 0 -1
    outer loop
      vertex 28.0123 -8.54804 20.99
      vertex 28.255 8.51204 20.99
      vertex 28.255 -8.51204 20.99
    endloop
  endfacet
  facet normal 0 0 -1
    outer loop
      vertex 28.0123 -8.54804 20.99
      vertex 28.0123 8.54804 20.99
      vertex 28.255 8.51204 20.99
    endloop
  endfacet
  facet normal 0 0 -1
    outer loop
      vertex 27.7743 -8.60765 20.99
      vertex 28.0123 8.54804 20.99
      vertex 28.0123 -8.54804 20.99
    endloop
  endfacet
  facet normal 0 0 -1
    outer loop
      vertex 27.7743 -8.60765 20.99
      vertex 27.7743 8.60765 20.99
      vertex 28.0123 8.54804 20.99
    endloop
  endfacet
  facet normal 0 0 -1
    outer loop
      vertex 27.5433 -8.6903 20.99
      vertex 27.7743 8.60765 20.99
      vertex 27.7743 -8.60765 20.99
    endloop
  endfacet
  facet normal 0 0 -1
    outer loop
      vertex 27.5433 -8.6903 20.99
      vertex 27.5433 8.6903 20.99
      vertex 27.7743 8.60765 20.99
    endloop
  endfacet
  facet normal 0 0 -1
    outer loop
      vertex 27.3215 -8.7952 20.99
      vertex 27.5433 8.6903 20.99
      vertex 27.5433 -8.6903 20.99
    endloop
  endfacet
  facet normal 0 0 -1
    outer loop
      vertex 27.3215 -8.7952 20.99
      vertex 27.3215 8.7952 20.99
      vertex 27.5433 8.6903 20.99
    endloop
  endfacet
  facet normal 0 0 -1
    outer loop
      vertex 27.1111 -8.92133 20.99
      vertex 27.3215 8.7952 20.99
      vertex 27.3215 -8.7952 20.99
    endloop
  endfacet
  facet normal 0 0 -1
    outer loop
      vertex 27.1111 -8.92133 20.99
      vertex 27.1111 8.92133 20.99
      vertex 27.3215 8.7952 20.99
    endloop
  endfacet
  facet normal 0 0 -1
    outer loop
      vertex 26.914 -9.06747 20.99
      vertex 27.1111 8.92133 20.99
      vertex 27.1111 -8.92133 20.99
    endloop
  endfacet
  facet normal 0 0 -1
    outer loop
      vertex 26.914 -9.06747 20.99
      vertex 26.914 9.06747 20.99
      vertex 27.1111 8.92133 20.99
    endloop
  endfacet
  facet normal 0 0 -1
    outer loop
      vertex 26.7322 -9.23223 20.99
      vertex 26.914 9.06747 20.99
      vertex 26.914 -9.06747 20.99
    endloop
  endfacet
  facet normal 0 0 -1
    outer loop
      vertex 26.7322 -9.23223 20.99
      vertex 26.7322 9.23223 20.99
      vertex 26.914 9.06747 20.99
    endloop
  endfacet
  facet normal 0 0 -1
    outer loop
      vertex 8.8097 -10.0433 20.99
      vertex 26.1903 -10.0433 20.99
      vertex 8.89235 -10.2743 20.99
    endloop
  endfacet
  facet normal 0 0 -1
    outer loop
      vertex 26.1903 -10.0433 20.99
      vertex 8.8097 -10.0433 20.99
      vertex 26.2952 -9.82151 20.99
    endloop
  endfacet
  facet normal 0 0 -1
    outer loop
      vertex 26.1076 -10.2743 20.99
      vertex 8.89235 -10.2743 20.99
      vertex 26.1903 -10.0433 20.99
    endloop
  endfacet
  facet normal 0 0 -1
    outer loop
      vertex 8.7048 -9.82151 20.99
      vertex 26.2952 -9.82151 20.99
      vertex 8.8097 -10.0433 20.99
    endloop
  endfacet
  facet normal 0 0 -1
    outer loop
      vertex 8.89235 -10.2743 20.99
      vertex 26.1076 -10.2743 20.99
      vertex 8.95196 -10.5123 20.99
    endloop
  endfacet
  facet normal 0 0 -1
    outer loop
      vertex 26.7322 9.23223 20.99
      vertex 9 11 20.99
      vertex 26.5675 9.41402 20.99
    endloop
  endfacet
  facet normal 0 0 -1
    outer loop
      vertex 26.048 -10.5123 20.99
      vertex 8.95196 -10.5123 20.99
      vertex 26.1076 -10.2743 20.99
    endloop
  endfacet
  facet normal 0 0 -1
    outer loop
      vertex 26.5675 9.41402 20.99
      vertex 9 11 20.99
      vertex 26.4213 9.61107 20.99
    endloop
  endfacet
  facet normal 0 0 -1
    outer loop
      vertex 8.95196 -10.5123 20.99
      vertex 26.048 -10.5123 20.99
      vertex 8.98796 -10.755 20.99
    endloop
  endfacet
  facet normal 0 0 -1
    outer loop
      vertex 26.4213 9.61107 20.99
      vertex 9 11 20.99
      vertex 26.2952 9.82151 20.99
    endloop
  endfacet
  facet normal 0 0 -1
    outer loop
      vertex 26.012 -10.755 20.99
      vertex 8.98796 -10.755 20.99
      vertex 26.048 -10.5123 20.99
    endloop
  endfacet
  facet normal 0 0 -1
    outer loop
      vertex 26.2952 9.82151 20.99
      vertex 9 11 20.99
      vertex 26.1903 10.0433 20.99
    endloop
  endfacet
  facet normal 0 0 -1
    outer loop
      vertex 8.98796 -10.755 20.99
      vertex 26.012 -10.755 20.99
      vertex 9 -11 20.99
    endloop
  endfacet
  facet normal 0 0 -1
    outer loop
      vertex 26.1903 10.0433 20.99
      vertex 9 11 20.99
      vertex 26.1076 10.2743 20.99
    endloop
  endfacet
  facet normal 0 0 -1
    outer loop
      vertex 9 -11 20.99
      vertex 26.012 -10.755 20.99
      vertex 26 -11 20.99
    endloop
  endfacet
  facet normal 0 0 -1
    outer loop
      vertex 26.1076 10.2743 20.99
      vertex 9 11 20.99
      vertex 26.048 10.5123 20.99
    endloop
  endfacet
  facet normal 0 0 -1
    outer loop
      vertex 30.5787 -12.3889 20.99
      vertex 32.5 -13 20.99
      vertex 32.4904 -13.196 20.99
    endloop
  endfacet
  facet normal 0 0 -1
    outer loop
      vertex 30.988 -10.755 20.99
      vertex 32.5 -13 20.99
      vertex 31 -11 20.99
    endloop
  endfacet
  facet normal 0 0 -1
    outer loop
      vertex 30.5787 -12.3889 20.99
      vertex 32.4904 -13.196 20.99
      vertex 32.4616 -13.3902 20.99
    endloop
  endfacet
  facet normal 0 0 -1
    outer loop
      vertex 30.952 -10.5123 20.99
      vertex 32.5 -13 20.99
      vertex 30.988 -10.755 20.99
    endloop
  endfacet
  facet normal 0 0 -1
    outer loop
      vertex 30.4325 -12.586 20.99
      vertex 32.4616 -13.3902 20.99
      vertex 32.4139 -13.5806 20.99
    endloop
  endfacet
  facet normal 0 0 -1
    outer loop
      vertex 30.988 11.245 20.99
      vertex 32.5 13 20.99
      vertex 31 11 20.99
    endloop
  endfacet
  facet normal 0 0 -1
    outer loop
      vertex 30.4325 -12.586 20.99
      vertex 32.4139 -13.5806 20.99
      vertex 32.3478 -13.7654 20.99
    endloop
  endfacet
  facet normal 0 0 -1
    outer loop
      vertex 30.952 11.4877 20.99
      vertex 32.5 13 20.99
      vertex 30.988 11.245 20.99
    endloop
  endfacet
  facet normal 0 0 -1
    outer loop
      vertex 30.4325 -12.586 20.99
      vertex 32.3478 -13.7654 20.99
      vertex 32.2638 -13.9428 20.99
    endloop
  endfacet
  facet normal 0 0 -1
    outer loop
      vertex 30.8923 11.7257 20.99
      vertex 32.5 13 20.99
      vertex 30.952 11.4877 20.99
    endloop
  endfacet
  facet normal 0 0 -1
    outer loop
      vertex 30.4325 -12.586 20.99
      vertex 32.2638 -13.9428 20.99
      vertex 32.1629 -14.1111 20.99
    endloop
  endfacet
  facet normal 0 0 -1
    outer loop
      vertex 30.8097 11.9567 20.99
      vertex 32.5 13 20.99
      vertex 30.8923 11.7257 20.99
    endloop
  endfacet
  facet normal 0 0 -1
    outer loop
      vertex 30.2678 -12.7678 20.99
      vertex 32.1629 -14.1111 20.99
      vertex 32.046 -14.2688 20.99
    endloop
  endfacet
  facet normal 0 0 -1
    outer loop
      vertex 30.7048 12.1785 20.99
      vertex 32.5 13 20.99
      vertex 30.8097 11.9567 20.99
    endloop
  endfacet
  facet normal 0 0 -1
    outer loop
      vertex 30.2678 -12.7678 20.99
      vertex 32.046 -14.2688 20.99
      vertex 31.9142 -14.4142 20.99
    endloop
  endfacet
  facet normal 0 0 -1
    outer loop
      vertex 30.5787 12.3889 20.99
      vertex 32.5 13 20.99
      vertex 30.7048 12.1785 20.99
    endloop
  endfacet
  facet normal 0 0 -1
    outer loop
      vertex 30.2678 -12.7678 20.99
      vertex 31.9142 -14.4142 20.99
      vertex 31.7688 -14.546 20.99
    endloop
  endfacet
  facet normal -0 0 -1
    outer loop
      vertex 32.5 13 20.99
      vertex 30.5787 12.3889 20.99
      vertex 32.4904 13.196 20.99
    endloop
  endfacet
  facet normal 0 0 -1
    outer loop
      vertex 30.2678 -12.7678 20.99
      vertex 31.7688 -14.546 20.99
      vertex 31.6111 -14.6629 20.99
    endloop
  endfacet
  facet normal -0 0 -1
    outer loop
      vertex 32.4904 13.196 20.99
      vertex 30.5787 12.3889 20.99
      vertex 32.4616 13.3902 20.99
    endloop
  endfacet
  facet normal 0 0 -1
    outer loop
      vertex 30.086 -12.9325 20.99
      vertex 31.6111 -14.6629 20.99
      vertex 31.4428 -14.7638 20.99
    endloop
  endfacet
  facet normal 0 0 -1
    outer loop
      vertex 30.4325 12.586 20.99
      vertex 32.4616 13.3902 20.99
      vertex 30.5787 12.3889 20.99
    endloop
  endfacet
  facet normal 0 0 -1
    outer loop
      vertex 30.086 -12.9325 20.99
      vertex 31.4428 -14.7638 20.99
      vertex 31.2654 -14.8478 20.99
    endloop
  endfacet
  facet normal -0 0 -1
    outer loop
      vertex 32.4616 13.3902 20.99
      vertex 30.4325 12.586 20.99
      vertex 32.4139 13.5806 20.99
    endloop
  endfacet
  facet normal 0 0 -1
    outer loop
      vertex 30.086 -12.9325 20.99
      vertex 31.2654 -14.8478 20.99
      vertex 31.0806 -14.9139 20.99
    endloop
  endfacet
  facet normal -0 0 -1
    outer loop
      vertex 32.4139 13.5806 20.99
      vertex 30.4325 12.586 20.99
      vertex 32.3478 13.7654 20.99
    endloop
  endfacet
  facet normal -0 0 -1
    outer loop
      vertex 32.3478 13.7654 20.99
      vertex 30.4325 12.586 20.99
      vertex 32.2638 13.9428 20.99
    endloop
  endfacet
  facet normal 0 0 -1
    outer loop
      vertex 32.5 -13 20.99
      vertex 30.988 -11.245 20.99
      vertex 31 -11 20.99
    endloop
  endfacet
  facet normal 0 0 -1
    outer loop
      vertex 32.5 -13 20.99
      vertex 30.952 -11.4877 20.99
      vertex 30.988 -11.245 20.99
    endloop
  endfacet
  facet normal 0 0 -1
    outer loop
      vertex 32.5 -13 20.99
      vertex 30.8923 -11.7257 20.99
      vertex 30.952 -11.4877 20.99
    endloop
  endfacet
  facet normal 0 0 -1
    outer loop
      vertex 30.086 -12.9325 20.99
      vertex 31.0806 -14.9139 20.99
      vertex 30.8902 -14.9616 20.99
    endloop
  endfacet
  facet normal 0 0 -1
    outer loop
      vertex 32.5 -13 20.99
      vertex 30.8097 -11.9567 20.99
      vertex 30.8923 -11.7257 20.99
    endloop
  endfacet
  facet normal 0 0 -1
    outer loop
      vertex 32.5 -13 20.99
      vertex 30.7048 -12.1785 20.99
      vertex 30.8097 -11.9567 20.99
    endloop
  endfacet
  facet normal 0 0 -1
    outer loop
      vertex 30.086 -12.9325 20.99
      vertex 30.8902 -14.9616 20.99
      vertex 30.696 -14.9904 20.99
    endloop
  endfacet
  facet normal 0 0 -1
    outer loop
      vertex 32.5 -13 20.99
      vertex 30.5787 -12.3889 20.99
      vertex 30.7048 -12.1785 20.99
    endloop
  endfacet
  facet normal 0 0 -1
    outer loop
      vertex 29.8889 -13.0787 20.99
      vertex 30.696 -14.9904 20.99
      vertex 30.5 -15 20.99
    endloop
  endfacet
  facet normal 0 0 -1
    outer loop
      vertex 32.4616 -13.3902 20.99
      vertex 30.4325 -12.586 20.99
      vertex 30.5787 -12.3889 20.99
    endloop
  endfacet
  facet normal 0 0 -1
    outer loop
      vertex 32.1629 -14.1111 20.99
      vertex 30.2678 -12.7678 20.99
      vertex 30.4325 -12.586 20.99
    endloop
  endfacet
  facet normal 0 0 -1
    outer loop
      vertex 31.6111 -14.6629 20.99
      vertex 30.086 -12.9325 20.99
      vertex 30.2678 -12.7678 20.99
    endloop
  endfacet
  facet normal 0 0 -1
    outer loop
      vertex 30.696 -14.9904 20.99
      vertex 29.8889 -13.0787 20.99
      vertex 30.086 -12.9325 20.99
    endloop
  endfacet
  facet normal 0 0 -1
    outer loop
      vertex 30.5 -15 20.99
      vertex 29.6785 -13.2048 20.99
      vertex 29.8889 -13.0787 20.99
    endloop
  endfacet
  facet normal 0 0 -1
    outer loop
      vertex 30.5 -15 20.99
      vertex 29.4567 -13.3097 20.99
      vertex 29.6785 -13.2048 20.99
    endloop
  endfacet
  facet normal 0 0 -1
    outer loop
      vertex 30.5 -15 20.99
      vertex 29.2257 -13.3924 20.99
      vertex 29.4567 -13.3097 20.99
    endloop
  endfacet
  facet normal 0 0 -1
    outer loop
      vertex 30.5 -15 20.99
      vertex 28.9877 -13.452 20.99
      vertex 29.2257 -13.3924 20.99
    endloop
  endfacet
  facet normal 0 0 -1
    outer loop
      vertex 30.5 -15 20.99
      vertex 28.745 -13.488 20.99
      vertex 28.9877 -13.452 20.99
    endloop
  endfacet
  facet normal 0 0 -1
    outer loop
      vertex 30.5 -15 20.99
      vertex 28.5 -13.5 20.99
      vertex 28.745 -13.488 20.99
    endloop
  endfacet
  facet normal 0 0 -1
    outer loop
      vertex 30.5 -15 20.99
      vertex 28.255 -13.488 20.99
      vertex 28.5 -13.5 20.99
    endloop
  endfacet
  facet normal 0 0 -1
    outer loop
      vertex 30.5 -15 20.99
      vertex 28.0123 -13.452 20.99
      vertex 28.255 -13.488 20.99
    endloop
  endfacet
  facet normal 0 0 -1
    outer loop
      vertex 30.5 -15 20.99
      vertex 27.7743 -13.3924 20.99
      vertex 28.0123 -13.452 20.99
    endloop
  endfacet
  facet normal 0 0 -1
    outer loop
      vertex 30.5 -15 20.99
      vertex 27.5433 -13.3097 20.99
      vertex 27.7743 -13.3924 20.99
    endloop
  endfacet
  facet normal 0 0 -1
    outer loop
      vertex 30.5 -15 20.99
      vertex 27.3215 -13.2048 20.99
      vertex 27.5433 -13.3097 20.99
    endloop
  endfacet
  facet normal 0 0 -1
    outer loop
      vertex 26.048 10.5123 20.99
      vertex 9 11 20.99
      vertex 26.012 10.755 20.99
    endloop
  endfacet
  facet normal 0 0 -1
    outer loop
      vertex 26.012 -11.245 20.99
      vertex 9 -11 20.99
      vertex 26 -11 20.99
    endloop
  endfacet
  facet normal 0 0 -1
    outer loop
      vertex 8.98796 -11.245 20.99
      vertex 26.012 -11.245 20.99
      vertex 26.048 -11.4877 20.99
    endloop
  endfacet
  facet normal 0 0 -1
    outer loop
      vertex 8.95196 -11.4877 20.99
      vertex 26.048 -11.4877 20.99
      vertex 26.1076 -11.7257 20.99
    endloop
  endfacet
  facet normal 0 0 -1
    outer loop
      vertex 8.89235 -11.7257 20.99
      vertex 26.1076 -11.7257 20.99
      vertex 26.1903 -11.9567 20.99
    endloop
  endfacet
  facet normal 0 0 -1
    outer loop
      vertex 8.8097 -11.9567 20.99
      vertex 26.1903 -11.9567 20.99
      vertex 26.2952 -12.1785 20.99
    endloop
  endfacet
  facet normal 0 0 -1
    outer loop
      vertex 8.7048 -12.1785 20.99
      vertex 26.2952 -12.1785 20.99
      vertex 26.4213 -12.3889 20.99
    endloop
  endfacet
  facet normal 0 0 -1
    outer loop
      vertex 8.57867 -12.3889 20.99
      vertex 26.4213 -12.3889 20.99
      vertex 26.5675 -12.586 20.99
    endloop
  endfacet
  facet normal 0 0 -1
    outer loop
      vertex 8.43253 -12.586 20.99
      vertex 26.5675 -12.586 20.99
      vertex 26.7322 -12.7678 20.99
    endloop
  endfacet
  facet normal 0 0 -1
    outer loop
      vertex 8.26777 -12.7678 20.99
      vertex 26.7322 -12.7678 20.99
      vertex 26.914 -12.9325 20.99
    endloop
  endfacet
  facet normal 0 0 -1
    outer loop
      vertex 8.08598 -12.9325 20.99
      vertex 26.914 -12.9325 20.99
      vertex 27.1111 -13.0787 20.99
    endloop
  endfacet
  facet normal 0 0 -1
    outer loop
      vertex 7.88893 -13.0787 20.99
      vertex 27.1111 -13.0787 20.99
      vertex 27.3215 -13.2048 20.99
    endloop
  endfacet
  facet normal 0 0 -1
    outer loop
      vertex 7.67849 -13.2048 20.99
      vertex 27.3215 -13.2048 20.99
      vertex 30.5 -15 20.99
    endloop
  endfacet
  facet normal 0 0 -1
    outer loop
      vertex 26.012 -11.245 20.99
      vertex 8.98796 -11.245 20.99
      vertex 9 -11 20.99
    endloop
  endfacet
  facet normal 0 0 -1
    outer loop
      vertex 26.048 -11.4877 20.99
      vertex 8.95196 -11.4877 20.99
      vertex 8.98796 -11.245 20.99
    endloop
  endfacet
  facet normal 0 0 -1
    outer loop
      vertex 26.1076 -11.7257 20.99
      vertex 8.89235 -11.7257 20.99
      vertex 8.95196 -11.4877 20.99
    endloop
  endfacet
  facet normal 0 0 -1
    outer loop
      vertex 26.1903 -11.9567 20.99
      vertex 8.8097 -11.9567 20.99
      vertex 8.89235 -11.7257 20.99
    endloop
  endfacet
  facet normal 0 0 -1
    outer loop
      vertex 26.2952 -12.1785 20.99
      vertex 8.7048 -12.1785 20.99
      vertex 8.8097 -11.9567 20.99
    endloop
  endfacet
  facet normal 0 0 -1
    outer loop
      vertex 26.4213 -12.3889 20.99
      vertex 8.57867 -12.3889 20.99
      vertex 8.7048 -12.1785 20.99
    endloop
  endfacet
  facet normal 0 0 -1
    outer loop
      vertex 26.5675 -12.586 20.99
      vertex 8.43253 -12.586 20.99
      vertex 8.57867 -12.3889 20.99
    endloop
  endfacet
  facet normal 0 0 -1
    outer loop
      vertex 26.7322 -12.7678 20.99
      vertex 8.26777 -12.7678 20.99
      vertex 8.43253 -12.586 20.99
    endloop
  endfacet
  facet normal 0 0 -1
    outer loop
      vertex 26.914 -12.9325 20.99
      vertex 8.08598 -12.9325 20.99
      vertex 8.26777 -12.7678 20.99
    endloop
  endfacet
  facet normal 0 0 -1
    outer loop
      vertex 27.1111 -13.0787 20.99
      vertex 7.88893 -13.0787 20.99
      vertex 8.08598 -12.9325 20.99
    endloop
  endfacet
  facet normal 0 0 -1
    outer loop
      vertex 27.3215 -13.2048 20.99
      vertex 7.67849 -13.2048 20.99
      vertex 7.88893 -13.0787 20.99
    endloop
  endfacet
  facet normal 0 0 -1
    outer loop
      vertex 30.5 -15 20.99
      vertex 7.45671 -13.3097 20.99
      vertex 7.67849 -13.2048 20.99
    endloop
  endfacet
  facet normal 0 0 -1
    outer loop
      vertex 4.5 -15 20.99
      vertex 7.45671 -13.3097 20.99
      vertex 30.5 -15 20.99
    endloop
  endfacet
  facet normal 0 0 -1
    outer loop
      vertex 7.45671 -13.3097 20.99
      vertex 4.5 -15 20.99
      vertex 7.22571 -13.3924 20.99
    endloop
  endfacet
  facet normal 0 0 -1
    outer loop
      vertex 7.22571 -13.3924 20.99
      vertex 4.5 -15 20.99
      vertex 6.98773 -13.452 20.99
    endloop
  endfacet
  facet normal 0 0 -1
    outer loop
      vertex 6.98773 -13.452 20.99
      vertex 4.5 -15 20.99
      vertex 6.74504 -13.488 20.99
    endloop
  endfacet
  facet normal 0 0 -1
    outer loop
      vertex 6.74504 -13.488 20.99
      vertex 4.5 -15 20.99
      vertex 6.5 -13.5 20.99
    endloop
  endfacet
  facet normal -0 0 -1
    outer loop
      vertex 6.5 -13.5 20.99
      vertex 4.5 -15 20.99
      vertex 6.25496 -13.488 20.99
    endloop
  endfacet
  facet normal 0 0 -1
    outer loop
      vertex 4.5 -15 20.99
      vertex 6.01227 -13.452 20.99
      vertex 6.25496 -13.488 20.99
    endloop
  endfacet
  facet normal 0 0 -1
    outer loop
      vertex 4.5 -15 20.99
      vertex 5.77429 -13.3924 20.99
      vertex 6.01227 -13.452 20.99
    endloop
  endfacet
  facet normal 0 0 -1
    outer loop
      vertex 4.5 -15 20.99
      vertex 5.54329 -13.3097 20.99
      vertex 5.77429 -13.3924 20.99
    endloop
  endfacet
  facet normal 0 0 -1
    outer loop
      vertex 4.5 -15 20.99
      vertex 5.32151 -13.2048 20.99
      vertex 5.54329 -13.3097 20.99
    endloop
  endfacet
  facet normal 0 0 -1
    outer loop
      vertex 4.5 -15 20.99
      vertex 5.11107 -13.0787 20.99
      vertex 5.32151 -13.2048 20.99
    endloop
  endfacet
  facet normal 0 0 -1
    outer loop
      vertex 4.30397 -14.9904 20.99
      vertex 5.11107 -13.0787 20.99
      vertex 4.5 -15 20.99
    endloop
  endfacet
  facet normal -0 0 -1
    outer loop
      vertex 5.11107 -13.0787 20.99
      vertex 4.30397 -14.9904 20.99
      vertex 4.91402 -12.9325 20.99
    endloop
  endfacet
  facet normal 0 0 -1
    outer loop
      vertex 4.10982 -14.9616 20.99
      vertex 4.91402 -12.9325 20.99
      vertex 4.30397 -14.9904 20.99
    endloop
  endfacet
  facet normal 0 0 -1
    outer loop
      vertex 3.91943 -14.9139 20.99
      vertex 4.91402 -12.9325 20.99
      vertex 4.10982 -14.9616 20.99
    endloop
  endfacet
  facet normal 0 0 -1
    outer loop
      vertex 3.73463 -14.8478 20.99
      vertex 4.91402 -12.9325 20.99
      vertex 3.91943 -14.9139 20.99
    endloop
  endfacet
  facet normal 0 0 -1
    outer loop
      vertex 3.55721 -14.7638 20.99
      vertex 4.91402 -12.9325 20.99
      vertex 3.73463 -14.8478 20.99
    endloop
  endfacet
  facet normal 0 0 -1
    outer loop
      vertex 3.38886 -14.6629 20.99
      vertex 4.91402 -12.9325 20.99
      vertex 3.55721 -14.7638 20.99
    endloop
  endfacet
  facet normal -0 0 -1
    outer loop
      vertex 4.91402 -12.9325 20.99
      vertex 3.38886 -14.6629 20.99
      vertex 4.73223 -12.7678 20.99
    endloop
  endfacet
  facet normal 0 0 -1
    outer loop
      vertex 3.23121 -14.546 20.99
      vertex 4.73223 -12.7678 20.99
      vertex 3.38886 -14.6629 20.99
    endloop
  endfacet
  facet normal 0 0 -1
    outer loop
      vertex 3.08579 -14.4142 20.99
      vertex 4.73223 -12.7678 20.99
      vertex 3.23121 -14.546 20.99
    endloop
  endfacet
  facet normal 0 0 -1
    outer loop
      vertex 2.95398 -14.2688 20.99
      vertex 4.73223 -12.7678 20.99
      vertex 3.08579 -14.4142 20.99
    endloop
  endfacet
  facet normal 0 0 -1
    outer loop
      vertex 2.83706 -14.1111 20.99
      vertex 4.73223 -12.7678 20.99
      vertex 2.95398 -14.2688 20.99
    endloop
  endfacet
  facet normal -0 0 -1
    outer loop
      vertex 4.01204 -11.245 20.99
      vertex 2.5 -13 20.99
      vertex 4 -11 20.99
    endloop
  endfacet
  facet normal -0 0 -1
    outer loop
      vertex 4.73223 -12.7678 20.99
      vertex 2.83706 -14.1111 20.99
      vertex 4.56747 -12.586 20.99
    endloop
  endfacet
  facet normal -0 0 -1
    outer loop
      vertex 32.2638 13.9428 20.99
      vertex 30.4325 12.586 20.99
      vertex 32.1629 14.1111 20.99
    endloop
  endfacet
  facet normal 0 0 -1
    outer loop
      vertex 30.2678 12.7678 20.99
      vertex 32.1629 14.1111 20.99
      vertex 30.4325 12.586 20.99
    endloop
  endfacet
  facet normal -0 0 -1
    outer loop
      vertex 32.1629 14.1111 20.99
      vertex 30.2678 12.7678 20.99
      vertex 32.046 14.2688 20.99
    endloop
  endfacet
  facet normal -0 0 -1
    outer loop
      vertex 32.046 14.2688 20.99
      vertex 30.2678 12.7678 20.99
      vertex 31.9142 14.4142 20.99
    endloop
  endfacet
  facet normal -0 0 -1
    outer loop
      vertex 31.9142 14.4142 20.99
      vertex 30.2678 12.7678 20.99
      vertex 31.7688 14.546 20.99
    endloop
  endfacet
  facet normal -0 0 -1
    outer loop
      vertex 31.7688 14.546 20.99
      vertex 30.2678 12.7678 20.99
      vertex 31.6111 14.6629 20.99
    endloop
  endfacet
  facet normal 0 0 -1
    outer loop
      vertex 30.086 12.9325 20.99
      vertex 31.6111 14.6629 20.99
      vertex 30.2678 12.7678 20.99
    endloop
  endfacet
  facet normal -0 0 -1
    outer loop
      vertex 31.6111 14.6629 20.99
      vertex 30.086 12.9325 20.99
      vertex 31.4428 14.7638 20.99
    endloop
  endfacet
  facet normal -0 0 -1
    outer loop
      vertex 31.4428 14.7638 20.99
      vertex 30.086 12.9325 20.99
      vertex 31.2654 14.8478 20.99
    endloop
  endfacet
  facet normal -0 0 -1
    outer loop
      vertex 31.2654 14.8478 20.99
      vertex 30.086 12.9325 20.99
      vertex 31.0806 14.9139 20.99
    endloop
  endfacet
  facet normal -0 0 -1
    outer loop
      vertex 31.0806 14.9139 20.99
      vertex 30.086 12.9325 20.99
      vertex 30.8902 14.9616 20.99
    endloop
  endfacet
  facet normal -0 0 -1
    outer loop
      vertex 30.8902 14.9616 20.99
      vertex 30.086 12.9325 20.99
      vertex 30.696 14.9904 20.99
    endloop
  endfacet
  facet normal 0 0 -1
    outer loop
      vertex 29.8889 13.0787 20.99
      vertex 30.696 14.9904 20.99
      vertex 30.086 12.9325 20.99
    endloop
  endfacet
  facet normal -0 0 -1
    outer loop
      vertex 30.696 14.9904 20.99
      vertex 29.8889 13.0787 20.99
      vertex 30.5 15 20.99
    endloop
  endfacet
  facet normal 0 0 -1
    outer loop
      vertex 29.6785 13.2048 20.99
      vertex 30.5 15 20.99
      vertex 29.8889 13.0787 20.99
    endloop
  endfacet
  facet normal 0 0 -1
    outer loop
      vertex 29.4567 13.3097 20.99
      vertex 30.5 15 20.99
      vertex 29.6785 13.2048 20.99
    endloop
  endfacet
  facet normal 0 0 -1
    outer loop
      vertex 29.2257 13.3924 20.99
      vertex 30.5 15 20.99
      vertex 29.4567 13.3097 20.99
    endloop
  endfacet
  facet normal 0 0 -1
    outer loop
      vertex 28.9877 13.452 20.99
      vertex 30.5 15 20.99
      vertex 29.2257 13.3924 20.99
    endloop
  endfacet
  facet normal 0 0 -1
    outer loop
      vertex 28.745 13.488 20.99
      vertex 30.5 15 20.99
      vertex 28.9877 13.452 20.99
    endloop
  endfacet
  facet normal 0 0 -1
    outer loop
      vertex 28.5 13.5 20.99
      vertex 30.5 15 20.99
      vertex 28.745 13.488 20.99
    endloop
  endfacet
  facet normal 0 0 -1
    outer loop
      vertex 28.255 13.488 20.99
      vertex 30.5 15 20.99
      vertex 28.5 13.5 20.99
    endloop
  endfacet
  facet normal 0 0 -1
    outer loop
      vertex 28.0123 13.452 20.99
      vertex 30.5 15 20.99
      vertex 28.255 13.488 20.99
    endloop
  endfacet
  facet normal 0 0 -1
    outer loop
      vertex 27.7743 13.3924 20.99
      vertex 30.5 15 20.99
      vertex 28.0123 13.452 20.99
    endloop
  endfacet
  facet normal 0 0 -1
    outer loop
      vertex 27.5433 13.3097 20.99
      vertex 30.5 15 20.99
      vertex 27.7743 13.3924 20.99
    endloop
  endfacet
  facet normal 0 0 -1
    outer loop
      vertex 27.3215 13.2048 20.99
      vertex 30.5 15 20.99
      vertex 27.5433 13.3097 20.99
    endloop
  endfacet
  facet normal 0 0 -1
    outer loop
      vertex 26.012 10.755 20.99
      vertex 9 11 20.99
      vertex 26 11 20.99
    endloop
  endfacet
  facet normal 0 0 -1
    outer loop
      vertex 26 11 20.99
      vertex 9 11 20.99
      vertex 26.012 11.245 20.99
    endloop
  endfacet
  facet normal 0 0 -1
    outer loop
      vertex 8.98796 11.245 20.99
      vertex 26.012 11.245 20.99
      vertex 9 11 20.99
    endloop
  endfacet
  facet normal 0 0 -1
    outer loop
      vertex 26.012 11.245 20.99
      vertex 8.98796 11.245 20.99
      vertex 26.048 11.4877 20.99
    endloop
  endfacet
  facet normal 0 0 -1
    outer loop
      vertex 8.95196 11.4877 20.99
      vertex 26.048 11.4877 20.99
      vertex 8.98796 11.245 20.99
    endloop
  endfacet
  facet normal 0 0 -1
    outer loop
      vertex 26.048 11.4877 20.99
      vertex 8.95196 11.4877 20.99
      vertex 26.1076 11.7257 20.99
    endloop
  endfacet
  facet normal 0 0 -1
    outer loop
      vertex 8.89235 11.7257 20.99
      vertex 26.1076 11.7257 20.99
      vertex 8.95196 11.4877 20.99
    endloop
  endfacet
  facet normal 0 0 -1
    outer loop
      vertex 26.1076 11.7257 20.99
      vertex 8.89235 11.7257 20.99
      vertex 26.1903 11.9567 20.99
    endloop
  endfacet
  facet normal 0 0 -1
    outer loop
      vertex 8.8097 11.9567 20.99
      vertex 26.1903 11.9567 20.99
      vertex 8.89235 11.7257 20.99
    endloop
  endfacet
  facet normal 0 0 -1
    outer loop
      vertex 26.1903 11.9567 20.99
      vertex 8.8097 11.9567 20.99
      vertex 26.2952 12.1785 20.99
    endloop
  endfacet
  facet normal 0 0 -1
    outer loop
      vertex 8.7048 12.1785 20.99
      vertex 26.2952 12.1785 20.99
      vertex 8.8097 11.9567 20.99
    endloop
  endfacet
  facet normal 0 0 -1
    outer loop
      vertex 26.2952 12.1785 20.99
      vertex 8.7048 12.1785 20.99
      vertex 26.4213 12.3889 20.99
    endloop
  endfacet
  facet normal 0 0 -1
    outer loop
      vertex 8.57867 12.3889 20.99
      vertex 26.4213 12.3889 20.99
      vertex 8.7048 12.1785 20.99
    endloop
  endfacet
  facet normal 0 0 -1
    outer loop
      vertex 26.4213 12.3889 20.99
      vertex 8.57867 12.3889 20.99
      vertex 26.5675 12.586 20.99
    endloop
  endfacet
  facet normal 0 0 -1
    outer loop
      vertex 8.43253 12.586 20.99
      vertex 26.5675 12.586 20.99
      vertex 8.57867 12.3889 20.99
    endloop
  endfacet
  facet normal 0 0 -1
    outer loop
      vertex 26.5675 12.586 20.99
      vertex 8.43253 12.586 20.99
      vertex 26.7322 12.7678 20.99
    endloop
  endfacet
  facet normal 0 0 -1
    outer loop
      vertex 8.26777 12.7678 20.99
      vertex 26.7322 12.7678 20.99
      vertex 8.43253 12.586 20.99
    endloop
  endfacet
  facet normal 0 0 -1
    outer loop
      vertex 26.7322 12.7678 20.99
      vertex 8.26777 12.7678 20.99
      vertex 26.914 12.9325 20.99
    endloop
  endfacet
  facet normal 0 0 -1
    outer loop
      vertex 8.08598 12.9325 20.99
      vertex 26.914 12.9325 20.99
      vertex 8.26777 12.7678 20.99
    endloop
  endfacet
  facet normal 0 0 -1
    outer loop
      vertex 26.914 12.9325 20.99
      vertex 8.08598 12.9325 20.99
      vertex 27.1111 13.0787 20.99
    endloop
  endfacet
  facet normal 0 0 -1
    outer loop
      vertex 7.88893 13.0787 20.99
      vertex 27.1111 13.0787 20.99
      vertex 8.08598 12.9325 20.99
    endloop
  endfacet
  facet normal 0 0 -1
    outer loop
      vertex 27.1111 13.0787 20.99
      vertex 7.88893 13.0787 20.99
      vertex 27.3215 13.2048 20.99
    endloop
  endfacet
  facet normal 0 0 -1
    outer loop
      vertex 7.67849 13.2048 20.99
      vertex 27.3215 13.2048 20.99
      vertex 7.88893 13.0787 20.99
    endloop
  endfacet
  facet normal 0 0 -1
    outer loop
      vertex 27.3215 13.2048 20.99
      vertex 7.67849 13.2048 20.99
      vertex 30.5 15 20.99
    endloop
  endfacet
  facet normal 0 0 -1
    outer loop
      vertex 7.45671 13.3097 20.99
      vertex 30.5 15 20.99
      vertex 7.67849 13.2048 20.99
    endloop
  endfacet
  facet normal 0 0 -1
    outer loop
      vertex 4.5 15 20.99
      vertex 7.45671 13.3097 20.99
      vertex 7.22571 13.3924 20.99
    endloop
  endfacet
  facet normal 0 0 -1
    outer loop
      vertex 4.5 15 20.99
      vertex 7.22571 13.3924 20.99
      vertex 6.98773 13.452 20.99
    endloop
  endfacet
  facet normal 0 0 -1
    outer loop
      vertex 4.5 15 20.99
      vertex 6.98773 13.452 20.99
      vertex 6.74504 13.488 20.99
    endloop
  endfacet
  facet normal 0 0 -1
    outer loop
      vertex 4.5 15 20.99
      vertex 6.74504 13.488 20.99
      vertex 6.5 13.5 20.99
    endloop
  endfacet
  facet normal 0 0 -1
    outer loop
      vertex 4.5 15 20.99
      vertex 6.5 13.5 20.99
      vertex 6.25496 13.488 20.99
    endloop
  endfacet
  facet normal 0 0 -1
    outer loop
      vertex 7.45671 13.3097 20.99
      vertex 4.5 15 20.99
      vertex 30.5 15 20.99
    endloop
  endfacet
  facet normal 0 0 -1
    outer loop
      vertex 6.01227 13.452 20.99
      vertex 4.5 15 20.99
      vertex 6.25496 13.488 20.99
    endloop
  endfacet
  facet normal 0 0 -1
    outer loop
      vertex 5.77429 13.3924 20.99
      vertex 4.5 15 20.99
      vertex 6.01227 13.452 20.99
    endloop
  endfacet
  facet normal 0 0 -1
    outer loop
      vertex 5.54329 13.3097 20.99
      vertex 4.5 15 20.99
      vertex 5.77429 13.3924 20.99
    endloop
  endfacet
  facet normal 0 0 -1
    outer loop
      vertex 5.32151 13.2048 20.99
      vertex 4.5 15 20.99
      vertex 5.54329 13.3097 20.99
    endloop
  endfacet
  facet normal 0 0 -1
    outer loop
      vertex 5.11107 13.0787 20.99
      vertex 4.5 15 20.99
      vertex 5.32151 13.2048 20.99
    endloop
  endfacet
  facet normal 0 0 -1
    outer loop
      vertex 4.30397 14.9904 20.99
      vertex 5.11107 13.0787 20.99
      vertex 4.91402 12.9325 20.99
    endloop
  endfacet
  facet normal 0 0 -1
    outer loop
      vertex 3.38886 14.6629 20.99
      vertex 4.91402 12.9325 20.99
      vertex 4.73223 12.7678 20.99
    endloop
  endfacet
  facet normal 0 0 -1
    outer loop
      vertex 2.83706 14.1111 20.99
      vertex 4.73223 12.7678 20.99
      vertex 4.56747 12.586 20.99
    endloop
  endfacet
  facet normal 0 0 -1
    outer loop
      vertex 2.53843 13.3902 20.99
      vertex 4.56747 12.586 20.99
      vertex 4.42133 12.3889 20.99
    endloop
  endfacet
  facet normal 0 0 -1
    outer loop
      vertex 5.11107 13.0787 20.99
      vertex 4.30397 14.9904 20.99
      vertex 4.5 15 20.99
    endloop
  endfacet
  facet normal 0 0 -1
    outer loop
      vertex 2.5 13 20.99
      vertex 4.42133 12.3889 20.99
      vertex 4.2952 12.1785 20.99
    endloop
  endfacet
  facet normal 0 0 -1
    outer loop
      vertex 2.5 13 20.99
      vertex 4.2952 12.1785 20.99
      vertex 4.1903 11.9567 20.99
    endloop
  endfacet
  facet normal 0 0 -1
    outer loop
      vertex 4.91402 12.9325 20.99
      vertex 4.10982 14.9616 20.99
      vertex 4.30397 14.9904 20.99
    endloop
  endfacet
  facet normal 0 0 -1
    outer loop
      vertex 2.5 13 20.99
      vertex 4.1903 11.9567 20.99
      vertex 4.10765 11.7257 20.99
    endloop
  endfacet
  facet normal 0 0 -1
    outer loop
      vertex 2.5 13 20.99
      vertex 4.10765 11.7257 20.99
      vertex 4.04804 11.4877 20.99
    endloop
  endfacet
  facet normal 0 0 -1
    outer loop
      vertex 2.5 13 20.99
      vertex 4.04804 11.4877 20.99
      vertex 4.01204 11.245 20.99
    endloop
  endfacet
  facet normal 0 0 -1
    outer loop
      vertex 2.5 13 20.99
      vertex 4.01204 11.245 20.99
      vertex 4 11 20.99
    endloop
  endfacet
  facet normal 0 0 -1
    outer loop
      vertex 4.42133 12.3889 20.99
      vertex 2.5 13 20.99
      vertex 2.50963 13.196 20.99
    endloop
  endfacet
  facet normal 0 0 -1
    outer loop
      vertex 4.04804 10.5123 20.99
      vertex 2.5 13 20.99
      vertex 4.01204 10.755 20.99
    endloop
  endfacet
  facet normal 0 0 -1
    outer loop
      vertex 2.73616 -13.9428 20.99
      vertex 4.56747 -12.586 20.99
      vertex 2.83706 -14.1111 20.99
    endloop
  endfacet
  facet normal 0 0 -1
    outer loop
      vertex 4.01204 10.755 20.99
      vertex 2.5 13 20.99
      vertex 4 11 20.99
    endloop
  endfacet
  facet normal 0 0 -1
    outer loop
      vertex 2.65224 -13.7654 20.99
      vertex 4.56747 -12.586 20.99
      vertex 2.73616 -13.9428 20.99
    endloop
  endfacet
  facet normal 0 0 -1
    outer loop
      vertex 4.91402 12.9325 20.99
      vertex 3.91943 14.9139 20.99
      vertex 4.10982 14.9616 20.99
    endloop
  endfacet
  facet normal 0 0 -1
    outer loop
      vertex 2.58612 -13.5806 20.99
      vertex 4.56747 -12.586 20.99
      vertex 2.65224 -13.7654 20.99
    endloop
  endfacet
  facet normal 0 0 -1
    outer loop
      vertex 4.91402 12.9325 20.99
      vertex 3.73463 14.8478 20.99
      vertex 3.91943 14.9139 20.99
    endloop
  endfacet
  facet normal 0 0 -1
    outer loop
      vertex 2.53843 -13.3902 20.99
      vertex 4.56747 -12.586 20.99
      vertex 2.58612 -13.5806 20.99
    endloop
  endfacet
  facet normal 0 0 -1
    outer loop
      vertex 4.91402 12.9325 20.99
      vertex 3.55721 14.7638 20.99
      vertex 3.73463 14.8478 20.99
    endloop
  endfacet
  facet normal -0 0 -1
    outer loop
      vertex 4.56747 -12.586 20.99
      vertex 2.53843 -13.3902 20.99
      vertex 4.42133 -12.3889 20.99
    endloop
  endfacet
  facet normal 0 0 -1
    outer loop
      vertex 4.91402 12.9325 20.99
      vertex 3.38886 14.6629 20.99
      vertex 3.55721 14.7638 20.99
    endloop
  endfacet
  facet normal 0 0 -1
    outer loop
      vertex 2.50963 -13.196 20.99
      vertex 4.42133 -12.3889 20.99
      vertex 2.53843 -13.3902 20.99
    endloop
  endfacet
  facet normal 0 0 -1
    outer loop
      vertex 4.73223 12.7678 20.99
      vertex 3.23121 14.546 20.99
      vertex 3.38886 14.6629 20.99
    endloop
  endfacet
  facet normal 0 0 -1
    outer loop
      vertex 2.5 -13 20.99
      vertex 4.42133 -12.3889 20.99
      vertex 2.50963 -13.196 20.99
    endloop
  endfacet
  facet normal 0 0 -1
    outer loop
      vertex 4.73223 12.7678 20.99
      vertex 3.08579 14.4142 20.99
      vertex 3.23121 14.546 20.99
    endloop
  endfacet
  facet normal -0 0 -1
    outer loop
      vertex 4.42133 -12.3889 20.99
      vertex 2.5 -13 20.99
      vertex 4.2952 -12.1785 20.99
    endloop
  endfacet
  facet normal 0 0 -1
    outer loop
      vertex 4.73223 12.7678 20.99
      vertex 2.95398 14.2688 20.99
      vertex 3.08579 14.4142 20.99
    endloop
  endfacet
  facet normal -0 0 -1
    outer loop
      vertex 4.2952 -12.1785 20.99
      vertex 2.5 -13 20.99
      vertex 4.1903 -11.9567 20.99
    endloop
  endfacet
  facet normal 0 0 -1
    outer loop
      vertex 4.73223 12.7678 20.99
      vertex 2.83706 14.1111 20.99
      vertex 2.95398 14.2688 20.99
    endloop
  endfacet
  facet normal -0 0 -1
    outer loop
      vertex 4.1903 -11.9567 20.99
      vertex 2.5 -13 20.99
      vertex 4.10765 -11.7257 20.99
    endloop
  endfacet
  facet normal 0 0 -1
    outer loop
      vertex 4.56747 12.586 20.99
      vertex 2.73616 13.9428 20.99
      vertex 2.83706 14.1111 20.99
    endloop
  endfacet
  facet normal -0 0 -1
    outer loop
      vertex 4.10765 -11.7257 20.99
      vertex 2.5 -13 20.99
      vertex 4.04804 -11.4877 20.99
    endloop
  endfacet
  facet normal 0 0 -1
    outer loop
      vertex 4.56747 12.586 20.99
      vertex 2.65224 13.7654 20.99
      vertex 2.73616 13.9428 20.99
    endloop
  endfacet
  facet normal -0 0 -1
    outer loop
      vertex 4.04804 -11.4877 20.99
      vertex 2.5 -13 20.99
      vertex 4.01204 -11.245 20.99
    endloop
  endfacet
  facet normal 0 0 -1
    outer loop
      vertex 4.56747 12.586 20.99
      vertex 2.58612 13.5806 20.99
      vertex 2.65224 13.7654 20.99
    endloop
  endfacet
  facet normal 0 0 -1
    outer loop
      vertex 4.56747 12.586 20.99
      vertex 2.53843 13.3902 20.99
      vertex 2.58612 13.5806 20.99
    endloop
  endfacet
  facet normal 0 0 -1
    outer loop
      vertex 4.42133 12.3889 20.99
      vertex 2.50963 13.196 20.99
      vertex 2.53843 13.3902 20.99
    endloop
  endfacet
  facet normal 0.989177 0.146726 0
    outer loop
      vertex 8.98796 11.245 20.99
      vertex 8.95196 11.4877 5.99
      vertex 8.95196 11.4877 20.99
    endloop
  endfacet
  facet normal 0.989177 0.146726 0
    outer loop
      vertex 8.95196 11.4877 5.99
      vertex 8.98796 11.245 20.99
      vertex 8.98796 11.245 5.99
    endloop
  endfacet
  facet normal 0.998795 0.0490836 0
    outer loop
      vertex 9 11 20.99
      vertex 8.98796 11.245 5.99
      vertex 8.98796 11.245 20.99
    endloop
  endfacet
  facet normal 0.998795 0.0490836 0
    outer loop
      vertex 8.98796 11.245 5.99
      vertex 9 11 20.99
      vertex 9 11 5.99
    endloop
  endfacet
  facet normal 0.970037 0.242958 0
    outer loop
      vertex 8.95196 11.4877 20.99
      vertex 8.89235 11.7257 5.99
      vertex 8.89235 11.7257 20.99
    endloop
  endfacet
  facet normal 0.970037 0.242958 0
    outer loop
      vertex 8.89235 11.7257 5.99
      vertex 8.95196 11.4877 20.99
      vertex 8.95196 11.4877 5.99
    endloop
  endfacet
  facet normal 0.146732 0.989176 -0
    outer loop
      vertex 6.98773 13.452 5.99
      vertex 6.74504 13.488 20.99
      vertex 6.98773 13.452 20.99
    endloop
  endfacet
  facet normal 0.146732 0.989176 0
    outer loop
      vertex 6.74504 13.488 20.99
      vertex 6.98773 13.452 5.99
      vertex 6.74504 13.488 5.99
    endloop
  endfacet
  facet normal 0.0490756 -0.998795 0
    outer loop
      vertex 6.5 8.5 5.99
      vertex 6.74504 8.51204 20.99
      vertex 6.5 8.5 20.99
    endloop
  endfacet
  facet normal 0.0490756 -0.998795 0
    outer loop
      vertex 6.74504 8.51204 20.99
      vertex 6.5 8.5 5.99
      vertex 6.74504 8.51204 5.99
    endloop
  endfacet
  facet normal 0.989177 -0.146726 0
    outer loop
      vertex 8.95196 10.5123 20.99
      vertex 8.98796 10.755 5.99
      vertex 8.98796 10.755 20.99
    endloop
  endfacet
  facet normal 0.989177 -0.146726 0
    outer loop
      vertex 8.98796 10.755 5.99
      vertex 8.95196 10.5123 20.99
      vertex 8.95196 10.5123 5.99
    endloop
  endfacet
  facet normal 0.146732 -0.989176 0
    outer loop
      vertex 6.74504 8.51204 5.99
      vertex 6.98773 8.54804 20.99
      vertex 6.74504 8.51204 20.99
    endloop
  endfacet
  facet normal 0.146732 -0.989176 0
    outer loop
      vertex 6.98773 8.54804 20.99
      vertex 6.74504 8.51204 5.99
      vertex 6.98773 8.54804 5.99
    endloop
  endfacet
  facet normal 0.857691 0.514166 0
    outer loop
      vertex 8.7048 12.1785 20.99
      vertex 8.57867 12.3889 5.99
      vertex 8.57867 12.3889 20.99
    endloop
  endfacet
  facet normal 0.857691 0.514166 0
    outer loop
      vertex 8.57867 12.3889 5.99
      vertex 8.7048 12.1785 20.99
      vertex 8.7048 12.1785 5.99
    endloop
  endfacet
  facet normal -0.0490756 -0.998795 0
    outer loop
      vertex 6.25496 8.51204 5.99
      vertex 6.5 8.5 20.99
      vertex 6.25496 8.51204 20.99
    endloop
  endfacet
  facet normal -0.0490756 -0.998795 -0
    outer loop
      vertex 6.5 8.5 20.99
      vertex 6.25496 8.51204 5.99
      vertex 6.5 8.5 5.99
    endloop
  endfacet
  facet normal 0.903995 0.427543 0
    outer loop
      vertex 8.8097 11.9567 20.99
      vertex 8.7048 12.1785 5.99
      vertex 8.7048 12.1785 20.99
    endloop
  endfacet
  facet normal 0.903995 0.427543 0
    outer loop
      vertex 8.7048 12.1785 5.99
      vertex 8.8097 11.9567 20.99
      vertex 8.8097 11.9567 5.99
    endloop
  endfacet
  facet normal -0.970037 -0.242958 0
    outer loop
      vertex 4.10765 10.2743 5.99
      vertex 4.04804 10.5123 20.99
      vertex 4.04804 10.5123 5.99
    endloop
  endfacet
  facet normal -0.970037 -0.242958 0
    outer loop
      vertex 4.04804 10.5123 20.99
      vertex 4.10765 10.2743 5.99
      vertex 4.10765 10.2743 20.99
    endloop
  endfacet
  facet normal -0.427575 0.90398 0
    outer loop
      vertex 5.54329 13.3097 5.99
      vertex 5.32151 13.2048 20.99
      vertex 5.54329 13.3097 20.99
    endloop
  endfacet
  facet normal -0.427575 0.90398 0
    outer loop
      vertex 5.32151 13.2048 20.99
      vertex 5.54329 13.3097 5.99
      vertex 5.32151 13.2048 5.99
    endloop
  endfacet
  facet normal -0.595693 -0.803212 0
    outer loop
      vertex 4.91402 9.06747 5.99
      vertex 5.11107 8.92133 20.99
      vertex 4.91402 9.06747 20.99
    endloop
  endfacet
  facet normal -0.595693 -0.803212 -0
    outer loop
      vertex 5.11107 8.92133 20.99
      vertex 4.91402 9.06747 5.99
      vertex 5.11107 8.92133 5.99
    endloop
  endfacet
  facet normal -0.989177 0.146726 0
    outer loop
      vertex 4.01204 11.245 5.99
      vertex 4.04804 11.4877 20.99
      vertex 4.04804 11.4877 5.99
    endloop
  endfacet
  facet normal -0.989177 0.146726 0
    outer loop
      vertex 4.04804 11.4877 20.99
      vertex 4.01204 11.245 5.99
      vertex 4.01204 11.245 20.99
    endloop
  endfacet
  facet normal -0.242938 0.970042 0
    outer loop
      vertex 6.01227 13.452 5.99
      vertex 5.77429 13.3924 20.99
      vertex 6.01227 13.452 20.99
    endloop
  endfacet
  facet normal -0.242938 0.970042 0
    outer loop
      vertex 5.77429 13.3924 20.99
      vertex 6.01227 13.452 5.99
      vertex 5.77429 13.3924 5.99
    endloop
  endfacet
  facet normal -0.740979 0.671528 0
    outer loop
      vertex 4.56747 12.586 5.99
      vertex 4.73223 12.7678 20.99
      vertex 4.73223 12.7678 5.99
    endloop
  endfacet
  facet normal -0.740979 0.671528 0
    outer loop
      vertex 4.73223 12.7678 20.99
      vertex 4.56747 12.586 5.99
      vertex 4.56747 12.586 20.99
    endloop
  endfacet
  facet normal 0.998795 -0.0490836 0
    outer loop
      vertex 8.98796 10.755 20.99
      vertex 9 11 5.99
      vertex 9 11 20.99
    endloop
  endfacet
  facet normal 0.998795 -0.0490836 0
    outer loop
      vertex 9 11 5.99
      vertex 8.98796 10.755 20.99
      vertex 8.98796 10.755 5.99
    endloop
  endfacet
  facet normal -0.857691 0.514166 0
    outer loop
      vertex 4.2952 12.1785 5.99
      vertex 4.42133 12.3889 20.99
      vertex 4.42133 12.3889 5.99
    endloop
  endfacet
  facet normal -0.857691 0.514166 0
    outer loop
      vertex 4.42133 12.3889 20.99
      vertex 4.2952 12.1785 5.99
      vertex 4.2952 12.1785 20.99
    endloop
  endfacet
  facet normal 0.970037 -0.242958 0
    outer loop
      vertex 8.89235 10.2743 20.99
      vertex 8.95196 10.5123 5.99
      vertex 8.95196 10.5123 20.99
    endloop
  endfacet
  facet normal 0.970037 -0.242958 0
    outer loop
      vertex 8.95196 10.5123 5.99
      vertex 8.89235 10.2743 20.99
      vertex 8.89235 10.2743 5.99
    endloop
  endfacet
  facet normal 0.803284 0.595596 0
    outer loop
      vertex 8.57867 12.3889 20.99
      vertex 8.43253 12.586 5.99
      vertex 8.43253 12.586 20.99
    endloop
  endfacet
  facet normal 0.803284 0.595596 0
    outer loop
      vertex 8.43253 12.586 5.99
      vertex 8.57867 12.3889 20.99
      vertex 8.57867 12.3889 5.99
    endloop
  endfacet
  facet normal 0.427575 -0.90398 0
    outer loop
      vertex 7.45671 8.6903 5.99
      vertex 7.67849 8.7952 20.99
      vertex 7.45671 8.6903 20.99
    endloop
  endfacet
  facet normal 0.427575 -0.90398 0
    outer loop
      vertex 7.67849 8.7952 20.99
      vertex 7.45671 8.6903 5.99
      vertex 7.67849 8.7952 5.99
    endloop
  endfacet
  facet normal -0.803284 0.595596 0
    outer loop
      vertex 4.42133 12.3889 5.99
      vertex 4.56747 12.586 20.99
      vertex 4.56747 12.586 5.99
    endloop
  endfacet
  facet normal -0.803284 0.595596 0
    outer loop
      vertex 4.56747 12.586 20.99
      vertex 4.42133 12.3889 5.99
      vertex 4.42133 12.3889 20.99
    endloop
  endfacet
  facet normal -0.998795 -0.0490836 0
    outer loop
      vertex 4.01204 10.755 5.99
      vertex 4 11 20.99
      vertex 4 11 5.99
    endloop
  endfacet
  facet normal -0.998795 -0.0490836 0
    outer loop
      vertex 4 11 20.99
      vertex 4.01204 10.755 5.99
      vertex 4.01204 10.755 20.99
    endloop
  endfacet
  facet normal -0.514094 -0.857734 0
    outer loop
      vertex 5.11107 8.92133 5.99
      vertex 5.32151 8.7952 20.99
      vertex 5.11107 8.92133 20.99
    endloop
  endfacet
  facet normal -0.514094 -0.857734 -0
    outer loop
      vertex 5.32151 8.7952 20.99
      vertex 5.11107 8.92133 5.99
      vertex 5.32151 8.7952 5.99
    endloop
  endfacet
  facet normal 0.337059 0.941483 -0
    outer loop
      vertex 7.45671 13.3097 5.99
      vertex 7.22571 13.3924 20.99
      vertex 7.45671 13.3097 20.99
    endloop
  endfacet
  facet normal 0.337059 0.941483 0
    outer loop
      vertex 7.22571 13.3924 20.99
      vertex 7.45671 13.3097 5.99
      vertex 7.22571 13.3924 5.99
    endloop
  endfacet
  facet normal 0.740979 0.671528 0
    outer loop
      vertex 8.43253 12.586 20.99
      vertex 8.26777 12.7678 5.99
      vertex 8.26777 12.7678 20.99
    endloop
  endfacet
  facet normal 0.740979 0.671528 0
    outer loop
      vertex 8.26777 12.7678 5.99
      vertex 8.43253 12.586 20.99
      vertex 8.43253 12.586 5.99
    endloop
  endfacet
  facet normal -0.941548 -0.336879 0
    outer loop
      vertex 4.1903 10.0433 5.99
      vertex 4.10765 10.2743 20.99
      vertex 4.10765 10.2743 5.99
    endloop
  endfacet
  facet normal -0.941548 -0.336879 0
    outer loop
      vertex 4.10765 10.2743 20.99
      vertex 4.1903 10.0433 5.99
      vertex 4.1903 10.0433 20.99
    endloop
  endfacet
  facet normal -0.671548 -0.740961 0
    outer loop
      vertex 4.73223 9.23223 5.99
      vertex 4.91402 9.06747 20.99
      vertex 4.73223 9.23223 20.99
    endloop
  endfacet
  facet normal -0.671548 -0.740961 -0
    outer loop
      vertex 4.91402 9.06747 20.99
      vertex 4.73223 9.23223 5.99
      vertex 4.91402 9.06747 5.99
    endloop
  endfacet
  facet normal -0.146732 0.989176 0
    outer loop
      vertex 6.25496 13.488 5.99
      vertex 6.01227 13.452 20.99
      vertex 6.25496 13.488 20.99
    endloop
  endfacet
  facet normal -0.146732 0.989176 0
    outer loop
      vertex 6.01227 13.452 20.99
      vertex 6.25496 13.488 5.99
      vertex 6.01227 13.452 5.99
    endloop
  endfacet
  facet normal -0.048913 0.998803 0
    outer loop
      vertex 6.5 13.5 5.99
      vertex 6.25496 13.488 20.99
      vertex 6.5 13.5 20.99
    endloop
  endfacet
  facet normal -0.048913 0.998803 0
    outer loop
      vertex 6.25496 13.488 20.99
      vertex 6.5 13.5 5.99
      vertex 6.25496 13.488 5.99
    endloop
  endfacet
  facet normal 0.740961 -0.671548 0
    outer loop
      vertex 8.26777 9.23223 20.99
      vertex 8.43253 9.41402 5.99
      vertex 8.43253 9.41402 20.99
    endloop
  endfacet
  facet normal 0.740961 -0.671548 0
    outer loop
      vertex 8.43253 9.41402 5.99
      vertex 8.26777 9.23223 20.99
      vertex 8.26777 9.23223 5.99
    endloop
  endfacet
  facet normal 0.671414 0.741083 -0
    outer loop
      vertex 8.26777 12.7678 5.99
      vertex 8.08598 12.9325 20.99
      vertex 8.26777 12.7678 20.99
    endloop
  endfacet
  facet normal 0.671414 0.741083 0
    outer loop
      vertex 8.08598 12.9325 20.99
      vertex 8.26777 12.7678 5.99
      vertex 8.08598 12.9325 5.99
    endloop
  endfacet
  facet normal 0.595851 0.803095 -0
    outer loop
      vertex 8.08598 12.9325 5.99
      vertex 7.88893 13.0787 20.99
      vertex 8.08598 12.9325 20.99
    endloop
  endfacet
  facet normal 0.595851 0.803095 0
    outer loop
      vertex 7.88893 13.0787 20.99
      vertex 8.08598 12.9325 5.99
      vertex 7.88893 13.0787 5.99
    endloop
  endfacet
  facet normal 0.941548 -0.336879 0
    outer loop
      vertex 8.8097 10.0433 20.99
      vertex 8.89235 10.2743 5.99
      vertex 8.89235 10.2743 20.99
    endloop
  endfacet
  facet normal 0.941548 -0.336879 0
    outer loop
      vertex 8.89235 10.2743 5.99
      vertex 8.8097 10.0433 20.99
      vertex 8.8097 10.0433 5.99
    endloop
  endfacet
  facet normal -0.989177 -0.146726 0
    outer loop
      vertex 4.04804 10.5123 5.99
      vertex 4.01204 10.755 20.99
      vertex 4.01204 10.755 5.99
    endloop
  endfacet
  facet normal -0.989177 -0.146726 0
    outer loop
      vertex 4.01204 10.755 20.99
      vertex 4.04804 10.5123 5.99
      vertex 4.04804 10.5123 20.99
    endloop
  endfacet
  facet normal -0.146732 -0.989176 0
    outer loop
      vertex 6.01227 8.54804 5.99
      vertex 6.25496 8.51204 20.99
      vertex 6.01227 8.54804 20.99
    endloop
  endfacet
  facet normal -0.146732 -0.989176 -0
    outer loop
      vertex 6.25496 8.51204 20.99
      vertex 6.01227 8.54804 5.99
      vertex 6.25496 8.51204 5.99
    endloop
  endfacet
  facet normal 0.514004 0.857788 -0
    outer loop
      vertex 7.88893 13.0787 5.99
      vertex 7.67849 13.2048 20.99
      vertex 7.88893 13.0787 20.99
    endloop
  endfacet
  facet normal 0.514004 0.857788 0
    outer loop
      vertex 7.67849 13.2048 20.99
      vertex 7.88893 13.0787 5.99
      vertex 7.67849 13.2048 5.99
    endloop
  endfacet
  facet normal 0.857734 -0.514094 0
    outer loop
      vertex 8.57867 9.61107 20.99
      vertex 8.7048 9.82151 5.99
      vertex 8.7048 9.82151 20.99
    endloop
  endfacet
  facet normal 0.857734 -0.514094 0
    outer loop
      vertex 8.7048 9.82151 5.99
      vertex 8.57867 9.61107 20.99
      vertex 8.57867 9.61107 5.99
    endloop
  endfacet
  facet normal 0.941548 0.336879 0
    outer loop
      vertex 8.89235 11.7257 20.99
      vertex 8.8097 11.9567 5.99
      vertex 8.8097 11.9567 20.99
    endloop
  endfacet
  facet normal 0.941548 0.336879 0
    outer loop
      vertex 8.8097 11.9567 5.99
      vertex 8.89235 11.7257 20.99
      vertex 8.89235 11.7257 5.99
    endloop
  endfacet
  facet normal 0.903987 -0.427559 0
    outer loop
      vertex 8.7048 9.82151 20.99
      vertex 8.8097 10.0433 5.99
      vertex 8.8097 10.0433 20.99
    endloop
  endfacet
  facet normal 0.903987 -0.427559 0
    outer loop
      vertex 8.8097 10.0433 5.99
      vertex 8.7048 9.82151 20.99
      vertex 8.7048 9.82151 5.99
    endloop
  endfacet
  facet normal 0.242977 -0.970032 0
    outer loop
      vertex 6.98773 8.54804 5.99
      vertex 7.22571 8.60765 20.99
      vertex 6.98773 8.54804 20.99
    endloop
  endfacet
  facet normal 0.242977 -0.970032 0
    outer loop
      vertex 7.22571 8.60765 20.99
      vertex 6.98773 8.54804 5.99
      vertex 7.22571 8.60765 5.99
    endloop
  endfacet
  facet normal 0.048913 0.998803 -0
    outer loop
      vertex 6.74504 13.488 5.99
      vertex 6.5 13.5 20.99
      vertex 6.74504 13.488 20.99
    endloop
  endfacet
  facet normal 0.048913 0.998803 0
    outer loop
      vertex 6.5 13.5 20.99
      vertex 6.74504 13.488 5.99
      vertex 6.5 13.5 5.99
    endloop
  endfacet
  facet normal -0.595851 0.803095 0
    outer loop
      vertex 5.11107 13.0787 5.99
      vertex 4.91402 12.9325 20.99
      vertex 5.11107 13.0787 20.99
    endloop
  endfacet
  facet normal -0.595851 0.803095 0
    outer loop
      vertex 4.91402 12.9325 20.99
      vertex 5.11107 13.0787 5.99
      vertex 4.91402 12.9325 5.99
    endloop
  endfacet
  facet normal 0.427575 0.90398 -0
    outer loop
      vertex 7.67849 13.2048 5.99
      vertex 7.45671 13.3097 20.99
      vertex 7.67849 13.2048 20.99
    endloop
  endfacet
  facet normal 0.427575 0.90398 0
    outer loop
      vertex 7.45671 13.3097 20.99
      vertex 7.67849 13.2048 5.99
      vertex 7.45671 13.3097 5.99
    endloop
  endfacet
  facet normal -0.941548 0.336879 0
    outer loop
      vertex 4.10765 11.7257 5.99
      vertex 4.1903 11.9567 20.99
      vertex 4.1903 11.9567 5.99
    endloop
  endfacet
  facet normal -0.941548 0.336879 0
    outer loop
      vertex 4.1903 11.9567 20.99
      vertex 4.10765 11.7257 5.99
      vertex 4.10765 11.7257 20.99
    endloop
  endfacet
  facet normal -0.671414 0.741083 0
    outer loop
      vertex 4.91402 12.9325 5.99
      vertex 4.73223 12.7678 20.99
      vertex 4.91402 12.9325 20.99
    endloop
  endfacet
  facet normal -0.671414 0.741083 0
    outer loop
      vertex 4.73223 12.7678 20.99
      vertex 4.91402 12.9325 5.99
      vertex 4.73223 12.7678 5.99
    endloop
  endfacet
  facet normal -0.903987 -0.427559 0
    outer loop
      vertex 4.2952 9.82151 5.99
      vertex 4.1903 10.0433 20.99
      vertex 4.1903 10.0433 5.99
    endloop
  endfacet
  facet normal -0.903987 -0.427559 0
    outer loop
      vertex 4.1903 10.0433 20.99
      vertex 4.2952 9.82151 5.99
      vertex 4.2952 9.82151 20.99
    endloop
  endfacet
  facet normal -0.803212 -0.595693 0
    outer loop
      vertex 4.56747 9.41402 5.99
      vertex 4.42133 9.61107 20.99
      vertex 4.42133 9.61107 5.99
    endloop
  endfacet
  facet normal -0.803212 -0.595693 0
    outer loop
      vertex 4.42133 9.61107 20.99
      vertex 4.56747 9.41402 5.99
      vertex 4.56747 9.41402 20.99
    endloop
  endfacet
  facet normal 0.514094 -0.857734 0
    outer loop
      vertex 7.67849 8.7952 5.99
      vertex 7.88893 8.92133 20.99
      vertex 7.67849 8.7952 20.99
    endloop
  endfacet
  facet normal 0.514094 -0.857734 0
    outer loop
      vertex 7.88893 8.92133 20.99
      vertex 7.67849 8.7952 5.99
      vertex 7.88893 8.92133 5.99
    endloop
  endfacet
  facet normal -0.740961 -0.671548 0
    outer loop
      vertex 4.73223 9.23223 5.99
      vertex 4.56747 9.41402 20.99
      vertex 4.56747 9.41402 5.99
    endloop
  endfacet
  facet normal -0.740961 -0.671548 0
    outer loop
      vertex 4.56747 9.41402 20.99
      vertex 4.73223 9.23223 5.99
      vertex 4.73223 9.23223 20.99
    endloop
  endfacet
  facet normal -0.337059 0.941483 0
    outer loop
      vertex 5.77429 13.3924 5.99
      vertex 5.54329 13.3097 20.99
      vertex 5.77429 13.3924 20.99
    endloop
  endfacet
  facet normal -0.337059 0.941483 0
    outer loop
      vertex 5.54329 13.3097 20.99
      vertex 5.77429 13.3924 5.99
      vertex 5.54329 13.3097 5.99
    endloop
  endfacet
  facet normal -0.427575 -0.90398 0
    outer loop
      vertex 5.32151 8.7952 5.99
      vertex 5.54329 8.6903 20.99
      vertex 5.32151 8.7952 20.99
    endloop
  endfacet
  facet normal -0.427575 -0.90398 -0
    outer loop
      vertex 5.54329 8.6903 20.99
      vertex 5.32151 8.7952 5.99
      vertex 5.54329 8.6903 5.99
    endloop
  endfacet
  facet normal 0.803212 -0.595693 0
    outer loop
      vertex 8.43253 9.41402 20.99
      vertex 8.57867 9.61107 5.99
      vertex 8.57867 9.61107 20.99
    endloop
  endfacet
  facet normal 0.803212 -0.595693 0
    outer loop
      vertex 8.57867 9.61107 5.99
      vertex 8.43253 9.41402 20.99
      vertex 8.43253 9.41402 5.99
    endloop
  endfacet
  facet normal -0.242977 -0.970032 0
    outer loop
      vertex 5.77429 8.60765 5.99
      vertex 6.01227 8.54804 20.99
      vertex 5.77429 8.60765 20.99
    endloop
  endfacet
  facet normal -0.242977 -0.970032 -0
    outer loop
      vertex 6.01227 8.54804 20.99
      vertex 5.77429 8.60765 5.99
      vertex 6.01227 8.54804 5.99
    endloop
  endfacet
  facet normal 0.242938 0.970042 -0
    outer loop
      vertex 7.22571 13.3924 5.99
      vertex 6.98773 13.452 20.99
      vertex 7.22571 13.3924 20.99
    endloop
  endfacet
  facet normal 0.242938 0.970042 0
    outer loop
      vertex 6.98773 13.452 20.99
      vertex 7.22571 13.3924 5.99
      vertex 6.98773 13.452 5.99
    endloop
  endfacet
  facet normal -0.903995 0.427543 0
    outer loop
      vertex 4.1903 11.9567 5.99
      vertex 4.2952 12.1785 20.99
      vertex 4.2952 12.1785 5.99
    endloop
  endfacet
  facet normal -0.903995 0.427543 0
    outer loop
      vertex 4.2952 12.1785 20.99
      vertex 4.1903 11.9567 5.99
      vertex 4.1903 11.9567 20.99
    endloop
  endfacet
  facet normal 0.595693 -0.803212 0
    outer loop
      vertex 7.88893 8.92133 5.99
      vertex 8.08598 9.06747 20.99
      vertex 7.88893 8.92133 20.99
    endloop
  endfacet
  facet normal 0.595693 -0.803212 0
    outer loop
      vertex 8.08598 9.06747 20.99
      vertex 7.88893 8.92133 5.99
      vertex 8.08598 9.06747 5.99
    endloop
  endfacet
  facet normal 0.336879 -0.941548 0
    outer loop
      vertex 7.22571 8.60765 5.99
      vertex 7.45671 8.6903 20.99
      vertex 7.22571 8.60765 20.99
    endloop
  endfacet
  facet normal 0.336879 -0.941548 0
    outer loop
      vertex 7.45671 8.6903 20.99
      vertex 7.22571 8.60765 5.99
      vertex 7.45671 8.6903 5.99
    endloop
  endfacet
  facet normal -0.970037 0.242958 0
    outer loop
      vertex 4.04804 11.4877 5.99
      vertex 4.10765 11.7257 20.99
      vertex 4.10765 11.7257 5.99
    endloop
  endfacet
  facet normal -0.970037 0.242958 0
    outer loop
      vertex 4.10765 11.7257 20.99
      vertex 4.04804 11.4877 5.99
      vertex 4.04804 11.4877 20.99
    endloop
  endfacet
  facet normal 0 0 -1
    outer loop
      vertex 8.98796 10.755 5.99
      vertex 8.98796 11.245 5.99
      vertex 9 11 5.99
    endloop
  endfacet
  facet normal 0 0 -1
    outer loop
      vertex 8.95196 10.5123 5.99
      vertex 8.98796 11.245 5.99
      vertex 8.98796 10.755 5.99
    endloop
  endfacet
  facet normal 0 0 -1
    outer loop
      vertex 8.95196 10.5123 5.99
      vertex 8.95196 11.4877 5.99
      vertex 8.98796 11.245 5.99
    endloop
  endfacet
  facet normal 0 0 -1
    outer loop
      vertex 8.89235 10.2743 5.99
      vertex 8.95196 11.4877 5.99
      vertex 8.95196 10.5123 5.99
    endloop
  endfacet
  facet normal 0 0 -1
    outer loop
      vertex 8.89235 10.2743 5.99
      vertex 8.89235 11.7257 5.99
      vertex 8.95196 11.4877 5.99
    endloop
  endfacet
  facet normal 0 0 -1
    outer loop
      vertex 8.8097 10.0433 5.99
      vertex 8.89235 11.7257 5.99
      vertex 8.89235 10.2743 5.99
    endloop
  endfacet
  facet normal 0 0 -1
    outer loop
      vertex 8.8097 10.0433 5.99
      vertex 8.8097 11.9567 5.99
      vertex 8.89235 11.7257 5.99
    endloop
  endfacet
  facet normal 0 0 -1
    outer loop
      vertex 8.7048 9.82151 5.99
      vertex 8.8097 11.9567 5.99
      vertex 8.8097 10.0433 5.99
    endloop
  endfacet
  facet normal 0 0 -1
    outer loop
      vertex 8.7048 9.82151 5.99
      vertex 8.7048 12.1785 5.99
      vertex 8.8097 11.9567 5.99
    endloop
  endfacet
  facet normal 0 0 -1
    outer loop
      vertex 8.57867 9.61107 5.99
      vertex 8.7048 12.1785 5.99
      vertex 8.7048 9.82151 5.99
    endloop
  endfacet
  facet normal 0 0 -1
    outer loop
      vertex 8.57867 9.61107 5.99
      vertex 8.57867 12.3889 5.99
      vertex 8.7048 12.1785 5.99
    endloop
  endfacet
  facet normal 0 0 -1
    outer loop
      vertex 8.43253 9.41402 5.99
      vertex 8.57867 12.3889 5.99
      vertex 8.57867 9.61107 5.99
    endloop
  endfacet
  facet normal 0 0 -1
    outer loop
      vertex 8.43253 9.41402 5.99
      vertex 8.43253 12.586 5.99
      vertex 8.57867 12.3889 5.99
    endloop
  endfacet
  facet normal 0 0 -1
    outer loop
      vertex 8.26777 9.23223 5.99
      vertex 8.43253 12.586 5.99
      vertex 8.43253 9.41402 5.99
    endloop
  endfacet
  facet normal 0 0 -1
    outer loop
      vertex 8.26777 9.23223 5.99
      vertex 8.26777 12.7678 5.99
      vertex 8.43253 12.586 5.99
    endloop
  endfacet
  facet normal 0 0 -1
    outer loop
      vertex 8.08598 9.06747 5.99
      vertex 8.26777 12.7678 5.99
      vertex 8.26777 9.23223 5.99
    endloop
  endfacet
  facet normal 0 0 -1
    outer loop
      vertex 8.08598 9.06747 5.99
      vertex 8.08598 12.9325 5.99
      vertex 8.26777 12.7678 5.99
    endloop
  endfacet
  facet normal 0 0 -1
    outer loop
      vertex 7.88893 8.92133 5.99
      vertex 8.08598 12.9325 5.99
      vertex 8.08598 9.06747 5.99
    endloop
  endfacet
  facet normal 0 0 -1
    outer loop
      vertex 7.88893 8.92133 5.99
      vertex 7.88893 13.0787 5.99
      vertex 8.08598 12.9325 5.99
    endloop
  endfacet
  facet normal 0 0 -1
    outer loop
      vertex 7.67849 8.7952 5.99
      vertex 7.88893 13.0787 5.99
      vertex 7.88893 8.92133 5.99
    endloop
  endfacet
  facet normal 0 0 -1
    outer loop
      vertex 7.67849 8.7952 5.99
      vertex 7.67849 13.2048 5.99
      vertex 7.88893 13.0787 5.99
    endloop
  endfacet
  facet normal 0 0 -1
    outer loop
      vertex 7.45671 8.6903 5.99
      vertex 7.67849 13.2048 5.99
      vertex 7.67849 8.7952 5.99
    endloop
  endfacet
  facet normal 0 0 -1
    outer loop
      vertex 7.45671 8.6903 5.99
      vertex 7.45671 13.3097 5.99
      vertex 7.67849 13.2048 5.99
    endloop
  endfacet
  facet normal 0 0 -1
    outer loop
      vertex 7.22571 8.60765 5.99
      vertex 7.45671 13.3097 5.99
      vertex 7.45671 8.6903 5.99
    endloop
  endfacet
  facet normal 0 0 -1
    outer loop
      vertex 7.22571 8.60765 5.99
      vertex 7.22571 13.3924 5.99
      vertex 7.45671 13.3097 5.99
    endloop
  endfacet
  facet normal 0 0 -1
    outer loop
      vertex 6.98773 8.54804 5.99
      vertex 7.22571 13.3924 5.99
      vertex 7.22571 8.60765 5.99
    endloop
  endfacet
  facet normal 0 0 -1
    outer loop
      vertex 6.98773 8.54804 5.99
      vertex 6.98773 13.452 5.99
      vertex 7.22571 13.3924 5.99
    endloop
  endfacet
  facet normal 0 0 -1
    outer loop
      vertex 6.74504 8.51204 5.99
      vertex 6.98773 13.452 5.99
      vertex 6.98773 8.54804 5.99
    endloop
  endfacet
  facet normal 0 0 -1
    outer loop
      vertex 6.74504 8.51204 5.99
      vertex 6.74504 13.488 5.99
      vertex 6.98773 13.452 5.99
    endloop
  endfacet
  facet normal 0 0 -1
    outer loop
      vertex 6.5 8.5 5.99
      vertex 6.74504 13.488 5.99
      vertex 6.74504 8.51204 5.99
    endloop
  endfacet
  facet normal 0 0 -1
    outer loop
      vertex 6.5 8.5 5.99
      vertex 6.5 13.5 5.99
      vertex 6.74504 13.488 5.99
    endloop
  endfacet
  facet normal 0 0 -1
    outer loop
      vertex 6.25496 8.51204 5.99
      vertex 6.5 13.5 5.99
      vertex 6.5 8.5 5.99
    endloop
  endfacet
  facet normal 0 0 -1
    outer loop
      vertex 6.25496 8.51204 5.99
      vertex 6.25496 13.488 5.99
      vertex 6.5 13.5 5.99
    endloop
  endfacet
  facet normal 0 0 -1
    outer loop
      vertex 6.01227 8.54804 5.99
      vertex 6.25496 13.488 5.99
      vertex 6.25496 8.51204 5.99
    endloop
  endfacet
  facet normal 0 0 -1
    outer loop
      vertex 6.01227 8.54804 5.99
      vertex 6.01227 13.452 5.99
      vertex 6.25496 13.488 5.99
    endloop
  endfacet
  facet normal 0 0 -1
    outer loop
      vertex 5.77429 8.60765 5.99
      vertex 6.01227 13.452 5.99
      vertex 6.01227 8.54804 5.99
    endloop
  endfacet
  facet normal 0 0 -1
    outer loop
      vertex 5.77429 8.60765 5.99
      vertex 5.77429 13.3924 5.99
      vertex 6.01227 13.452 5.99
    endloop
  endfacet
  facet normal 0 0 -1
    outer loop
      vertex 5.54329 8.6903 5.99
      vertex 5.77429 13.3924 5.99
      vertex 5.77429 8.60765 5.99
    endloop
  endfacet
  facet normal 0 0 -1
    outer loop
      vertex 5.54329 8.6903 5.99
      vertex 5.54329 13.3097 5.99
      vertex 5.77429 13.3924 5.99
    endloop
  endfacet
  facet normal 0 0 -1
    outer loop
      vertex 5.32151 8.7952 5.99
      vertex 5.54329 13.3097 5.99
      vertex 5.54329 8.6903 5.99
    endloop
  endfacet
  facet normal 0 0 -1
    outer loop
      vertex 5.32151 8.7952 5.99
      vertex 5.32151 13.2048 5.99
      vertex 5.54329 13.3097 5.99
    endloop
  endfacet
  facet normal 0 0 -1
    outer loop
      vertex 5.11107 8.92133 5.99
      vertex 5.32151 13.2048 5.99
      vertex 5.32151 8.7952 5.99
    endloop
  endfacet
  facet normal 0 0 -1
    outer loop
      vertex 5.11107 8.92133 5.99
      vertex 5.11107 13.0787 5.99
      vertex 5.32151 13.2048 5.99
    endloop
  endfacet
  facet normal 0 0 -1
    outer loop
      vertex 4.91402 9.06747 5.99
      vertex 5.11107 13.0787 5.99
      vertex 5.11107 8.92133 5.99
    endloop
  endfacet
  facet normal 0 0 -1
    outer loop
      vertex 4.91402 9.06747 5.99
      vertex 4.91402 12.9325 5.99
      vertex 5.11107 13.0787 5.99
    endloop
  endfacet
  facet normal 0 0 -1
    outer loop
      vertex 4.73223 9.23223 5.99
      vertex 4.91402 12.9325 5.99
      vertex 4.91402 9.06747 5.99
    endloop
  endfacet
  facet normal 0 0 -1
    outer loop
      vertex 4.73223 9.23223 5.99
      vertex 4.73223 12.7678 5.99
      vertex 4.91402 12.9325 5.99
    endloop
  endfacet
  facet normal 0 0 -1
    outer loop
      vertex 4.56747 9.41402 5.99
      vertex 4.73223 12.7678 5.99
      vertex 4.73223 9.23223 5.99
    endloop
  endfacet
  facet normal 0 0 -1
    outer loop
      vertex 4.56747 9.41402 5.99
      vertex 4.56747 12.586 5.99
      vertex 4.73223 12.7678 5.99
    endloop
  endfacet
  facet normal 0 0 -1
    outer loop
      vertex 4.42133 9.61107 5.99
      vertex 4.56747 12.586 5.99
      vertex 4.56747 9.41402 5.99
    endloop
  endfacet
  facet normal 0 0 -1
    outer loop
      vertex 4.42133 9.61107 5.99
      vertex 4.42133 12.3889 5.99
      vertex 4.56747 12.586 5.99
    endloop
  endfacet
  facet normal 0 0 -1
    outer loop
      vertex 4.2952 9.82151 5.99
      vertex 4.42133 12.3889 5.99
      vertex 4.42133 9.61107 5.99
    endloop
  endfacet
  facet normal 0 0 -1
    outer loop
      vertex 4.2952 9.82151 5.99
      vertex 4.2952 12.1785 5.99
      vertex 4.42133 12.3889 5.99
    endloop
  endfacet
  facet normal 0 0 -1
    outer loop
      vertex 4.1903 10.0433 5.99
      vertex 4.2952 12.1785 5.99
      vertex 4.2952 9.82151 5.99
    endloop
  endfacet
  facet normal 0 0 -1
    outer loop
      vertex 4.1903 10.0433 5.99
      vertex 4.1903 11.9567 5.99
      vertex 4.2952 12.1785 5.99
    endloop
  endfacet
  facet normal 0 0 -1
    outer loop
      vertex 4.10765 10.2743 5.99
      vertex 4.1903 11.9567 5.99
      vertex 4.1903 10.0433 5.99
    endloop
  endfacet
  facet normal 0 0 -1
    outer loop
      vertex 4.10765 10.2743 5.99
      vertex 4.10765 11.7257 5.99
      vertex 4.1903 11.9567 5.99
    endloop
  endfacet
  facet normal 0 0 -1
    outer loop
      vertex 4.04804 10.5123 5.99
      vertex 4.10765 11.7257 5.99
      vertex 4.10765 10.2743 5.99
    endloop
  endfacet
  facet normal 0 0 -1
    outer loop
      vertex 4.04804 10.5123 5.99
      vertex 4.04804 11.4877 5.99
      vertex 4.10765 11.7257 5.99
    endloop
  endfacet
  facet normal 0 0 -1
    outer loop
      vertex 4.01204 10.755 5.99
      vertex 4.04804 11.4877 5.99
      vertex 4.04804 10.5123 5.99
    endloop
  endfacet
  facet normal 0 0 -1
    outer loop
      vertex 4.01204 10.755 5.99
      vertex 4.01204 11.245 5.99
      vertex 4.04804 11.4877 5.99
    endloop
  endfacet
  facet normal 0 -0 -1
    outer loop
      vertex 4.01204 11.245 5.99
      vertex 4.01204 10.755 5.99
      vertex 4 11 5.99
    endloop
  endfacet
  facet normal 0.671548 -0.740961 0
    outer loop
      vertex 8.08598 9.06747 5.99
      vertex 8.26777 9.23223 20.99
      vertex 8.08598 9.06747 20.99
    endloop
  endfacet
  facet normal 0.671548 -0.740961 0
    outer loop
      vertex 8.26777 9.23223 20.99
      vertex 8.08598 9.06747 5.99
      vertex 8.26777 9.23223 5.99
    endloop
  endfacet
  facet normal -0.857734 -0.514094 0
    outer loop
      vertex 4.42133 9.61107 5.99
      vertex 4.2952 9.82151 20.99
      vertex 4.2952 9.82151 5.99
    endloop
  endfacet
  facet normal -0.857734 -0.514094 0
    outer loop
      vertex 4.2952 9.82151 20.99
      vertex 4.42133 9.61107 5.99
      vertex 4.42133 9.61107 20.99
    endloop
  endfacet
  facet normal -0.514004 0.857788 0
    outer loop
      vertex 5.32151 13.2048 5.99
      vertex 5.11107 13.0787 20.99
      vertex 5.32151 13.2048 20.99
    endloop
  endfacet
  facet normal -0.514004 0.857788 0
    outer loop
      vertex 5.11107 13.0787 20.99
      vertex 5.32151 13.2048 5.99
      vertex 5.11107 13.0787 5.99
    endloop
  endfacet
  facet normal -0.998795 0.0490836 0
    outer loop
      vertex 4 11 5.99
      vertex 4.01204 11.245 20.99
      vertex 4.01204 11.245 5.99
    endloop
  endfacet
  facet normal -0.998795 0.0490836 0
    outer loop
      vertex 4.01204 11.245 20.99
      vertex 4 11 5.99
      vertex 4 11 20.99
    endloop
  endfacet
  facet normal -0.336879 -0.941548 0
    outer loop
      vertex 5.54329 8.6903 5.99
      vertex 5.77429 8.60765 20.99
      vertex 5.54329 8.6903 20.99
    endloop
  endfacet
  facet normal -0.336879 -0.941548 -0
    outer loop
      vertex 5.77429 8.60765 20.99
      vertex 5.54329 8.6903 5.99
      vertex 5.77429 8.60765 5.99
    endloop
  endfacet
  facet normal 0.337059 -0.941483 0
    outer loop
      vertex 29.2257 -13.3924 5.99
      vertex 29.4567 -13.3097 20.99
      vertex 29.2257 -13.3924 20.99
    endloop
  endfacet
  facet normal 0.337059 -0.941483 0
    outer loop
      vertex 29.4567 -13.3097 20.99
      vertex 29.2257 -13.3924 5.99
      vertex 29.4567 -13.3097 5.99
    endloop
  endfacet
  facet normal 0.989177 0.146726 0
    outer loop
      vertex 30.988 -10.755 20.99
      vertex 30.952 -10.5123 5.99
      vertex 30.952 -10.5123 20.99
    endloop
  endfacet
  facet normal 0.989177 0.146726 0
    outer loop
      vertex 30.952 -10.5123 5.99
      vertex 30.988 -10.755 20.99
      vertex 30.988 -10.755 5.99
    endloop
  endfacet
  facet normal 0.998803 0.0489209 0
    outer loop
      vertex 31 -11 20.99
      vertex 30.988 -10.755 5.99
      vertex 30.988 -10.755 20.99
    endloop
  endfacet
  facet normal 0.998803 0.0489209 0
    outer loop
      vertex 30.988 -10.755 5.99
      vertex 31 -11 20.99
      vertex 31 -11 5.99
    endloop
  endfacet
  facet normal 0.96995 0.243303 0
    outer loop
      vertex 30.952 -10.5123 20.99
      vertex 30.8923 -10.2743 5.99
      vertex 30.8923 -10.2743 20.99
    endloop
  endfacet
  facet normal 0.96995 0.243303 0
    outer loop
      vertex 30.8923 -10.2743 5.99
      vertex 30.952 -10.5123 20.99
      vertex 30.952 -10.5123 5.99
    endloop
  endfacet
  facet normal -0.146726 -0.989177 0
    outer loop
      vertex 28.0123 -13.452 5.99
      vertex 28.255 -13.488 20.99
      vertex 28.0123 -13.452 20.99
    endloop
  endfacet
  facet normal -0.146726 -0.989177 -0
    outer loop
      vertex 28.255 -13.488 20.99
      vertex 28.0123 -13.452 5.99
      vertex 28.255 -13.488 5.99
    endloop
  endfacet
  facet normal 0.803095 0.595851 0
    outer loop
      vertex 30.5787 -9.61107 20.99
      vertex 30.4325 -9.41402 5.99
      vertex 30.4325 -9.41402 20.99
    endloop
  endfacet
  facet normal 0.803095 0.595851 0
    outer loop
      vertex 30.4325 -9.41402 5.99
      vertex 30.5787 -9.61107 20.99
      vertex 30.5787 -9.61107 5.99
    endloop
  endfacet
  facet normal -0.941483 -0.337059 0
    outer loop
      vertex 26.1903 -11.9567 5.99
      vertex 26.1076 -11.7257 20.99
      vertex 26.1076 -11.7257 5.99
    endloop
  endfacet
  facet normal -0.941483 -0.337059 0
    outer loop
      vertex 26.1076 -11.7257 20.99
      vertex 26.1903 -11.9567 5.99
      vertex 26.1903 -11.9567 20.99
    endloop
  endfacet
  facet normal -0.998803 0.0489209 0
    outer loop
      vertex 26 -11 5.99
      vertex 26.012 -10.755 20.99
      vertex 26.012 -10.755 5.99
    endloop
  endfacet
  facet normal -0.998803 0.0489209 0
    outer loop
      vertex 26.012 -10.755 20.99
      vertex 26 -11 5.99
      vertex 26 -11 20.99
    endloop
  endfacet
  facet normal 0.998803 -0.0489209 0
    outer loop
      vertex 30.988 -11.245 20.99
      vertex 31 -11 5.99
      vertex 31 -11 20.99
    endloop
  endfacet
  facet normal 0.998803 -0.0489209 0
    outer loop
      vertex 31 -11 5.99
      vertex 30.988 -11.245 20.99
      vertex 30.988 -11.245 5.99
    endloop
  endfacet
  facet normal -0.803167 -0.595754 0
    outer loop
      vertex 26.5675 -12.586 5.99
      vertex 26.4213 -12.3889 20.99
      vertex 26.4213 -12.3889 5.99
    endloop
  endfacet
  facet normal -0.803167 -0.595754 0
    outer loop
      vertex 26.4213 -12.3889 20.99
      vertex 26.5675 -12.586 5.99
      vertex 26.5675 -12.586 20.99
    endloop
  endfacet
  facet normal 0.514076 -0.857745 0
    outer loop
      vertex 29.6785 -13.2048 5.99
      vertex 29.8889 -13.0787 20.99
      vertex 29.6785 -13.2048 20.99
    endloop
  endfacet
  facet normal 0.514076 -0.857745 0
    outer loop
      vertex 29.8889 -13.0787 20.99
      vertex 29.6785 -13.2048 5.99
      vertex 29.8889 -13.0787 5.99
    endloop
  endfacet
  facet normal 0.427543 -0.903995 0
    outer loop
      vertex 29.4567 -13.3097 5.99
      vertex 29.6785 -13.2048 20.99
      vertex 29.4567 -13.3097 20.99
    endloop
  endfacet
  facet normal 0.427543 -0.903995 0
    outer loop
      vertex 29.6785 -13.2048 20.99
      vertex 29.4567 -13.3097 5.99
      vertex 29.6785 -13.2048 5.99
    endloop
  endfacet
  facet normal 0.803167 -0.595754 0
    outer loop
      vertex 30.4325 -12.586 20.99
      vertex 30.5787 -12.3889 5.99
      vertex 30.5787 -12.3889 20.99
    endloop
  endfacet
  facet normal 0.803167 -0.595754 0
    outer loop
      vertex 30.5787 -12.3889 5.99
      vertex 30.4325 -12.586 20.99
      vertex 30.4325 -12.586 5.99
    endloop
  endfacet
  facet normal -0.242958 0.970037 0
    outer loop
      vertex 28.0123 -8.54804 5.99
      vertex 27.7743 -8.60765 20.99
      vertex 28.0123 -8.54804 20.99
    endloop
  endfacet
  facet normal -0.242958 0.970037 0
    outer loop
      vertex 27.7743 -8.60765 20.99
      vertex 28.0123 -8.54804 5.99
      vertex 27.7743 -8.60765 5.99
    endloop
  endfacet
  facet normal -0.970047 0.242919 0
    outer loop
      vertex 26.048 -10.5123 5.99
      vertex 26.1076 -10.2743 20.99
      vertex 26.1076 -10.2743 5.99
    endloop
  endfacet
  facet normal -0.970047 0.242919 0
    outer loop
      vertex 26.1076 -10.2743 20.99
      vertex 26.048 -10.5123 5.99
      vertex 26.048 -10.5123 20.99
    endloop
  endfacet
  facet normal -0.595596 0.803284 0
    outer loop
      vertex 27.1111 -8.92133 5.99
      vertex 26.914 -9.06747 20.99
      vertex 27.1111 -8.92133 20.99
    endloop
  endfacet
  facet normal -0.595596 0.803284 0
    outer loop
      vertex 26.914 -9.06747 20.99
      vertex 27.1111 -8.92133 5.99
      vertex 26.914 -9.06747 5.99
    endloop
  endfacet
  facet normal -0.741101 -0.671394 0
    outer loop
      vertex 26.7322 -12.7678 5.99
      vertex 26.5675 -12.586 20.99
      vertex 26.5675 -12.586 5.99
    endloop
  endfacet
  facet normal -0.741101 -0.671394 0
    outer loop
      vertex 26.5675 -12.586 20.99
      vertex 26.7322 -12.7678 5.99
      vertex 26.7322 -12.7678 20.99
    endloop
  endfacet
  facet normal 0.0490836 0.998795 -0
    outer loop
      vertex 28.745 -8.51204 5.99
      vertex 28.5 -8.5 20.99
      vertex 28.745 -8.51204 20.99
    endloop
  endfacet
  facet normal 0.0490836 0.998795 0
    outer loop
      vertex 28.5 -8.5 20.99
      vertex 28.745 -8.51204 5.99
      vertex 28.5 -8.5 5.99
    endloop
  endfacet
  facet normal 0.242919 -0.970047 0
    outer loop
      vertex 28.9877 -13.452 5.99
      vertex 29.2257 -13.3924 20.99
      vertex 28.9877 -13.452 20.99
    endloop
  endfacet
  facet normal 0.242919 -0.970047 0
    outer loop
      vertex 29.2257 -13.3924 20.99
      vertex 28.9877 -13.452 5.99
      vertex 29.2257 -13.3924 5.99
    endloop
  endfacet
  facet normal -0.941483 0.337059 0
    outer loop
      vertex 26.1076 -10.2743 5.99
      vertex 26.1903 -10.0433 20.99
      vertex 26.1903 -10.0433 5.99
    endloop
  endfacet
  facet normal -0.941483 0.337059 0
    outer loop
      vertex 26.1903 -10.0433 20.99
      vertex 26.1076 -10.2743 5.99
      vertex 26.1076 -10.2743 20.99
    endloop
  endfacet
  facet normal -0.242919 -0.970047 0
    outer loop
      vertex 27.7743 -13.3924 5.99
      vertex 28.0123 -13.452 20.99
      vertex 27.7743 -13.3924 20.99
    endloop
  endfacet
  facet normal -0.242919 -0.970047 -0
    outer loop
      vertex 28.0123 -13.452 20.99
      vertex 27.7743 -13.3924 5.99
      vertex 28.0123 -13.452 5.99
    endloop
  endfacet
  facet normal 0.242958 0.970037 -0
    outer loop
      vertex 29.2257 -8.60765 5.99
      vertex 28.9877 -8.54804 20.99
      vertex 29.2257 -8.60765 20.99
    endloop
  endfacet
  facet normal 0.242958 0.970037 0
    outer loop
      vertex 28.9877 -8.54804 20.99
      vertex 29.2257 -8.60765 5.99
      vertex 28.9877 -8.54804 5.99
    endloop
  endfacet
  facet normal 0.514166 0.857691 -0
    outer loop
      vertex 29.8889 -8.92133 5.99
      vertex 29.6785 -8.7952 20.99
      vertex 29.8889 -8.92133 20.99
    endloop
  endfacet
  facet normal 0.514166 0.857691 0
    outer loop
      vertex 29.6785 -8.7952 20.99
      vertex 29.8889 -8.92133 5.99
      vertex 29.6785 -8.7952 5.99
    endloop
  endfacet
  facet normal 0.741083 0.671414 0
    outer loop
      vertex 30.4325 -9.41402 20.99
      vertex 30.2678 -9.23223 5.99
      vertex 30.2678 -9.23223 20.99
    endloop
  endfacet
  facet normal 0.741083 0.671414 0
    outer loop
      vertex 30.2678 -9.23223 5.99
      vertex 30.4325 -9.41402 20.99
      vertex 30.4325 -9.41402 5.99
    endloop
  endfacet
  facet normal 0.903995 -0.427543 0
    outer loop
      vertex 30.7048 -12.1785 20.99
      vertex 30.8097 -11.9567 5.99
      vertex 30.8097 -11.9567 20.99
    endloop
  endfacet
  facet normal 0.903995 -0.427543 0
    outer loop
      vertex 30.8097 -11.9567 5.99
      vertex 30.7048 -12.1785 20.99
      vertex 30.7048 -12.1785 5.99
    endloop
  endfacet
  facet normal -0.671528 0.740979 0
    outer loop
      vertex 26.914 -9.06747 5.99
      vertex 26.7322 -9.23223 20.99
      vertex 26.914 -9.06747 20.99
    endloop
  endfacet
  facet normal -0.671528 0.740979 0
    outer loop
      vertex 26.7322 -9.23223 20.99
      vertex 26.914 -9.06747 5.99
      vertex 26.7322 -9.23223 5.99
    endloop
  endfacet
  facet normal 0.903987 0.427559 0
    outer loop
      vertex 30.8097 -10.0433 20.99
      vertex 30.7048 -9.82151 5.99
      vertex 30.7048 -9.82151 20.99
    endloop
  endfacet
  facet normal 0.903987 0.427559 0
    outer loop
      vertex 30.7048 -9.82151 5.99
      vertex 30.8097 -10.0433 20.99
      vertex 30.8097 -10.0433 5.99
    endloop
  endfacet
  facet normal 0.671394 -0.741101 0
    outer loop
      vertex 30.086 -12.9325 5.99
      vertex 30.2678 -12.7678 20.99
      vertex 30.086 -12.9325 20.99
    endloop
  endfacet
  facet normal 0.671394 -0.741101 0
    outer loop
      vertex 30.2678 -12.7678 20.99
      vertex 30.086 -12.9325 5.99
      vertex 30.2678 -12.7678 5.99
    endloop
  endfacet
  facet normal 0.595596 0.803284 -0
    outer loop
      vertex 30.086 -9.06747 5.99
      vertex 29.8889 -8.92133 20.99
      vertex 30.086 -9.06747 20.99
    endloop
  endfacet
  facet normal 0.595596 0.803284 0
    outer loop
      vertex 29.8889 -8.92133 20.99
      vertex 30.086 -9.06747 5.99
      vertex 29.8889 -8.92133 5.99
    endloop
  endfacet
  facet normal 0.941613 0.336698 0
    outer loop
      vertex 30.8923 -10.2743 20.99
      vertex 30.8097 -10.0433 5.99
      vertex 30.8097 -10.0433 20.99
    endloop
  endfacet
  facet normal 0.941613 0.336698 0
    outer loop
      vertex 30.8097 -10.0433 5.99
      vertex 30.8923 -10.2743 20.99
      vertex 30.8923 -10.2743 5.99
    endloop
  endfacet
  facet normal 0.0489209 -0.998803 0
    outer loop
      vertex 28.5 -13.5 5.99
      vertex 28.745 -13.488 20.99
      vertex 28.5 -13.5 20.99
    endloop
  endfacet
  facet normal 0.0489209 -0.998803 0
    outer loop
      vertex 28.745 -13.488 20.99
      vertex 28.5 -13.5 5.99
      vertex 28.745 -13.488 5.99
    endloop
  endfacet
  facet normal -0.514076 -0.857745 0
    outer loop
      vertex 27.1111 -13.0787 5.99
      vertex 27.3215 -13.2048 20.99
      vertex 27.1111 -13.0787 20.99
    endloop
  endfacet
  facet normal -0.514076 -0.857745 -0
    outer loop
      vertex 27.3215 -13.2048 20.99
      vertex 27.1111 -13.0787 5.99
      vertex 27.3215 -13.2048 5.99
    endloop
  endfacet
  facet normal 0.427543 0.903995 -0
    outer loop
      vertex 29.6785 -8.7952 5.99
      vertex 29.4567 -8.6903 20.99
      vertex 29.6785 -8.7952 20.99
    endloop
  endfacet
  facet normal 0.427543 0.903995 0
    outer loop
      vertex 29.4567 -8.6903 20.99
      vertex 29.6785 -8.7952 5.99
      vertex 29.4567 -8.6903 5.99
    endloop
  endfacet
  facet normal 0.96995 -0.243303 0
    outer loop
      vertex 30.8923 -11.7257 20.99
      vertex 30.952 -11.4877 5.99
      vertex 30.952 -11.4877 20.99
    endloop
  endfacet
  facet normal 0.96995 -0.243303 0
    outer loop
      vertex 30.952 -11.4877 5.99
      vertex 30.8923 -11.7257 20.99
      vertex 30.8923 -11.7257 5.99
    endloop
  endfacet
  facet normal -0.336879 0.941548 0
    outer loop
      vertex 27.7743 -8.60765 5.99
      vertex 27.5433 -8.6903 20.99
      vertex 27.7743 -8.60765 20.99
    endloop
  endfacet
  facet normal -0.336879 0.941548 0
    outer loop
      vertex 27.5433 -8.6903 20.99
      vertex 27.7743 -8.60765 5.99
      vertex 27.5433 -8.6903 5.99
    endloop
  endfacet
  facet normal -0.989177 0.146726 0
    outer loop
      vertex 26.012 -10.755 5.99
      vertex 26.048 -10.5123 20.99
      vertex 26.048 -10.5123 5.99
    endloop
  endfacet
  facet normal -0.989177 0.146726 0
    outer loop
      vertex 26.048 -10.5123 20.99
      vertex 26.012 -10.755 5.99
      vertex 26.012 -10.755 20.99
    endloop
  endfacet
  facet normal -0.903995 -0.427543 0
    outer loop
      vertex 26.2952 -12.1785 5.99
      vertex 26.1903 -11.9567 20.99
      vertex 26.1903 -11.9567 5.99
    endloop
  endfacet
  facet normal -0.903995 -0.427543 0
    outer loop
      vertex 26.1903 -11.9567 20.99
      vertex 26.2952 -12.1785 5.99
      vertex 26.2952 -12.1785 20.99
    endloop
  endfacet
  facet normal 0.336879 0.941548 -0
    outer loop
      vertex 29.4567 -8.6903 5.99
      vertex 29.2257 -8.60765 20.99
      vertex 29.4567 -8.6903 20.99
    endloop
  endfacet
  facet normal 0.336879 0.941548 0
    outer loop
      vertex 29.2257 -8.60765 20.99
      vertex 29.4567 -8.6903 5.99
      vertex 29.2257 -8.60765 5.99
    endloop
  endfacet
  facet normal -0.514166 0.857691 0
    outer loop
      vertex 27.3215 -8.7952 5.99
      vertex 27.1111 -8.92133 20.99
      vertex 27.3215 -8.7952 20.99
    endloop
  endfacet
  facet normal -0.514166 0.857691 0
    outer loop
      vertex 27.1111 -8.92133 20.99
      vertex 27.3215 -8.7952 5.99
      vertex 27.1111 -8.92133 5.99
    endloop
  endfacet
  facet normal -0.146726 0.989177 0
    outer loop
      vertex 28.255 -8.51204 5.99
      vertex 28.0123 -8.54804 20.99
      vertex 28.255 -8.51204 20.99
    endloop
  endfacet
  facet normal -0.146726 0.989177 0
    outer loop
      vertex 28.0123 -8.54804 20.99
      vertex 28.255 -8.51204 5.99
      vertex 28.0123 -8.54804 5.99
    endloop
  endfacet
  facet normal -0.0490836 0.998795 0
    outer loop
      vertex 28.5 -8.5 5.99
      vertex 28.255 -8.51204 20.99
      vertex 28.5 -8.5 20.99
    endloop
  endfacet
  facet normal -0.0490836 0.998795 0
    outer loop
      vertex 28.255 -8.51204 20.99
      vertex 28.5 -8.5 5.99
      vertex 28.255 -8.51204 5.99
    endloop
  endfacet
  facet normal -0.427543 0.903995 0
    outer loop
      vertex 27.5433 -8.6903 5.99
      vertex 27.3215 -8.7952 20.99
      vertex 27.5433 -8.6903 20.99
    endloop
  endfacet
  facet normal -0.427543 0.903995 0
    outer loop
      vertex 27.3215 -8.7952 20.99
      vertex 27.5433 -8.6903 5.99
      vertex 27.3215 -8.7952 5.99
    endloop
  endfacet
  facet normal 0.989177 -0.146726 0
    outer loop
      vertex 30.952 -11.4877 20.99
      vertex 30.988 -11.245 5.99
      vertex 30.988 -11.245 20.99
    endloop
  endfacet
  facet normal 0.989177 -0.146726 0
    outer loop
      vertex 30.988 -11.245 5.99
      vertex 30.952 -11.4877 20.99
      vertex 30.952 -11.4877 5.99
    endloop
  endfacet
  facet normal 0.741101 -0.671394 0
    outer loop
      vertex 30.2678 -12.7678 20.99
      vertex 30.4325 -12.586 5.99
      vertex 30.4325 -12.586 20.99
    endloop
  endfacet
  facet normal 0.741101 -0.671394 0
    outer loop
      vertex 30.4325 -12.586 5.99
      vertex 30.2678 -12.7678 20.99
      vertex 30.2678 -12.7678 5.99
    endloop
  endfacet
  facet normal 0.857788 0.514004 0
    outer loop
      vertex 30.7048 -9.82151 20.99
      vertex 30.5787 -9.61107 5.99
      vertex 30.5787 -9.61107 20.99
    endloop
  endfacet
  facet normal 0.857788 0.514004 0
    outer loop
      vertex 30.5787 -9.61107 5.99
      vertex 30.7048 -9.82151 20.99
      vertex 30.7048 -9.82151 5.99
    endloop
  endfacet
  facet normal 0.941613 -0.336698 0
    outer loop
      vertex 30.8097 -11.9567 20.99
      vertex 30.8923 -11.7257 5.99
      vertex 30.8923 -11.7257 20.99
    endloop
  endfacet
  facet normal 0.941613 -0.336698 0
    outer loop
      vertex 30.8923 -11.7257 5.99
      vertex 30.8097 -11.9567 20.99
      vertex 30.8097 -11.9567 5.99
    endloop
  endfacet
  facet normal -0.989177 -0.146726 0
    outer loop
      vertex 26.048 -11.4877 5.99
      vertex 26.012 -11.245 20.99
      vertex 26.012 -11.245 5.99
    endloop
  endfacet
  facet normal -0.989177 -0.146726 0
    outer loop
      vertex 26.012 -11.245 20.99
      vertex 26.048 -11.4877 5.99
      vertex 26.048 -11.4877 20.99
    endloop
  endfacet
  facet normal 0.857745 -0.514076 0
    outer loop
      vertex 30.5787 -12.3889 20.99
      vertex 30.7048 -12.1785 5.99
      vertex 30.7048 -12.1785 20.99
    endloop
  endfacet
  facet normal 0.857745 -0.514076 0
    outer loop
      vertex 30.7048 -12.1785 5.99
      vertex 30.5787 -12.3889 20.99
      vertex 30.5787 -12.3889 5.99
    endloop
  endfacet
  facet normal -0.427543 -0.903995 0
    outer loop
      vertex 27.3215 -13.2048 5.99
      vertex 27.5433 -13.3097 20.99
      vertex 27.3215 -13.2048 20.99
    endloop
  endfacet
  facet normal -0.427543 -0.903995 -0
    outer loop
      vertex 27.5433 -13.3097 20.99
      vertex 27.3215 -13.2048 5.99
      vertex 27.5433 -13.3097 5.99
    endloop
  endfacet
  facet normal -0.741083 0.671414 0
    outer loop
      vertex 26.5675 -9.41402 5.99
      vertex 26.7322 -9.23223 20.99
      vertex 26.7322 -9.23223 5.99
    endloop
  endfacet
  facet normal -0.741083 0.671414 0
    outer loop
      vertex 26.7322 -9.23223 20.99
      vertex 26.5675 -9.41402 5.99
      vertex 26.5675 -9.41402 20.99
    endloop
  endfacet
  facet normal 0.146726 -0.989177 0
    outer loop
      vertex 28.745 -13.488 5.99
      vertex 28.9877 -13.452 20.99
      vertex 28.745 -13.488 20.99
    endloop
  endfacet
  facet normal 0.146726 -0.989177 0
    outer loop
      vertex 28.9877 -13.452 20.99
      vertex 28.745 -13.488 5.99
      vertex 28.9877 -13.452 5.99
    endloop
  endfacet
  facet normal -0.857745 -0.514076 0
    outer loop
      vertex 26.4213 -12.3889 5.99
      vertex 26.2952 -12.1785 20.99
      vertex 26.2952 -12.1785 5.99
    endloop
  endfacet
  facet normal -0.857745 -0.514076 0
    outer loop
      vertex 26.2952 -12.1785 20.99
      vertex 26.4213 -12.3889 5.99
      vertex 26.4213 -12.3889 20.99
    endloop
  endfacet
  facet normal -0.803095 0.595851 0
    outer loop
      vertex 26.4213 -9.61107 5.99
      vertex 26.5675 -9.41402 20.99
      vertex 26.5675 -9.41402 5.99
    endloop
  endfacet
  facet normal -0.803095 0.595851 0
    outer loop
      vertex 26.5675 -9.41402 20.99
      vertex 26.4213 -9.61107 5.99
      vertex 26.4213 -9.61107 20.99
    endloop
  endfacet
  facet normal -0.970047 -0.242919 0
    outer loop
      vertex 26.1076 -11.7257 5.99
      vertex 26.048 -11.4877 20.99
      vertex 26.048 -11.4877 5.99
    endloop
  endfacet
  facet normal -0.970047 -0.242919 0
    outer loop
      vertex 26.048 -11.4877 20.99
      vertex 26.1076 -11.7257 5.99
      vertex 26.1076 -11.7257 20.99
    endloop
  endfacet
  facet normal 0.595754 -0.803167 0
    outer loop
      vertex 29.8889 -13.0787 5.99
      vertex 30.086 -12.9325 20.99
      vertex 29.8889 -13.0787 20.99
    endloop
  endfacet
  facet normal 0.595754 -0.803167 0
    outer loop
      vertex 30.086 -12.9325 20.99
      vertex 29.8889 -13.0787 5.99
      vertex 30.086 -12.9325 5.99
    endloop
  endfacet
  facet normal 0.671528 0.740979 -0
    outer loop
      vertex 30.2678 -9.23223 5.99
      vertex 30.086 -9.06747 20.99
      vertex 30.2678 -9.23223 20.99
    endloop
  endfacet
  facet normal 0.671528 0.740979 0
    outer loop
      vertex 30.086 -9.06747 20.99
      vertex 30.2678 -9.23223 5.99
      vertex 30.086 -9.06747 5.99
    endloop
  endfacet
  facet normal -0.337059 -0.941483 0
    outer loop
      vertex 27.5433 -13.3097 5.99
      vertex 27.7743 -13.3924 20.99
      vertex 27.5433 -13.3097 20.99
    endloop
  endfacet
  facet normal -0.337059 -0.941483 -0
    outer loop
      vertex 27.7743 -13.3924 20.99
      vertex 27.5433 -13.3097 5.99
      vertex 27.7743 -13.3924 5.99
    endloop
  endfacet
  facet normal -0.903987 0.427559 0
    outer loop
      vertex 26.1903 -10.0433 5.99
      vertex 26.2952 -9.82151 20.99
      vertex 26.2952 -9.82151 5.99
    endloop
  endfacet
  facet normal -0.903987 0.427559 0
    outer loop
      vertex 26.2952 -9.82151 20.99
      vertex 26.1903 -10.0433 5.99
      vertex 26.1903 -10.0433 20.99
    endloop
  endfacet
  facet normal -0.0489209 -0.998803 0
    outer loop
      vertex 28.255 -13.488 5.99
      vertex 28.5 -13.5 20.99
      vertex 28.255 -13.488 20.99
    endloop
  endfacet
  facet normal -0.0489209 -0.998803 -0
    outer loop
      vertex 28.5 -13.5 20.99
      vertex 28.255 -13.488 5.99
      vertex 28.5 -13.5 5.99
    endloop
  endfacet
  facet normal -0.998803 -0.0489209 0
    outer loop
      vertex 26.012 -11.245 5.99
      vertex 26 -11 20.99
      vertex 26 -11 5.99
    endloop
  endfacet
  facet normal -0.998803 -0.0489209 0
    outer loop
      vertex 26 -11 20.99
      vertex 26.012 -11.245 5.99
      vertex 26.012 -11.245 20.99
    endloop
  endfacet
  facet normal -0.671394 -0.741101 0
    outer loop
      vertex 26.7322 -12.7678 5.99
      vertex 26.914 -12.9325 20.99
      vertex 26.7322 -12.7678 20.99
    endloop
  endfacet
  facet normal -0.671394 -0.741101 -0
    outer loop
      vertex 26.914 -12.9325 20.99
      vertex 26.7322 -12.7678 5.99
      vertex 26.914 -12.9325 5.99
    endloop
  endfacet
  facet normal -0.857788 0.514004 0
    outer loop
      vertex 26.2952 -9.82151 5.99
      vertex 26.4213 -9.61107 20.99
      vertex 26.4213 -9.61107 5.99
    endloop
  endfacet
  facet normal -0.857788 0.514004 0
    outer loop
      vertex 26.4213 -9.61107 20.99
      vertex 26.2952 -9.82151 5.99
      vertex 26.2952 -9.82151 20.99
    endloop
  endfacet
  facet normal 0.146726 0.989177 -0
    outer loop
      vertex 28.9877 -8.54804 5.99
      vertex 28.745 -8.51204 20.99
      vertex 28.9877 -8.54804 20.99
    endloop
  endfacet
  facet normal 0.146726 0.989177 0
    outer loop
      vertex 28.745 -8.51204 20.99
      vertex 28.9877 -8.54804 5.99
      vertex 28.745 -8.51204 5.99
    endloop
  endfacet
  facet normal -0.595754 -0.803167 0
    outer loop
      vertex 26.914 -12.9325 5.99
      vertex 27.1111 -13.0787 20.99
      vertex 26.914 -12.9325 20.99
    endloop
  endfacet
  facet normal -0.595754 -0.803167 -0
    outer loop
      vertex 27.1111 -13.0787 20.99
      vertex 26.914 -12.9325 5.99
      vertex 27.1111 -13.0787 5.99
    endloop
  endfacet
  facet normal 0 0 -1
    outer loop
      vertex 30.988 -11.245 5.99
      vertex 30.988 -10.755 5.99
      vertex 31 -11 5.99
    endloop
  endfacet
  facet normal 0 0 -1
    outer loop
      vertex 30.952 -11.4877 5.99
      vertex 30.988 -10.755 5.99
      vertex 30.988 -11.245 5.99
    endloop
  endfacet
  facet normal 0 0 -1
    outer loop
      vertex 30.952 -11.4877 5.99
      vertex 30.952 -10.5123 5.99
      vertex 30.988 -10.755 5.99
    endloop
  endfacet
  facet normal 0 0 -1
    outer loop
      vertex 30.8923 -11.7257 5.99
      vertex 30.952 -10.5123 5.99
      vertex 30.952 -11.4877 5.99
    endloop
  endfacet
  facet normal 0 0 -1
    outer loop
      vertex 30.8923 -11.7257 5.99
      vertex 30.8923 -10.2743 5.99
      vertex 30.952 -10.5123 5.99
    endloop
  endfacet
  facet normal 0 0 -1
    outer loop
      vertex 30.8097 -11.9567 5.99
      vertex 30.8923 -10.2743 5.99
      vertex 30.8923 -11.7257 5.99
    endloop
  endfacet
  facet normal 0 0 -1
    outer loop
      vertex 30.8097 -11.9567 5.99
      vertex 30.8097 -10.0433 5.99
      vertex 30.8923 -10.2743 5.99
    endloop
  endfacet
  facet normal 0 0 -1
    outer loop
      vertex 30.7048 -12.1785 5.99
      vertex 30.8097 -10.0433 5.99
      vertex 30.8097 -11.9567 5.99
    endloop
  endfacet
  facet normal 0 0 -1
    outer loop
      vertex 30.7048 -12.1785 5.99
      vertex 30.7048 -9.82151 5.99
      vertex 30.8097 -10.0433 5.99
    endloop
  endfacet
  facet normal 0 0 -1
    outer loop
      vertex 30.5787 -12.3889 5.99
      vertex 30.7048 -9.82151 5.99
      vertex 30.7048 -12.1785 5.99
    endloop
  endfacet
  facet normal 0 0 -1
    outer loop
      vertex 30.5787 -12.3889 5.99
      vertex 30.5787 -9.61107 5.99
      vertex 30.7048 -9.82151 5.99
    endloop
  endfacet
  facet normal 0 0 -1
    outer loop
      vertex 30.4325 -12.586 5.99
      vertex 30.5787 -9.61107 5.99
      vertex 30.5787 -12.3889 5.99
    endloop
  endfacet
  facet normal 0 0 -1
    outer loop
      vertex 30.4325 -12.586 5.99
      vertex 30.4325 -9.41402 5.99
      vertex 30.5787 -9.61107 5.99
    endloop
  endfacet
  facet normal 0 0 -1
    outer loop
      vertex 30.2678 -12.7678 5.99
      vertex 30.4325 -9.41402 5.99
      vertex 30.4325 -12.586 5.99
    endloop
  endfacet
  facet normal 0 0 -1
    outer loop
      vertex 30.2678 -12.7678 5.99
      vertex 30.2678 -9.23223 5.99
      vertex 30.4325 -9.41402 5.99
    endloop
  endfacet
  facet normal 0 0 -1
    outer loop
      vertex 30.086 -12.9325 5.99
      vertex 30.2678 -9.23223 5.99
      vertex 30.2678 -12.7678 5.99
    endloop
  endfacet
  facet normal 0 0 -1
    outer loop
      vertex 30.086 -12.9325 5.99
      vertex 30.086 -9.06747 5.99
      vertex 30.2678 -9.23223 5.99
    endloop
  endfacet
  facet normal 0 0 -1
    outer loop
      vertex 29.8889 -13.0787 5.99
      vertex 30.086 -9.06747 5.99
      vertex 30.086 -12.9325 5.99
    endloop
  endfacet
  facet normal 0 0 -1
    outer loop
      vertex 29.8889 -13.0787 5.99
      vertex 29.8889 -8.92133 5.99
      vertex 30.086 -9.06747 5.99
    endloop
  endfacet
  facet normal 0 0 -1
    outer loop
      vertex 29.6785 -13.2048 5.99
      vertex 29.8889 -8.92133 5.99
      vertex 29.8889 -13.0787 5.99
    endloop
  endfacet
  facet normal 0 0 -1
    outer loop
      vertex 29.6785 -13.2048 5.99
      vertex 29.6785 -8.7952 5.99
      vertex 29.8889 -8.92133 5.99
    endloop
  endfacet
  facet normal 0 0 -1
    outer loop
      vertex 29.4567 -13.3097 5.99
      vertex 29.6785 -8.7952 5.99
      vertex 29.6785 -13.2048 5.99
    endloop
  endfacet
  facet normal 0 0 -1
    outer loop
      vertex 29.4567 -13.3097 5.99
      vertex 29.4567 -8.6903 5.99
      vertex 29.6785 -8.7952 5.99
    endloop
  endfacet
  facet normal 0 0 -1
    outer loop
      vertex 29.2257 -13.3924 5.99
      vertex 29.4567 -8.6903 5.99
      vertex 29.4567 -13.3097 5.99
    endloop
  endfacet
  facet normal 0 0 -1
    outer loop
      vertex 29.2257 -13.3924 5.99
      vertex 29.2257 -8.60765 5.99
      vertex 29.4567 -8.6903 5.99
    endloop
  endfacet
  facet normal 0 0 -1
    outer loop
      vertex 28.9877 -13.452 5.99
      vertex 29.2257 -8.60765 5.99
      vertex 29.2257 -13.3924 5.99
    endloop
  endfacet
  facet normal 0 0 -1
    outer loop
      vertex 28.9877 -13.452 5.99
      vertex 28.9877 -8.54804 5.99
      vertex 29.2257 -8.60765 5.99
    endloop
  endfacet
  facet normal 0 0 -1
    outer loop
      vertex 28.745 -13.488 5.99
      vertex 28.9877 -8.54804 5.99
      vertex 28.9877 -13.452 5.99
    endloop
  endfacet
  facet normal 0 0 -1
    outer loop
      vertex 28.745 -13.488 5.99
      vertex 28.745 -8.51204 5.99
      vertex 28.9877 -8.54804 5.99
    endloop
  endfacet
  facet normal 0 0 -1
    outer loop
      vertex 28.5 -13.5 5.99
      vertex 28.745 -8.51204 5.99
      vertex 28.745 -13.488 5.99
    endloop
  endfacet
  facet normal 0 0 -1
    outer loop
      vertex 28.5 -13.5 5.99
      vertex 28.5 -8.5 5.99
      vertex 28.745 -8.51204 5.99
    endloop
  endfacet
  facet normal 0 0 -1
    outer loop
      vertex 28.255 -13.488 5.99
      vertex 28.5 -8.5 5.99
      vertex 28.5 -13.5 5.99
    endloop
  endfacet
  facet normal 0 0 -1
    outer loop
      vertex 28.255 -13.488 5.99
      vertex 28.255 -8.51204 5.99
      vertex 28.5 -8.5 5.99
    endloop
  endfacet
  facet normal 0 0 -1
    outer loop
      vertex 28.0123 -13.452 5.99
      vertex 28.255 -8.51204 5.99
      vertex 28.255 -13.488 5.99
    endloop
  endfacet
  facet normal 0 0 -1
    outer loop
      vertex 28.0123 -13.452 5.99
      vertex 28.0123 -8.54804 5.99
      vertex 28.255 -8.51204 5.99
    endloop
  endfacet
  facet normal 0 0 -1
    outer loop
      vertex 27.7743 -13.3924 5.99
      vertex 28.0123 -8.54804 5.99
      vertex 28.0123 -13.452 5.99
    endloop
  endfacet
  facet normal 0 0 -1
    outer loop
      vertex 27.7743 -13.3924 5.99
      vertex 27.7743 -8.60765 5.99
      vertex 28.0123 -8.54804 5.99
    endloop
  endfacet
  facet normal 0 0 -1
    outer loop
      vertex 27.5433 -13.3097 5.99
      vertex 27.7743 -8.60765 5.99
      vertex 27.7743 -13.3924 5.99
    endloop
  endfacet
  facet normal 0 0 -1
    outer loop
      vertex 27.5433 -13.3097 5.99
      vertex 27.5433 -8.6903 5.99
      vertex 27.7743 -8.60765 5.99
    endloop
  endfacet
  facet normal 0 0 -1
    outer loop
      vertex 27.3215 -13.2048 5.99
      vertex 27.5433 -8.6903 5.99
      vertex 27.5433 -13.3097 5.99
    endloop
  endfacet
  facet normal 0 0 -1
    outer loop
      vertex 27.3215 -13.2048 5.99
      vertex 27.3215 -8.7952 5.99
      vertex 27.5433 -8.6903 5.99
    endloop
  endfacet
  facet normal 0 0 -1
    outer loop
      vertex 27.1111 -13.0787 5.99
      vertex 27.3215 -8.7952 5.99
      vertex 27.3215 -13.2048 5.99
    endloop
  endfacet
  facet normal 0 0 -1
    outer loop
      vertex 27.1111 -13.0787 5.99
      vertex 27.1111 -8.92133 5.99
      vertex 27.3215 -8.7952 5.99
    endloop
  endfacet
  facet normal 0 0 -1
    outer loop
      vertex 26.914 -12.9325 5.99
      vertex 27.1111 -8.92133 5.99
      vertex 27.1111 -13.0787 5.99
    endloop
  endfacet
  facet normal 0 0 -1
    outer loop
      vertex 26.914 -12.9325 5.99
      vertex 26.914 -9.06747 5.99
      vertex 27.1111 -8.92133 5.99
    endloop
  endfacet
  facet normal 0 0 -1
    outer loop
      vertex 26.7322 -12.7678 5.99
      vertex 26.914 -9.06747 5.99
      vertex 26.914 -12.9325 5.99
    endloop
  endfacet
  facet normal 0 0 -1
    outer loop
      vertex 26.7322 -12.7678 5.99
      vertex 26.7322 -9.23223 5.99
      vertex 26.914 -9.06747 5.99
    endloop
  endfacet
  facet normal 0 0 -1
    outer loop
      vertex 26.5675 -12.586 5.99
      vertex 26.7322 -9.23223 5.99
      vertex 26.7322 -12.7678 5.99
    endloop
  endfacet
  facet normal 0 0 -1
    outer loop
      vertex 26.5675 -12.586 5.99
      vertex 26.5675 -9.41402 5.99
      vertex 26.7322 -9.23223 5.99
    endloop
  endfacet
  facet normal 0 0 -1
    outer loop
      vertex 26.4213 -12.3889 5.99
      vertex 26.5675 -9.41402 5.99
      vertex 26.5675 -12.586 5.99
    endloop
  endfacet
  facet normal 0 0 -1
    outer loop
      vertex 26.4213 -12.3889 5.99
      vertex 26.4213 -9.61107 5.99
      vertex 26.5675 -9.41402 5.99
    endloop
  endfacet
  facet normal 0 0 -1
    outer loop
      vertex 26.2952 -12.1785 5.99
      vertex 26.4213 -9.61107 5.99
      vertex 26.4213 -12.3889 5.99
    endloop
  endfacet
  facet normal 0 0 -1
    outer loop
      vertex 26.2952 -12.1785 5.99
      vertex 26.2952 -9.82151 5.99
      vertex 26.4213 -9.61107 5.99
    endloop
  endfacet
  facet normal 0 0 -1
    outer loop
      vertex 26.1903 -11.9567 5.99
      vertex 26.2952 -9.82151 5.99
      vertex 26.2952 -12.1785 5.99
    endloop
  endfacet
  facet normal 0 0 -1
    outer loop
      vertex 26.1903 -11.9567 5.99
      vertex 26.1903 -10.0433 5.99
      vertex 26.2952 -9.82151 5.99
    endloop
  endfacet
  facet normal 0 0 -1
    outer loop
      vertex 26.1076 -11.7257 5.99
      vertex 26.1903 -10.0433 5.99
      vertex 26.1903 -11.9567 5.99
    endloop
  endfacet
  facet normal 0 0 -1
    outer loop
      vertex 26.1076 -11.7257 5.99
      vertex 26.1076 -10.2743 5.99
      vertex 26.1903 -10.0433 5.99
    endloop
  endfacet
  facet normal 0 0 -1
    outer loop
      vertex 26.048 -11.4877 5.99
      vertex 26.1076 -10.2743 5.99
      vertex 26.1076 -11.7257 5.99
    endloop
  endfacet
  facet normal 0 0 -1
    outer loop
      vertex 26.048 -11.4877 5.99
      vertex 26.048 -10.5123 5.99
      vertex 26.1076 -10.2743 5.99
    endloop
  endfacet
  facet normal 0 0 -1
    outer loop
      vertex 26.012 -11.245 5.99
      vertex 26.048 -10.5123 5.99
      vertex 26.048 -11.4877 5.99
    endloop
  endfacet
  facet normal 0 0 -1
    outer loop
      vertex 26.012 -11.245 5.99
      vertex 26.012 -10.755 5.99
      vertex 26.048 -10.5123 5.99
    endloop
  endfacet
  facet normal 0 -0 -1
    outer loop
      vertex 26.012 -10.755 5.99
      vertex 26.012 -11.245 5.99
      vertex 26 -11 5.99
    endloop
  endfacet
  facet normal -0.336879 -0.941548 0
    outer loop
      vertex 27.5433 8.6903 5.99
      vertex 27.7743 8.60765 20.99
      vertex 27.5433 8.6903 20.99
    endloop
  endfacet
  facet normal -0.336879 -0.941548 -0
    outer loop
      vertex 27.7743 8.60765 20.99
      vertex 27.5433 8.6903 5.99
      vertex 27.7743 8.60765 5.99
    endloop
  endfacet
  facet normal 0.989177 0.146726 0
    outer loop
      vertex 30.988 11.245 20.99
      vertex 30.952 11.4877 5.99
      vertex 30.952 11.4877 20.99
    endloop
  endfacet
  facet normal 0.989177 0.146726 0
    outer loop
      vertex 30.952 11.4877 5.99
      vertex 30.988 11.245 20.99
      vertex 30.988 11.245 5.99
    endloop
  endfacet
  facet normal 0.998803 0.0489209 0
    outer loop
      vertex 31 11 20.99
      vertex 30.988 11.245 5.99
      vertex 30.988 11.245 20.99
    endloop
  endfacet
  facet normal 0.998803 0.0489209 0
    outer loop
      vertex 30.988 11.245 5.99
      vertex 31 11 20.99
      vertex 31 11 5.99
    endloop
  endfacet
  facet normal 0.96995 0.243303 0
    outer loop
      vertex 30.952 11.4877 20.99
      vertex 30.8923 11.7257 5.99
      vertex 30.8923 11.7257 20.99
    endloop
  endfacet
  facet normal 0.96995 0.243303 0
    outer loop
      vertex 30.8923 11.7257 5.99
      vertex 30.952 11.4877 20.99
      vertex 30.952 11.4877 5.99
    endloop
  endfacet
  facet normal -0.989177 0.146726 0
    outer loop
      vertex 26.012 11.245 5.99
      vertex 26.048 11.4877 20.99
      vertex 26.048 11.4877 5.99
    endloop
  endfacet
  facet normal -0.989177 0.146726 0
    outer loop
      vertex 26.048 11.4877 20.99
      vertex 26.012 11.245 5.99
      vertex 26.012 11.245 20.99
    endloop
  endfacet
  facet normal -0.242958 -0.970037 0
    outer loop
      vertex 27.7743 8.60765 5.99
      vertex 28.0123 8.54804 20.99
      vertex 27.7743 8.60765 20.99
    endloop
  endfacet
  facet normal -0.242958 -0.970037 -0
    outer loop
      vertex 28.0123 8.54804 20.99
      vertex 27.7743 8.60765 5.99
      vertex 28.0123 8.54804 5.99
    endloop
  endfacet
  facet normal 0.337059 0.941483 -0
    outer loop
      vertex 29.4567 13.3097 5.99
      vertex 29.2257 13.3924 20.99
      vertex 29.4567 13.3097 20.99
    endloop
  endfacet
  facet normal 0.337059 0.941483 0
    outer loop
      vertex 29.2257 13.3924 20.99
      vertex 29.4567 13.3097 5.99
      vertex 29.2257 13.3924 5.99
    endloop
  endfacet
  facet normal -0.514076 0.857745 0
    outer loop
      vertex 27.3215 13.2048 5.99
      vertex 27.1111 13.0787 20.99
      vertex 27.3215 13.2048 20.99
    endloop
  endfacet
  facet normal -0.514076 0.857745 0
    outer loop
      vertex 27.1111 13.0787 20.99
      vertex 27.3215 13.2048 5.99
      vertex 27.1111 13.0787 5.99
    endloop
  endfacet
  facet normal -0.903987 -0.427559 0
    outer loop
      vertex 26.2952 9.82151 5.99
      vertex 26.1903 10.0433 20.99
      vertex 26.1903 10.0433 5.99
    endloop
  endfacet
  facet normal -0.903987 -0.427559 0
    outer loop
      vertex 26.1903 10.0433 20.99
      vertex 26.2952 9.82151 5.99
      vertex 26.2952 9.82151 20.99
    endloop
  endfacet
  facet normal -0.242919 0.970047 0
    outer loop
      vertex 28.0123 13.452 5.99
      vertex 27.7743 13.3924 20.99
      vertex 28.0123 13.452 20.99
    endloop
  endfacet
  facet normal -0.242919 0.970047 0
    outer loop
      vertex 27.7743 13.3924 20.99
      vertex 28.0123 13.452 5.99
      vertex 27.7743 13.3924 5.99
    endloop
  endfacet
  facet normal -0.857788 -0.514004 0
    outer loop
      vertex 26.4213 9.61107 5.99
      vertex 26.2952 9.82151 20.99
      vertex 26.2952 9.82151 5.99
    endloop
  endfacet
  facet normal -0.857788 -0.514004 0
    outer loop
      vertex 26.2952 9.82151 20.99
      vertex 26.4213 9.61107 5.99
      vertex 26.4213 9.61107 20.99
    endloop
  endfacet
  facet normal 0.242958 -0.970037 0
    outer loop
      vertex 28.9877 8.54804 5.99
      vertex 29.2257 8.60765 20.99
      vertex 28.9877 8.54804 20.99
    endloop
  endfacet
  facet normal 0.242958 -0.970037 0
    outer loop
      vertex 29.2257 8.60765 20.99
      vertex 28.9877 8.54804 5.99
      vertex 29.2257 8.60765 5.99
    endloop
  endfacet
  facet normal -0.595596 -0.803284 0
    outer loop
      vertex 26.914 9.06747 5.99
      vertex 27.1111 8.92133 20.99
      vertex 26.914 9.06747 20.99
    endloop
  endfacet
  facet normal -0.595596 -0.803284 -0
    outer loop
      vertex 27.1111 8.92133 20.99
      vertex 26.914 9.06747 5.99
      vertex 27.1111 8.92133 5.99
    endloop
  endfacet
  facet normal 0.514166 -0.857691 0
    outer loop
      vertex 29.6785 8.7952 5.99
      vertex 29.8889 8.92133 20.99
      vertex 29.6785 8.7952 20.99
    endloop
  endfacet
  facet normal 0.514166 -0.857691 0
    outer loop
      vertex 29.8889 8.92133 20.99
      vertex 29.6785 8.7952 5.99
      vertex 29.8889 8.92133 5.99
    endloop
  endfacet
  facet normal 0.803095 -0.595851 0
    outer loop
      vertex 30.4325 9.41402 20.99
      vertex 30.5787 9.61107 5.99
      vertex 30.5787 9.61107 20.99
    endloop
  endfacet
  facet normal 0.803095 -0.595851 0
    outer loop
      vertex 30.5787 9.61107 5.99
      vertex 30.4325 9.41402 20.99
      vertex 30.4325 9.41402 5.99
    endloop
  endfacet
  facet normal 0.146726 0.989177 -0
    outer loop
      vertex 28.9877 13.452 5.99
      vertex 28.745 13.488 20.99
      vertex 28.9877 13.452 20.99
    endloop
  endfacet
  facet normal 0.146726 0.989177 0
    outer loop
      vertex 28.745 13.488 20.99
      vertex 28.9877 13.452 5.99
      vertex 28.745 13.488 5.99
    endloop
  endfacet
  facet normal -0.595754 0.803167 0
    outer loop
      vertex 27.1111 13.0787 5.99
      vertex 26.914 12.9325 20.99
      vertex 27.1111 13.0787 20.99
    endloop
  endfacet
  facet normal -0.595754 0.803167 0
    outer loop
      vertex 26.914 12.9325 20.99
      vertex 27.1111 13.0787 5.99
      vertex 26.914 12.9325 5.99
    endloop
  endfacet
  facet normal -0.803167 0.595754 0
    outer loop
      vertex 26.4213 12.3889 5.99
      vertex 26.5675 12.586 20.99
      vertex 26.5675 12.586 5.99
    endloop
  endfacet
  facet normal -0.803167 0.595754 0
    outer loop
      vertex 26.5675 12.586 20.99
      vertex 26.4213 12.3889 5.99
      vertex 26.4213 12.3889 20.99
    endloop
  endfacet
  facet normal 0.989177 -0.146726 0
    outer loop
      vertex 30.952 10.5123 20.99
      vertex 30.988 10.755 5.99
      vertex 30.988 10.755 20.99
    endloop
  endfacet
  facet normal 0.989177 -0.146726 0
    outer loop
      vertex 30.988 10.755 5.99
      vertex 30.952 10.5123 20.99
      vertex 30.952 10.5123 5.99
    endloop
  endfacet
  facet normal -0.941483 0.337059 0
    outer loop
      vertex 26.1076 11.7257 5.99
      vertex 26.1903 11.9567 20.99
      vertex 26.1903 11.9567 5.99
    endloop
  endfacet
  facet normal -0.941483 0.337059 0
    outer loop
      vertex 26.1903 11.9567 20.99
      vertex 26.1076 11.7257 5.99
      vertex 26.1076 11.7257 20.99
    endloop
  endfacet
  facet normal 0.427543 0.903995 -0
    outer loop
      vertex 29.6785 13.2048 5.99
      vertex 29.4567 13.3097 20.99
      vertex 29.6785 13.2048 20.99
    endloop
  endfacet
  facet normal 0.427543 0.903995 0
    outer loop
      vertex 29.4567 13.3097 20.99
      vertex 29.6785 13.2048 5.99
      vertex 29.4567 13.3097 5.99
    endloop
  endfacet
  facet normal -0.941483 -0.337059 0
    outer loop
      vertex 26.1903 10.0433 5.99
      vertex 26.1076 10.2743 20.99
      vertex 26.1076 10.2743 5.99
    endloop
  endfacet
  facet normal -0.941483 -0.337059 0
    outer loop
      vertex 26.1076 10.2743 20.99
      vertex 26.1903 10.0433 5.99
      vertex 26.1903 10.0433 20.99
    endloop
  endfacet
  facet normal 0.96995 -0.243303 0
    outer loop
      vertex 30.8923 10.2743 20.99
      vertex 30.952 10.5123 5.99
      vertex 30.952 10.5123 20.99
    endloop
  endfacet
  facet normal 0.96995 -0.243303 0
    outer loop
      vertex 30.952 10.5123 5.99
      vertex 30.8923 10.2743 20.99
      vertex 30.8923 10.2743 5.99
    endloop
  endfacet
  facet normal -0.0489209 0.998803 0
    outer loop
      vertex 28.5 13.5 5.99
      vertex 28.255 13.488 20.99
      vertex 28.5 13.5 20.99
    endloop
  endfacet
  facet normal -0.0489209 0.998803 0
    outer loop
      vertex 28.255 13.488 20.99
      vertex 28.5 13.5 5.99
      vertex 28.255 13.488 5.99
    endloop
  endfacet
  facet normal 0.671394 0.741101 -0
    outer loop
      vertex 30.2678 12.7678 5.99
      vertex 30.086 12.9325 20.99
      vertex 30.2678 12.7678 20.99
    endloop
  endfacet
  facet normal 0.671394 0.741101 0
    outer loop
      vertex 30.086 12.9325 20.99
      vertex 30.2678 12.7678 5.99
      vertex 30.086 12.9325 5.99
    endloop
  endfacet
  facet normal -0.427543 0.903995 0
    outer loop
      vertex 27.5433 13.3097 5.99
      vertex 27.3215 13.2048 20.99
      vertex 27.5433 13.3097 20.99
    endloop
  endfacet
  facet normal -0.427543 0.903995 0
    outer loop
      vertex 27.3215 13.2048 20.99
      vertex 27.5433 13.3097 5.99
      vertex 27.3215 13.2048 5.99
    endloop
  endfacet
  facet normal -0.671394 0.741101 0
    outer loop
      vertex 26.914 12.9325 5.99
      vertex 26.7322 12.7678 20.99
      vertex 26.914 12.9325 20.99
    endloop
  endfacet
  facet normal -0.671394 0.741101 0
    outer loop
      vertex 26.7322 12.7678 20.99
      vertex 26.914 12.9325 5.99
      vertex 26.7322 12.7678 5.99
    endloop
  endfacet
  facet normal 0.336879 -0.941548 0
    outer loop
      vertex 29.2257 8.60765 5.99
      vertex 29.4567 8.6903 20.99
      vertex 29.2257 8.60765 20.99
    endloop
  endfacet
  facet normal 0.336879 -0.941548 0
    outer loop
      vertex 29.4567 8.6903 20.99
      vertex 29.2257 8.60765 5.99
      vertex 29.4567 8.6903 5.99
    endloop
  endfacet
  facet normal -0.337059 0.941483 0
    outer loop
      vertex 27.7743 13.3924 5.99
      vertex 27.5433 13.3097 20.99
      vertex 27.7743 13.3924 20.99
    endloop
  endfacet
  facet normal -0.337059 0.941483 0
    outer loop
      vertex 27.5433 13.3097 20.99
      vertex 27.7743 13.3924 5.99
      vertex 27.5433 13.3097 5.99
    endloop
  endfacet
  facet normal 0.803167 0.595754 0
    outer loop
      vertex 30.5787 12.3889 20.99
      vertex 30.4325 12.586 5.99
      vertex 30.4325 12.586 20.99
    endloop
  endfacet
  facet normal 0.803167 0.595754 0
    outer loop
      vertex 30.4325 12.586 5.99
      vertex 30.5787 12.3889 20.99
      vertex 30.5787 12.3889 5.99
    endloop
  endfacet
  facet normal -0.857745 0.514076 0
    outer loop
      vertex 26.2952 12.1785 5.99
      vertex 26.4213 12.3889 20.99
      vertex 26.4213 12.3889 5.99
    endloop
  endfacet
  facet normal -0.857745 0.514076 0
    outer loop
      vertex 26.4213 12.3889 20.99
      vertex 26.2952 12.1785 5.99
      vertex 26.2952 12.1785 20.99
    endloop
  endfacet
  facet normal 0.998803 -0.0489209 0
    outer loop
      vertex 30.988 10.755 20.99
      vertex 31 11 5.99
      vertex 31 11 20.99
    endloop
  endfacet
  facet normal 0.998803 -0.0489209 0
    outer loop
      vertex 31 11 5.99
      vertex 30.988 10.755 20.99
      vertex 30.988 10.755 5.99
    endloop
  endfacet
  facet normal 0.903987 -0.427559 0
    outer loop
      vertex 30.7048 9.82151 20.99
      vertex 30.8097 10.0433 5.99
      vertex 30.8097 10.0433 20.99
    endloop
  endfacet
  facet normal 0.903987 -0.427559 0
    outer loop
      vertex 30.8097 10.0433 5.99
      vertex 30.7048 9.82151 20.99
      vertex 30.7048 9.82151 5.99
    endloop
  endfacet
  facet normal -0.671528 -0.740979 0
    outer loop
      vertex 26.7322 9.23223 5.99
      vertex 26.914 9.06747 20.99
      vertex 26.7322 9.23223 20.99
    endloop
  endfacet
  facet normal -0.671528 -0.740979 -0
    outer loop
      vertex 26.914 9.06747 20.99
      vertex 26.7322 9.23223 5.99
      vertex 26.914 9.06747 5.99
    endloop
  endfacet
  facet normal 0.595754 0.803167 -0
    outer loop
      vertex 30.086 12.9325 5.99
      vertex 29.8889 13.0787 20.99
      vertex 30.086 12.9325 20.99
    endloop
  endfacet
  facet normal 0.595754 0.803167 0
    outer loop
      vertex 29.8889 13.0787 20.99
      vertex 30.086 12.9325 5.99
      vertex 29.8889 13.0787 5.99
    endloop
  endfacet
  facet normal -0.514166 -0.857691 0
    outer loop
      vertex 27.1111 8.92133 5.99
      vertex 27.3215 8.7952 20.99
      vertex 27.1111 8.92133 20.99
    endloop
  endfacet
  facet normal -0.514166 -0.857691 -0
    outer loop
      vertex 27.3215 8.7952 20.99
      vertex 27.1111 8.92133 5.99
      vertex 27.3215 8.7952 5.99
    endloop
  endfacet
  facet normal 0.514076 0.857745 -0
    outer loop
      vertex 29.8889 13.0787 5.99
      vertex 29.6785 13.2048 20.99
      vertex 29.8889 13.0787 20.99
    endloop
  endfacet
  facet normal 0.514076 0.857745 0
    outer loop
      vertex 29.6785 13.2048 20.99
      vertex 29.8889 13.0787 5.99
      vertex 29.6785 13.2048 5.99
    endloop
  endfacet
  facet normal 0.146726 -0.989177 0
    outer loop
      vertex 28.745 8.51204 5.99
      vertex 28.9877 8.54804 20.99
      vertex 28.745 8.51204 20.99
    endloop
  endfacet
  facet normal 0.146726 -0.989177 0
    outer loop
      vertex 28.9877 8.54804 20.99
      vertex 28.745 8.51204 5.99
      vertex 28.9877 8.54804 5.99
    endloop
  endfacet
  facet normal 0.941613 0.336698 0
    outer loop
      vertex 30.8923 11.7257 20.99
      vertex 30.8097 11.9567 5.99
      vertex 30.8097 11.9567 20.99
    endloop
  endfacet
  facet normal 0.941613 0.336698 0
    outer loop
      vertex 30.8097 11.9567 5.99
      vertex 30.8923 11.7257 20.99
      vertex 30.8923 11.7257 5.99
    endloop
  endfacet
  facet normal 0.857788 -0.514004 0
    outer loop
      vertex 30.5787 9.61107 20.99
      vertex 30.7048 9.82151 5.99
      vertex 30.7048 9.82151 20.99
    endloop
  endfacet
  facet normal 0.857788 -0.514004 0
    outer loop
      vertex 30.7048 9.82151 5.99
      vertex 30.5787 9.61107 20.99
      vertex 30.5787 9.61107 5.99
    endloop
  endfacet
  facet normal -0.998803 -0.0489209 0
    outer loop
      vertex 26.012 10.755 5.99
      vertex 26 11 20.99
      vertex 26 11 5.99
    endloop
  endfacet
  facet normal -0.998803 -0.0489209 0
    outer loop
      vertex 26 11 20.99
      vertex 26.012 10.755 5.99
      vertex 26.012 10.755 20.99
    endloop
  endfacet
  facet normal 0.941613 -0.336698 0
    outer loop
      vertex 30.8097 10.0433 20.99
      vertex 30.8923 10.2743 5.99
      vertex 30.8923 10.2743 20.99
    endloop
  endfacet
  facet normal 0.941613 -0.336698 0
    outer loop
      vertex 30.8923 10.2743 5.99
      vertex 30.8097 10.0433 20.99
      vertex 30.8097 10.0433 5.99
    endloop
  endfacet
  facet normal -0.146726 0.989177 0
    outer loop
      vertex 28.255 13.488 5.99
      vertex 28.0123 13.452 20.99
      vertex 28.255 13.488 20.99
    endloop
  endfacet
  facet normal -0.146726 0.989177 0
    outer loop
      vertex 28.0123 13.452 20.99
      vertex 28.255 13.488 5.99
      vertex 28.0123 13.452 5.99
    endloop
  endfacet
  facet normal 0.741101 0.671394 0
    outer loop
      vertex 30.4325 12.586 20.99
      vertex 30.2678 12.7678 5.99
      vertex 30.2678 12.7678 20.99
    endloop
  endfacet
  facet normal 0.741101 0.671394 0
    outer loop
      vertex 30.2678 12.7678 5.99
      vertex 30.4325 12.586 20.99
      vertex 30.4325 12.586 5.99
    endloop
  endfacet
  facet normal 0.0489209 0.998803 -0
    outer loop
      vertex 28.745 13.488 5.99
      vertex 28.5 13.5 20.99
      vertex 28.745 13.488 20.99
    endloop
  endfacet
  facet normal 0.0489209 0.998803 0
    outer loop
      vertex 28.5 13.5 20.99
      vertex 28.745 13.488 5.99
      vertex 28.5 13.5 5.99
    endloop
  endfacet
  facet normal 0.903995 0.427543 0
    outer loop
      vertex 30.8097 11.9567 20.99
      vertex 30.7048 12.1785 5.99
      vertex 30.7048 12.1785 20.99
    endloop
  endfacet
  facet normal 0.903995 0.427543 0
    outer loop
      vertex 30.7048 12.1785 5.99
      vertex 30.8097 11.9567 20.99
      vertex 30.8097 11.9567 5.99
    endloop
  endfacet
  facet normal -0.146726 -0.989177 0
    outer loop
      vertex 28.0123 8.54804 5.99
      vertex 28.255 8.51204 20.99
      vertex 28.0123 8.54804 20.99
    endloop
  endfacet
  facet normal -0.146726 -0.989177 -0
    outer loop
      vertex 28.255 8.51204 20.99
      vertex 28.0123 8.54804 5.99
      vertex 28.255 8.51204 5.99
    endloop
  endfacet
  facet normal 0.671528 -0.740979 0
    outer loop
      vertex 30.086 9.06747 5.99
      vertex 30.2678 9.23223 20.99
      vertex 30.086 9.06747 20.99
    endloop
  endfacet
  facet normal 0.671528 -0.740979 0
    outer loop
      vertex 30.2678 9.23223 20.99
      vertex 30.086 9.06747 5.99
      vertex 30.2678 9.23223 5.99
    endloop
  endfacet
  facet normal 0.857745 0.514076 0
    outer loop
      vertex 30.7048 12.1785 20.99
      vertex 30.5787 12.3889 5.99
      vertex 30.5787 12.3889 20.99
    endloop
  endfacet
  facet normal 0.857745 0.514076 0
    outer loop
      vertex 30.5787 12.3889 5.99
      vertex 30.7048 12.1785 20.99
      vertex 30.7048 12.1785 5.99
    endloop
  endfacet
  facet normal -0.0490836 -0.998795 0
    outer loop
      vertex 28.255 8.51204 5.99
      vertex 28.5 8.5 20.99
      vertex 28.255 8.51204 20.99
    endloop
  endfacet
  facet normal -0.0490836 -0.998795 -0
    outer loop
      vertex 28.5 8.5 20.99
      vertex 28.255 8.51204 5.99
      vertex 28.5 8.5 5.99
    endloop
  endfacet
  facet normal -0.741101 0.671394 0
    outer loop
      vertex 26.5675 12.586 5.99
      vertex 26.7322 12.7678 20.99
      vertex 26.7322 12.7678 5.99
    endloop
  endfacet
  facet normal -0.741101 0.671394 0
    outer loop
      vertex 26.7322 12.7678 20.99
      vertex 26.5675 12.586 5.99
      vertex 26.5675 12.586 20.99
    endloop
  endfacet
  facet normal -0.903995 0.427543 0
    outer loop
      vertex 26.1903 11.9567 5.99
      vertex 26.2952 12.1785 20.99
      vertex 26.2952 12.1785 5.99
    endloop
  endfacet
  facet normal -0.903995 0.427543 0
    outer loop
      vertex 26.2952 12.1785 20.99
      vertex 26.1903 11.9567 5.99
      vertex 26.1903 11.9567 20.99
    endloop
  endfacet
  facet normal -0.970047 0.242919 0
    outer loop
      vertex 26.048 11.4877 5.99
      vertex 26.1076 11.7257 20.99
      vertex 26.1076 11.7257 5.99
    endloop
  endfacet
  facet normal -0.970047 0.242919 0
    outer loop
      vertex 26.1076 11.7257 20.99
      vertex 26.048 11.4877 5.99
      vertex 26.048 11.4877 20.99
    endloop
  endfacet
  facet normal 0.242919 0.970047 -0
    outer loop
      vertex 29.2257 13.3924 5.99
      vertex 28.9877 13.452 20.99
      vertex 29.2257 13.3924 20.99
    endloop
  endfacet
  facet normal 0.242919 0.970047 0
    outer loop
      vertex 28.9877 13.452 20.99
      vertex 29.2257 13.3924 5.99
      vertex 28.9877 13.452 5.99
    endloop
  endfacet
  facet normal -0.970047 -0.242919 0
    outer loop
      vertex 26.1076 10.2743 5.99
      vertex 26.048 10.5123 20.99
      vertex 26.048 10.5123 5.99
    endloop
  endfacet
  facet normal -0.970047 -0.242919 0
    outer loop
      vertex 26.048 10.5123 20.99
      vertex 26.1076 10.2743 5.99
      vertex 26.1076 10.2743 20.99
    endloop
  endfacet
  facet normal -0.427543 -0.903995 0
    outer loop
      vertex 27.3215 8.7952 5.99
      vertex 27.5433 8.6903 20.99
      vertex 27.3215 8.7952 20.99
    endloop
  endfacet
  facet normal -0.427543 -0.903995 -0
    outer loop
      vertex 27.5433 8.6903 20.99
      vertex 27.3215 8.7952 5.99
      vertex 27.5433 8.6903 5.99
    endloop
  endfacet
  facet normal -0.741083 -0.671414 0
    outer loop
      vertex 26.7322 9.23223 5.99
      vertex 26.5675 9.41402 20.99
      vertex 26.5675 9.41402 5.99
    endloop
  endfacet
  facet normal -0.741083 -0.671414 0
    outer loop
      vertex 26.5675 9.41402 20.99
      vertex 26.7322 9.23223 5.99
      vertex 26.7322 9.23223 20.99
    endloop
  endfacet
  facet normal 0.427543 -0.903995 0
    outer loop
      vertex 29.4567 8.6903 5.99
      vertex 29.6785 8.7952 20.99
      vertex 29.4567 8.6903 20.99
    endloop
  endfacet
  facet normal 0.427543 -0.903995 0
    outer loop
      vertex 29.6785 8.7952 20.99
      vertex 29.4567 8.6903 5.99
      vertex 29.6785 8.7952 5.99
    endloop
  endfacet
  facet normal 0.0490836 -0.998795 0
    outer loop
      vertex 28.5 8.5 5.99
      vertex 28.745 8.51204 20.99
      vertex 28.5 8.5 20.99
    endloop
  endfacet
  facet normal 0.0490836 -0.998795 0
    outer loop
      vertex 28.745 8.51204 20.99
      vertex 28.5 8.5 5.99
      vertex 28.745 8.51204 5.99
    endloop
  endfacet
  facet normal -0.989177 -0.146726 0
    outer loop
      vertex 26.048 10.5123 5.99
      vertex 26.012 10.755 20.99
      vertex 26.012 10.755 5.99
    endloop
  endfacet
  facet normal -0.989177 -0.146726 0
    outer loop
      vertex 26.012 10.755 20.99
      vertex 26.048 10.5123 5.99
      vertex 26.048 10.5123 20.99
    endloop
  endfacet
  facet normal 0.595596 -0.803284 0
    outer loop
      vertex 29.8889 8.92133 5.99
      vertex 30.086 9.06747 20.99
      vertex 29.8889 8.92133 20.99
    endloop
  endfacet
  facet normal 0.595596 -0.803284 0
    outer loop
      vertex 30.086 9.06747 20.99
      vertex 29.8889 8.92133 5.99
      vertex 30.086 9.06747 5.99
    endloop
  endfacet
  facet normal 0 0 -1
    outer loop
      vertex 30.988 10.755 5.99
      vertex 30.988 11.245 5.99
      vertex 31 11 5.99
    endloop
  endfacet
  facet normal 0 0 -1
    outer loop
      vertex 30.952 10.5123 5.99
      vertex 30.988 11.245 5.99
      vertex 30.988 10.755 5.99
    endloop
  endfacet
  facet normal 0 0 -1
    outer loop
      vertex 30.952 10.5123 5.99
      vertex 30.952 11.4877 5.99
      vertex 30.988 11.245 5.99
    endloop
  endfacet
  facet normal 0 0 -1
    outer loop
      vertex 30.8923 10.2743 5.99
      vertex 30.952 11.4877 5.99
      vertex 30.952 10.5123 5.99
    endloop
  endfacet
  facet normal 0 0 -1
    outer loop
      vertex 30.8923 10.2743 5.99
      vertex 30.8923 11.7257 5.99
      vertex 30.952 11.4877 5.99
    endloop
  endfacet
  facet normal 0 0 -1
    outer loop
      vertex 30.8097 10.0433 5.99
      vertex 30.8923 11.7257 5.99
      vertex 30.8923 10.2743 5.99
    endloop
  endfacet
  facet normal 0 0 -1
    outer loop
      vertex 30.8097 10.0433 5.99
      vertex 30.8097 11.9567 5.99
      vertex 30.8923 11.7257 5.99
    endloop
  endfacet
  facet normal 0 0 -1
    outer loop
      vertex 30.7048 9.82151 5.99
      vertex 30.8097 11.9567 5.99
      vertex 30.8097 10.0433 5.99
    endloop
  endfacet
  facet normal 0 0 -1
    outer loop
      vertex 30.7048 9.82151 5.99
      vertex 30.7048 12.1785 5.99
      vertex 30.8097 11.9567 5.99
    endloop
  endfacet
  facet normal 0 0 -1
    outer loop
      vertex 30.5787 9.61107 5.99
      vertex 30.7048 12.1785 5.99
      vertex 30.7048 9.82151 5.99
    endloop
  endfacet
  facet normal 0 0 -1
    outer loop
      vertex 30.5787 9.61107 5.99
      vertex 30.5787 12.3889 5.99
      vertex 30.7048 12.1785 5.99
    endloop
  endfacet
  facet normal 0 0 -1
    outer loop
      vertex 30.4325 9.41402 5.99
      vertex 30.5787 12.3889 5.99
      vertex 30.5787 9.61107 5.99
    endloop
  endfacet
  facet normal 0 0 -1
    outer loop
      vertex 30.4325 9.41402 5.99
      vertex 30.4325 12.586 5.99
      vertex 30.5787 12.3889 5.99
    endloop
  endfacet
  facet normal 0 0 -1
    outer loop
      vertex 30.2678 9.23223 5.99
      vertex 30.4325 12.586 5.99
      vertex 30.4325 9.41402 5.99
    endloop
  endfacet
  facet normal 0 0 -1
    outer loop
      vertex 30.2678 9.23223 5.99
      vertex 30.2678 12.7678 5.99
      vertex 30.4325 12.586 5.99
    endloop
  endfacet
  facet normal 0 0 -1
    outer loop
      vertex 30.086 9.06747 5.99
      vertex 30.2678 12.7678 5.99
      vertex 30.2678 9.23223 5.99
    endloop
  endfacet
  facet normal 0 0 -1
    outer loop
      vertex 30.086 9.06747 5.99
      vertex 30.086 12.9325 5.99
      vertex 30.2678 12.7678 5.99
    endloop
  endfacet
  facet normal 0 0 -1
    outer loop
      vertex 29.8889 8.92133 5.99
      vertex 30.086 12.9325 5.99
      vertex 30.086 9.06747 5.99
    endloop
  endfacet
  facet normal 0 0 -1
    outer loop
      vertex 29.8889 8.92133 5.99
      vertex 29.8889 13.0787 5.99
      vertex 30.086 12.9325 5.99
    endloop
  endfacet
  facet normal 0 0 -1
    outer loop
      vertex 29.6785 8.7952 5.99
      vertex 29.8889 13.0787 5.99
      vertex 29.8889 8.92133 5.99
    endloop
  endfacet
  facet normal 0 0 -1
    outer loop
      vertex 29.6785 8.7952 5.99
      vertex 29.6785 13.2048 5.99
      vertex 29.8889 13.0787 5.99
    endloop
  endfacet
  facet normal 0 0 -1
    outer loop
      vertex 29.4567 8.6903 5.99
      vertex 29.6785 13.2048 5.99
      vertex 29.6785 8.7952 5.99
    endloop
  endfacet
  facet normal 0 0 -1
    outer loop
      vertex 29.4567 8.6903 5.99
      vertex 29.4567 13.3097 5.99
      vertex 29.6785 13.2048 5.99
    endloop
  endfacet
  facet normal 0 0 -1
    outer loop
      vertex 29.2257 8.60765 5.99
      vertex 29.4567 13.3097 5.99
      vertex 29.4567 8.6903 5.99
    endloop
  endfacet
  facet normal 0 0 -1
    outer loop
      vertex 29.2257 8.60765 5.99
      vertex 29.2257 13.3924 5.99
      vertex 29.4567 13.3097 5.99
    endloop
  endfacet
  facet normal 0 0 -1
    outer loop
      vertex 28.9877 8.54804 5.99
      vertex 29.2257 13.3924 5.99
      vertex 29.2257 8.60765 5.99
    endloop
  endfacet
  facet normal 0 0 -1
    outer loop
      vertex 28.9877 8.54804 5.99
      vertex 28.9877 13.452 5.99
      vertex 29.2257 13.3924 5.99
    endloop
  endfacet
  facet normal 0 0 -1
    outer loop
      vertex 28.745 8.51204 5.99
      vertex 28.9877 13.452 5.99
      vertex 28.9877 8.54804 5.99
    endloop
  endfacet
  facet normal 0 0 -1
    outer loop
      vertex 28.745 8.51204 5.99
      vertex 28.745 13.488 5.99
      vertex 28.9877 13.452 5.99
    endloop
  endfacet
  facet normal 0 0 -1
    outer loop
      vertex 28.5 8.5 5.99
      vertex 28.745 13.488 5.99
      vertex 28.745 8.51204 5.99
    endloop
  endfacet
  facet normal 0 0 -1
    outer loop
      vertex 28.5 8.5 5.99
      vertex 28.5 13.5 5.99
      vertex 28.745 13.488 5.99
    endloop
  endfacet
  facet normal 0 0 -1
    outer loop
      vertex 28.255 8.51204 5.99
      vertex 28.5 13.5 5.99
      vertex 28.5 8.5 5.99
    endloop
  endfacet
  facet normal 0 0 -1
    outer loop
      vertex 28.255 8.51204 5.99
      vertex 28.255 13.488 5.99
      vertex 28.5 13.5 5.99
    endloop
  endfacet
  facet normal 0 0 -1
    outer loop
      vertex 28.0123 8.54804 5.99
      vertex 28.255 13.488 5.99
      vertex 28.255 8.51204 5.99
    endloop
  endfacet
  facet normal 0 0 -1
    outer loop
      vertex 28.0123 8.54804 5.99
      vertex 28.0123 13.452 5.99
      vertex 28.255 13.488 5.99
    endloop
  endfacet
  facet normal 0 0 -1
    outer loop
      vertex 27.7743 8.60765 5.99
      vertex 28.0123 13.452 5.99
      vertex 28.0123 8.54804 5.99
    endloop
  endfacet
  facet normal 0 0 -1
    outer loop
      vertex 27.7743 8.60765 5.99
      vertex 27.7743 13.3924 5.99
      vertex 28.0123 13.452 5.99
    endloop
  endfacet
  facet normal 0 0 -1
    outer loop
      vertex 27.5433 8.6903 5.99
      vertex 27.7743 13.3924 5.99
      vertex 27.7743 8.60765 5.99
    endloop
  endfacet
  facet normal 0 0 -1
    outer loop
      vertex 27.5433 8.6903 5.99
      vertex 27.5433 13.3097 5.99
      vertex 27.7743 13.3924 5.99
    endloop
  endfacet
  facet normal 0 0 -1
    outer loop
      vertex 27.3215 8.7952 5.99
      vertex 27.5433 13.3097 5.99
      vertex 27.5433 8.6903 5.99
    endloop
  endfacet
  facet normal 0 0 -1
    outer loop
      vertex 27.3215 8.7952 5.99
      vertex 27.3215 13.2048 5.99
      vertex 27.5433 13.3097 5.99
    endloop
  endfacet
  facet normal 0 0 -1
    outer loop
      vertex 27.1111 8.92133 5.99
      vertex 27.3215 13.2048 5.99
      vertex 27.3215 8.7952 5.99
    endloop
  endfacet
  facet normal 0 0 -1
    outer loop
      vertex 27.1111 8.92133 5.99
      vertex 27.1111 13.0787 5.99
      vertex 27.3215 13.2048 5.99
    endloop
  endfacet
  facet normal 0 0 -1
    outer loop
      vertex 26.914 9.06747 5.99
      vertex 27.1111 13.0787 5.99
      vertex 27.1111 8.92133 5.99
    endloop
  endfacet
  facet normal 0 0 -1
    outer loop
      vertex 26.914 9.06747 5.99
      vertex 26.914 12.9325 5.99
      vertex 27.1111 13.0787 5.99
    endloop
  endfacet
  facet normal 0 0 -1
    outer loop
      vertex 26.7322 9.23223 5.99
      vertex 26.914 12.9325 5.99
      vertex 26.914 9.06747 5.99
    endloop
  endfacet
  facet normal 0 0 -1
    outer loop
      vertex 26.7322 9.23223 5.99
      vertex 26.7322 12.7678 5.99
      vertex 26.914 12.9325 5.99
    endloop
  endfacet
  facet normal 0 0 -1
    outer loop
      vertex 26.5675 9.41402 5.99
      vertex 26.7322 12.7678 5.99
      vertex 26.7322 9.23223 5.99
    endloop
  endfacet
  facet normal 0 0 -1
    outer loop
      vertex 26.5675 9.41402 5.99
      vertex 26.5675 12.586 5.99
      vertex 26.7322 12.7678 5.99
    endloop
  endfacet
  facet normal 0 0 -1
    outer loop
      vertex 26.4213 9.61107 5.99
      vertex 26.5675 12.586 5.99
      vertex 26.5675 9.41402 5.99
    endloop
  endfacet
  facet normal 0 0 -1
    outer loop
      vertex 26.4213 9.61107 5.99
      vertex 26.4213 12.3889 5.99
      vertex 26.5675 12.586 5.99
    endloop
  endfacet
  facet normal 0 0 -1
    outer loop
      vertex 26.2952 9.82151 5.99
      vertex 26.4213 12.3889 5.99
      vertex 26.4213 9.61107 5.99
    endloop
  endfacet
  facet normal 0 0 -1
    outer loop
      vertex 26.2952 9.82151 5.99
      vertex 26.2952 12.1785 5.99
      vertex 26.4213 12.3889 5.99
    endloop
  endfacet
  facet normal 0 0 -1
    outer loop
      vertex 26.1903 10.0433 5.99
      vertex 26.2952 12.1785 5.99
      vertex 26.2952 9.82151 5.99
    endloop
  endfacet
  facet normal 0 0 -1
    outer loop
      vertex 26.1903 10.0433 5.99
      vertex 26.1903 11.9567 5.99
      vertex 26.2952 12.1785 5.99
    endloop
  endfacet
  facet normal 0 0 -1
    outer loop
      vertex 26.1076 10.2743 5.99
      vertex 26.1903 11.9567 5.99
      vertex 26.1903 10.0433 5.99
    endloop
  endfacet
  facet normal 0 0 -1
    outer loop
      vertex 26.1076 10.2743 5.99
      vertex 26.1076 11.7257 5.99
      vertex 26.1903 11.9567 5.99
    endloop
  endfacet
  facet normal 0 0 -1
    outer loop
      vertex 26.048 10.5123 5.99
      vertex 26.1076 11.7257 5.99
      vertex 26.1076 10.2743 5.99
    endloop
  endfacet
  facet normal 0 0 -1
    outer loop
      vertex 26.048 10.5123 5.99
      vertex 26.048 11.4877 5.99
      vertex 26.1076 11.7257 5.99
    endloop
  endfacet
  facet normal 0 0 -1
    outer loop
      vertex 26.012 10.755 5.99
      vertex 26.048 11.4877 5.99
      vertex 26.048 10.5123 5.99
    endloop
  endfacet
  facet normal 0 0 -1
    outer loop
      vertex 26.012 10.755 5.99
      vertex 26.012 11.245 5.99
      vertex 26.048 11.4877 5.99
    endloop
  endfacet
  facet normal 0 -0 -1
    outer loop
      vertex 26.012 11.245 5.99
      vertex 26.012 10.755 5.99
      vertex 26 11 5.99
    endloop
  endfacet
  facet normal -0.803095 -0.595851 0
    outer loop
      vertex 26.5675 9.41402 5.99
      vertex 26.4213 9.61107 20.99
      vertex 26.4213 9.61107 5.99
    endloop
  endfacet
  facet normal -0.803095 -0.595851 0
    outer loop
      vertex 26.4213 9.61107 20.99
      vertex 26.5675 9.41402 5.99
      vertex 26.5675 9.41402 20.99
    endloop
  endfacet
  facet normal -0.998803 0.0489209 0
    outer loop
      vertex 26 11 5.99
      vertex 26.012 11.245 20.99
      vertex 26.012 11.245 5.99
    endloop
  endfacet
  facet normal -0.998803 0.0489209 0
    outer loop
      vertex 26.012 11.245 20.99
      vertex 26 11 5.99
      vertex 26 11 20.99
    endloop
  endfacet
  facet normal 0.741083 -0.671414 0
    outer loop
      vertex 30.2678 9.23223 20.99
      vertex 30.4325 9.41402 5.99
      vertex 30.4325 9.41402 20.99
    endloop
  endfacet
  facet normal 0.741083 -0.671414 0
    outer loop
      vertex 30.4325 9.41402 5.99
      vertex 30.2678 9.23223 20.99
      vertex 30.2678 9.23223 5.99
    endloop
  endfacet
  facet normal 0.998803 -0.0489209 0
    outer loop
      vertex 32.4904 -13.196 23.99
      vertex 32.5 -13 20.99
      vertex 32.5 -13 23.99
    endloop
  endfacet
  facet normal 0.998803 -0.0489209 0
    outer loop
      vertex 32.5 -13 20.99
      vertex 32.4904 -13.196 23.99
      vertex 32.4904 -13.196 20.99
    endloop
  endfacet
  facet normal 0.514196 -0.857673 0
    outer loop
      vertex 31.4428 -14.7638 20.99
      vertex 31.6111 -14.6629 23.99
      vertex 31.4428 -14.7638 23.99
    endloop
  endfacet
  facet normal 0.514196 -0.857673 0
    outer loop
      vertex 31.6111 -14.6629 23.99
      vertex 31.4428 -14.7638 20.99
      vertex 31.6111 -14.6629 20.99
    endloop
  endfacet
  facet normal 1 -0 0
    outer loop
      vertex 32.5 -13 23.99
      vertex 32.5 13 20.99
      vertex 32.5 13 23.99
    endloop
  endfacet
  facet normal 1 0 0
    outer loop
      vertex 32.5 13 20.99
      vertex 32.5 -13 23.99
      vertex 32.5 -13 20.99
    endloop
  endfacet
  facet normal 0.94158 -0.336788 0
    outer loop
      vertex 32.3478 -13.7654 23.99
      vertex 32.4139 -13.5806 20.99
      vertex 32.4139 -13.5806 23.99
    endloop
  endfacet
  facet normal 0.94158 -0.336788 0
    outer loop
      vertex 32.4139 -13.5806 20.99
      vertex 32.3478 -13.7654 23.99
      vertex 32.3478 -13.7654 20.99
    endloop
  endfacet
  facet normal 0 -1 0
    outer loop
      vertex 4.5 -15 20.99
      vertex 30.5 -15 23.99
      vertex 4.5 -15 23.99
    endloop
  endfacet
  facet normal 0 -1 -0
    outer loop
      vertex 30.5 -15 23.99
      vertex 4.5 -15 20.99
      vertex 30.5 -15 20.99
    endloop
  endfacet
  facet normal -1 0 0
    outer loop
      vertex 2.5 -13 20.99
      vertex 2.5 13 23.99
      vertex 2.5 13 20.99
    endloop
  endfacet
  facet normal -1 -0 0
    outer loop
      vertex 2.5 13 23.99
      vertex 2.5 -13 20.99
      vertex 2.5 -13 23.99
    endloop
  endfacet
  facet normal 0.0489209 -0.998803 0
    outer loop
      vertex 30.5 -15 20.99
      vertex 30.696 -14.9904 23.99
      vertex 30.5 -15 23.99
    endloop
  endfacet
  facet normal 0.0489209 -0.998803 0
    outer loop
      vertex 30.696 -14.9904 23.99
      vertex 30.5 -15 20.99
      vertex 30.696 -14.9904 20.99
    endloop
  endfacet
  facet normal -0.146733 -0.989176 0
    outer loop
      vertex 4.10982 -14.9616 20.99
      vertex 4.30397 -14.9904 23.99
      vertex 4.10982 -14.9616 23.99
    endloop
  endfacet
  facet normal -0.146733 -0.989176 -0
    outer loop
      vertex 4.30397 -14.9904 23.99
      vertex 4.10982 -14.9616 20.99
      vertex 4.30397 -14.9904 20.99
    endloop
  endfacet
  facet normal 0.998803 0.0489209 0
    outer loop
      vertex 32.5 13 23.99
      vertex 32.4904 13.196 20.99
      vertex 32.4904 13.196 23.99
    endloop
  endfacet
  facet normal 0.998803 0.0489209 0
    outer loop
      vertex 32.4904 13.196 20.99
      vertex 32.5 13 23.99
      vertex 32.5 13 20.99
    endloop
  endfacet
  facet normal -0.740882 -0.671635 0
    outer loop
      vertex 3.08579 -14.4142 20.99
      vertex 2.95398 -14.2688 23.99
      vertex 2.95398 -14.2688 20.99
    endloop
  endfacet
  facet normal -0.740882 -0.671635 0
    outer loop
      vertex 2.95398 -14.2688 23.99
      vertex 3.08579 -14.4142 20.99
      vertex 3.08579 -14.4142 23.99
    endloop
  endfacet
  facet normal 0.427955 0.9038 -0
    outer loop
      vertex 31.4428 14.7638 20.99
      vertex 31.2654 14.8478 23.99
      vertex 31.4428 14.7638 23.99
    endloop
  endfacet
  facet normal 0.427955 0.9038 0
    outer loop
      vertex 31.2654 14.8478 23.99
      vertex 31.4428 14.7638 20.99
      vertex 31.2654 14.8478 20.99
    endloop
  endfacet
  facet normal 0 1 -0
    outer loop
      vertex 30.5 15 20.99
      vertex 4.5 15 23.99
      vertex 30.5 15 23.99
    endloop
  endfacet
  facet normal 0 1 0
    outer loop
      vertex 4.5 15 23.99
      vertex 30.5 15 20.99
      vertex 4.5 15 20.99
    endloop
  endfacet
  facet normal -0.514084 -0.85774 0
    outer loop
      vertex 3.38886 -14.6629 20.99
      vertex 3.55721 -14.7638 23.99
      vertex 3.38886 -14.6629 23.99
    endloop
  endfacet
  facet normal -0.514084 -0.85774 -0
    outer loop
      vertex 3.55721 -14.7638 23.99
      vertex 3.38886 -14.6629 20.99
      vertex 3.55721 -14.7638 20.99
    endloop
  endfacet
  facet normal 0.595508 0.80335 -0
    outer loop
      vertex 31.7688 14.546 20.99
      vertex 31.6111 14.6629 23.99
      vertex 31.7688 14.546 23.99
    endloop
  endfacet
  facet normal 0.595508 0.80335 0
    outer loop
      vertex 31.6111 14.6629 23.99
      vertex 31.7688 14.546 20.99
      vertex 31.6111 14.6629 20.99
    endloop
  endfacet
  facet normal -0.59563 0.803259 0
    outer loop
      vertex 3.38886 14.6629 20.99
      vertex 3.23121 14.546 23.99
      vertex 3.38886 14.6629 23.99
    endloop
  endfacet
  facet normal -0.59563 0.803259 0
    outer loop
      vertex 3.23121 14.546 23.99
      vertex 3.38886 14.6629 20.99
      vertex 3.23121 14.546 20.99
    endloop
  endfacet
  facet normal -0.336788 -0.94158 0
    outer loop
      vertex 3.73463 -14.8478 20.99
      vertex 3.91943 -14.9139 23.99
      vertex 3.73463 -14.8478 23.99
    endloop
  endfacet
  facet normal -0.336788 -0.94158 -0
    outer loop
      vertex 3.91943 -14.9139 23.99
      vertex 3.73463 -14.8478 20.99
      vertex 3.91943 -14.9139 20.99
    endloop
  endfacet
  facet normal -0.903958 -0.427622 0
    outer loop
      vertex 2.73616 -13.9428 20.99
      vertex 2.65224 -13.7654 23.99
      vertex 2.65224 -13.7654 20.99
    endloop
  endfacet
  facet normal -0.903958 -0.427622 0
    outer loop
      vertex 2.65224 -13.7654 23.99
      vertex 2.73616 -13.9428 20.99
      vertex 2.73616 -13.9428 23.99
    endloop
  endfacet
  facet normal 0.970023 -0.243015 0
    outer loop
      vertex 32.4139 -13.5806 23.99
      vertex 32.4616 -13.3902 20.99
      vertex 32.4616 -13.3902 23.99
    endloop
  endfacet
  facet normal 0.970023 -0.243015 0
    outer loop
      vertex 32.4616 -13.3902 20.99
      vertex 32.4139 -13.5806 23.99
      vertex 32.4139 -13.5806 20.99
    endloop
  endfacet
  facet normal -0.427916 0.903819 0
    outer loop
      vertex 3.73463 14.8478 20.99
      vertex 3.55721 14.7638 23.99
      vertex 3.73463 14.8478 23.99
    endloop
  endfacet
  facet normal -0.427916 0.903819 0
    outer loop
      vertex 3.55721 14.7638 23.99
      vertex 3.73463 14.8478 20.99
      vertex 3.55721 14.7638 20.99
    endloop
  endfacet
  facet normal -0.803301 -0.595573 0
    outer loop
      vertex 2.95398 -14.2688 20.99
      vertex 2.83706 -14.1111 23.99
      vertex 2.83706 -14.1111 20.99
    endloop
  endfacet
  facet normal -0.803301 -0.595573 0
    outer loop
      vertex 2.83706 -14.1111 23.99
      vertex 2.95398 -14.2688 20.99
      vertex 2.95398 -14.2688 23.99
    endloop
  endfacet
  facet normal 0.146696 0.989182 -0
    outer loop
      vertex 30.8902 14.9616 20.99
      vertex 30.696 14.9904 23.99
      vertex 30.8902 14.9616 23.99
    endloop
  endfacet
  facet normal 0.146696 0.989182 0
    outer loop
      vertex 30.696 14.9904 23.99
      vertex 30.8902 14.9616 20.99
      vertex 30.696 14.9904 20.99
    endloop
  endfacet
  facet normal 0.740908 -0.671607 0
    outer loop
      vertex 31.9142 -14.4142 23.99
      vertex 32.046 -14.2688 20.99
      vertex 32.046 -14.2688 23.99
    endloop
  endfacet
  facet normal 0.740908 -0.671607 0
    outer loop
      vertex 32.046 -14.2688 20.99
      vertex 31.9142 -14.4142 23.99
      vertex 31.9142 -14.4142 20.99
    endloop
  endfacet
  facet normal -0.989182 -0.146696 0
    outer loop
      vertex 2.53843 -13.3902 20.99
      vertex 2.50963 -13.196 23.99
      vertex 2.50963 -13.196 20.99
    endloop
  endfacet
  facet normal -0.989182 -0.146696 0
    outer loop
      vertex 2.50963 -13.196 23.99
      vertex 2.53843 -13.3902 20.99
      vertex 2.53843 -13.3902 23.99
    endloop
  endfacet
  facet normal 0.243015 -0.970023 0
    outer loop
      vertex 30.8902 -14.9616 20.99
      vertex 31.0806 -14.9139 23.99
      vertex 30.8902 -14.9616 23.99
    endloop
  endfacet
  facet normal 0.243015 -0.970023 0
    outer loop
      vertex 31.0806 -14.9139 23.99
      vertex 30.8902 -14.9616 20.99
      vertex 31.0806 -14.9139 20.99
    endloop
  endfacet
  facet normal 0.146696 -0.989182 0
    outer loop
      vertex 30.696 -14.9904 20.99
      vertex 30.8902 -14.9616 23.99
      vertex 30.696 -14.9904 23.99
    endloop
  endfacet
  facet normal 0.146696 -0.989182 0
    outer loop
      vertex 30.8902 -14.9616 23.99
      vertex 30.696 -14.9904 20.99
      vertex 30.8902 -14.9616 20.99
    endloop
  endfacet
  facet normal 0.0489209 0.998803 -0
    outer loop
      vertex 30.696 14.9904 20.99
      vertex 30.5 15 23.99
      vertex 30.696 14.9904 23.99
    endloop
  endfacet
  facet normal 0.0489209 0.998803 0
    outer loop
      vertex 30.5 15 23.99
      vertex 30.696 14.9904 20.99
      vertex 30.5 15 20.99
    endloop
  endfacet
  facet normal -0.514084 0.85774 0
    outer loop
      vertex 3.55721 14.7638 20.99
      vertex 3.38886 14.6629 23.99
      vertex 3.55721 14.7638 23.99
    endloop
  endfacet
  facet normal -0.514084 0.85774 0
    outer loop
      vertex 3.38886 14.6629 23.99
      vertex 3.55721 14.7638 20.99
      vertex 3.38886 14.6629 20.99
    endloop
  endfacet
  facet normal 0.740908 0.671607 0
    outer loop
      vertex 32.046 14.2688 23.99
      vertex 31.9142 14.4142 20.99
      vertex 31.9142 14.4142 23.99
    endloop
  endfacet
  facet normal 0.740908 0.671607 0
    outer loop
      vertex 31.9142 14.4142 20.99
      vertex 32.046 14.2688 23.99
      vertex 32.046 14.2688 20.99
    endloop
  endfacet
  facet normal 0.671607 0.740908 -0
    outer loop
      vertex 31.9142 14.4142 20.99
      vertex 31.7688 14.546 23.99
      vertex 31.9142 14.4142 23.99
    endloop
  endfacet
  facet normal 0.671607 0.740908 0
    outer loop
      vertex 31.7688 14.546 23.99
      vertex 31.9142 14.4142 20.99
      vertex 31.7688 14.546 20.99
    endloop
  endfacet
  facet normal -0.903958 0.427622 0
    outer loop
      vertex 2.65224 13.7654 20.99
      vertex 2.73616 13.9428 23.99
      vertex 2.73616 13.9428 20.99
    endloop
  endfacet
  facet normal -0.903958 0.427622 0
    outer loop
      vertex 2.73616 13.9428 23.99
      vertex 2.65224 13.7654 20.99
      vertex 2.65224 13.7654 23.99
    endloop
  endfacet
  facet normal -0.803301 0.595573 0
    outer loop
      vertex 2.83706 14.1111 20.99
      vertex 2.95398 14.2688 23.99
      vertex 2.95398 14.2688 20.99
    endloop
  endfacet
  facet normal -0.803301 0.595573 0
    outer loop
      vertex 2.95398 14.2688 23.99
      vertex 2.83706 14.1111 20.99
      vertex 2.83706 14.1111 23.99
    endloop
  endfacet
  facet normal -0.336788 0.94158 0
    outer loop
      vertex 3.91943 14.9139 20.99
      vertex 3.73463 14.8478 23.99
      vertex 3.91943 14.9139 23.99
    endloop
  endfacet
  facet normal -0.336788 0.94158 0
    outer loop
      vertex 3.73463 14.8478 23.99
      vertex 3.91943 14.9139 20.99
      vertex 3.73463 14.8478 20.99
    endloop
  endfacet
  facet normal -0.0489135 0.998803 0
    outer loop
      vertex 4.5 15 20.99
      vertex 4.30397 14.9904 23.99
      vertex 4.5 15 23.99
    endloop
  endfacet
  facet normal -0.0489135 0.998803 0
    outer loop
      vertex 4.30397 14.9904 23.99
      vertex 4.5 15 20.99
      vertex 4.30397 14.9904 20.99
    endloop
  endfacet
  facet normal 0.243015 0.970023 -0
    outer loop
      vertex 31.0806 14.9139 20.99
      vertex 30.8902 14.9616 23.99
      vertex 31.0806 14.9139 23.99
    endloop
  endfacet
  facet normal 0.243015 0.970023 0
    outer loop
      vertex 30.8902 14.9616 23.99
      vertex 31.0806 14.9139 20.99
      vertex 30.8902 14.9616 20.99
    endloop
  endfacet
  facet normal -0.0489135 -0.998803 0
    outer loop
      vertex 4.30397 -14.9904 20.99
      vertex 4.5 -15 23.99
      vertex 4.30397 -14.9904 23.99
    endloop
  endfacet
  facet normal -0.0489135 -0.998803 -0
    outer loop
      vertex 4.5 -15 23.99
      vertex 4.30397 -14.9904 20.99
      vertex 4.5 -15 20.99
    endloop
  endfacet
  facet normal 0.94158 0.336788 0
    outer loop
      vertex 32.4139 13.5806 23.99
      vertex 32.3478 13.7654 20.99
      vertex 32.3478 13.7654 23.99
    endloop
  endfacet
  facet normal 0.94158 0.336788 0
    outer loop
      vertex 32.3478 13.7654 20.99
      vertex 32.4139 13.5806 23.99
      vertex 32.4139 13.5806 20.99
    endloop
  endfacet
  facet normal 0.427955 -0.9038 0
    outer loop
      vertex 31.2654 -14.8478 20.99
      vertex 31.4428 -14.7638 23.99
      vertex 31.2654 -14.8478 23.99
    endloop
  endfacet
  facet normal 0.427955 -0.9038 0
    outer loop
      vertex 31.4428 -14.7638 23.99
      vertex 31.2654 -14.8478 20.99
      vertex 31.4428 -14.7638 20.99
    endloop
  endfacet
  facet normal -0.671556 0.740954 0
    outer loop
      vertex 3.23121 14.546 20.99
      vertex 3.08579 14.4142 23.99
      vertex 3.23121 14.546 23.99
    endloop
  endfacet
  facet normal -0.671556 0.740954 0
    outer loop
      vertex 3.08579 14.4142 23.99
      vertex 3.23121 14.546 20.99
      vertex 3.08579 14.4142 20.99
    endloop
  endfacet
  facet normal -0.146733 0.989176 0
    outer loop
      vertex 4.30397 14.9904 20.99
      vertex 4.10982 14.9616 23.99
      vertex 4.30397 14.9904 23.99
    endloop
  endfacet
  facet normal -0.146733 0.989176 0
    outer loop
      vertex 4.10982 14.9616 23.99
      vertex 4.30397 14.9904 20.99
      vertex 4.10982 14.9616 20.99
    endloop
  endfacet
  facet normal 0.80335 -0.595508 0
    outer loop
      vertex 32.046 -14.2688 23.99
      vertex 32.1629 -14.1111 20.99
      vertex 32.1629 -14.1111 23.99
    endloop
  endfacet
  facet normal 0.80335 -0.595508 0
    outer loop
      vertex 32.1629 -14.1111 20.99
      vertex 32.046 -14.2688 23.99
      vertex 32.046 -14.2688 20.99
    endloop
  endfacet
  facet normal -0.243027 -0.970019 0
    outer loop
      vertex 3.91943 -14.9139 20.99
      vertex 4.10982 -14.9616 23.99
      vertex 3.91943 -14.9139 23.99
    endloop
  endfacet
  facet normal -0.243027 -0.970019 -0
    outer loop
      vertex 4.10982 -14.9616 23.99
      vertex 3.91943 -14.9139 20.99
      vertex 4.10982 -14.9616 20.99
    endloop
  endfacet
  facet normal -0.970035 0.242967 0
    outer loop
      vertex 2.53843 13.3902 20.99
      vertex 2.58612 13.5806 23.99
      vertex 2.58612 13.5806 20.99
    endloop
  endfacet
  facet normal -0.970035 0.242967 0
    outer loop
      vertex 2.58612 13.5806 23.99
      vertex 2.53843 13.3902 20.99
      vertex 2.53843 13.3902 23.99
    endloop
  endfacet
  facet normal -0.427916 -0.903819 0
    outer loop
      vertex 3.55721 -14.7638 20.99
      vertex 3.73463 -14.8478 23.99
      vertex 3.55721 -14.7638 23.99
    endloop
  endfacet
  facet normal -0.427916 -0.903819 -0
    outer loop
      vertex 3.73463 -14.8478 23.99
      vertex 3.55721 -14.7638 20.99
      vertex 3.73463 -14.8478 20.99
    endloop
  endfacet
  facet normal 0.857673 -0.514196 0
    outer loop
      vertex 32.1629 -14.1111 23.99
      vertex 32.2638 -13.9428 20.99
      vertex 32.2638 -13.9428 23.99
    endloop
  endfacet
  facet normal 0.857673 -0.514196 0
    outer loop
      vertex 32.2638 -13.9428 20.99
      vertex 32.1629 -14.1111 23.99
      vertex 32.1629 -14.1111 20.99
    endloop
  endfacet
  facet normal -0.857673 0.514196 0
    outer loop
      vertex 2.73616 13.9428 20.99
      vertex 2.83706 14.1111 23.99
      vertex 2.83706 14.1111 20.99
    endloop
  endfacet
  facet normal -0.857673 0.514196 0
    outer loop
      vertex 2.83706 14.1111 23.99
      vertex 2.73616 13.9428 20.99
      vertex 2.73616 13.9428 23.99
    endloop
  endfacet
  facet normal -0.970035 -0.242967 0
    outer loop
      vertex 2.58612 -13.5806 20.99
      vertex 2.53843 -13.3902 23.99
      vertex 2.53843 -13.3902 20.99
    endloop
  endfacet
  facet normal -0.970035 -0.242967 0
    outer loop
      vertex 2.53843 -13.3902 23.99
      vertex 2.58612 -13.5806 20.99
      vertex 2.58612 -13.5806 23.99
    endloop
  endfacet
  facet normal -0.941548 -0.336879 0
    outer loop
      vertex 2.65224 -13.7654 20.99
      vertex 2.58612 -13.5806 23.99
      vertex 2.58612 -13.5806 20.99
    endloop
  endfacet
  facet normal -0.941548 -0.336879 0
    outer loop
      vertex 2.58612 -13.5806 23.99
      vertex 2.65224 -13.7654 20.99
      vertex 2.65224 -13.7654 23.99
    endloop
  endfacet
  facet normal 0.9038 -0.427955 0
    outer loop
      vertex 32.2638 -13.9428 23.99
      vertex 32.3478 -13.7654 20.99
      vertex 32.3478 -13.7654 23.99
    endloop
  endfacet
  facet normal 0.9038 -0.427955 0
    outer loop
      vertex 32.3478 -13.7654 20.99
      vertex 32.2638 -13.9428 23.99
      vertex 32.2638 -13.9428 20.99
    endloop
  endfacet
  facet normal -0.857673 -0.514196 0
    outer loop
      vertex 2.83706 -14.1111 20.99
      vertex 2.73616 -13.9428 23.99
      vertex 2.73616 -13.9428 20.99
    endloop
  endfacet
  facet normal -0.857673 -0.514196 0
    outer loop
      vertex 2.73616 -13.9428 23.99
      vertex 2.83706 -14.1111 20.99
      vertex 2.83706 -14.1111 23.99
    endloop
  endfacet
  facet normal -0.998795 -0.0490735 0
    outer loop
      vertex 2.50963 -13.196 20.99
      vertex 2.5 -13 23.99
      vertex 2.5 -13 20.99
    endloop
  endfacet
  facet normal -0.998795 -0.0490735 0
    outer loop
      vertex 2.5 -13 23.99
      vertex 2.50963 -13.196 20.99
      vertex 2.50963 -13.196 23.99
    endloop
  endfacet
  facet normal 0.595508 -0.80335 0
    outer loop
      vertex 31.6111 -14.6629 20.99
      vertex 31.7688 -14.546 23.99
      vertex 31.6111 -14.6629 23.99
    endloop
  endfacet
  facet normal 0.595508 -0.80335 0
    outer loop
      vertex 31.7688 -14.546 23.99
      vertex 31.6111 -14.6629 20.99
      vertex 31.7688 -14.546 20.99
    endloop
  endfacet
  facet normal 0.671607 -0.740908 0
    outer loop
      vertex 31.7688 -14.546 20.99
      vertex 31.9142 -14.4142 23.99
      vertex 31.7688 -14.546 23.99
    endloop
  endfacet
  facet normal 0.671607 -0.740908 0
    outer loop
      vertex 31.9142 -14.4142 23.99
      vertex 31.7688 -14.546 20.99
      vertex 31.9142 -14.4142 20.99
    endloop
  endfacet
  facet normal -0.998795 0.0490735 0
    outer loop
      vertex 2.5 13 20.99
      vertex 2.50963 13.196 23.99
      vertex 2.50963 13.196 20.99
    endloop
  endfacet
  facet normal -0.998795 0.0490735 0
    outer loop
      vertex 2.50963 13.196 23.99
      vertex 2.5 13 20.99
      vertex 2.5 13 23.99
    endloop
  endfacet
  facet normal 0.989182 -0.146696 0
    outer loop
      vertex 32.4616 -13.3902 23.99
      vertex 32.4904 -13.196 20.99
      vertex 32.4904 -13.196 23.99
    endloop
  endfacet
  facet normal 0.989182 -0.146696 0
    outer loop
      vertex 32.4904 -13.196 20.99
      vertex 32.4616 -13.3902 23.99
      vertex 32.4616 -13.3902 20.99
    endloop
  endfacet
  facet normal 0.9038 0.427955 0
    outer loop
      vertex 32.3478 13.7654 23.99
      vertex 32.2638 13.9428 20.99
      vertex 32.2638 13.9428 23.99
    endloop
  endfacet
  facet normal 0.9038 0.427955 0
    outer loop
      vertex 32.2638 13.9428 20.99
      vertex 32.3478 13.7654 23.99
      vertex 32.3478 13.7654 20.99
    endloop
  endfacet
  facet normal -0.243027 0.970019 0
    outer loop
      vertex 4.10982 14.9616 20.99
      vertex 3.91943 14.9139 23.99
      vertex 4.10982 14.9616 23.99
    endloop
  endfacet
  facet normal -0.243027 0.970019 0
    outer loop
      vertex 3.91943 14.9139 23.99
      vertex 4.10982 14.9616 20.99
      vertex 3.91943 14.9139 20.99
    endloop
  endfacet
  facet normal -0.941548 0.336879 0
    outer loop
      vertex 2.58612 13.5806 20.99
      vertex 2.65224 13.7654 23.99
      vertex 2.65224 13.7654 20.99
    endloop
  endfacet
  facet normal -0.941548 0.336879 0
    outer loop
      vertex 2.65224 13.7654 23.99
      vertex 2.58612 13.5806 20.99
      vertex 2.58612 13.5806 23.99
    endloop
  endfacet
  facet normal 0.970023 0.243015 0
    outer loop
      vertex 32.4616 13.3902 23.99
      vertex 32.4139 13.5806 20.99
      vertex 32.4139 13.5806 23.99
    endloop
  endfacet
  facet normal 0.970023 0.243015 0
    outer loop
      vertex 32.4139 13.5806 20.99
      vertex 32.4616 13.3902 23.99
      vertex 32.4616 13.3902 20.99
    endloop
  endfacet
  facet normal 0.514196 0.857673 -0
    outer loop
      vertex 31.6111 14.6629 20.99
      vertex 31.4428 14.7638 23.99
      vertex 31.6111 14.6629 23.99
    endloop
  endfacet
  facet normal 0.514196 0.857673 0
    outer loop
      vertex 31.4428 14.7638 23.99
      vertex 31.6111 14.6629 20.99
      vertex 31.4428 14.7638 20.99
    endloop
  endfacet
  facet normal -0.740882 0.671635 0
    outer loop
      vertex 2.95398 14.2688 20.99
      vertex 3.08579 14.4142 23.99
      vertex 3.08579 14.4142 20.99
    endloop
  endfacet
  facet normal -0.740882 0.671635 0
    outer loop
      vertex 3.08579 14.4142 23.99
      vertex 2.95398 14.2688 20.99
      vertex 2.95398 14.2688 23.99
    endloop
  endfacet
  facet normal -0.989182 0.146696 0
    outer loop
      vertex 2.50963 13.196 20.99
      vertex 2.53843 13.3902 23.99
      vertex 2.53843 13.3902 20.99
    endloop
  endfacet
  facet normal -0.989182 0.146696 0
    outer loop
      vertex 2.53843 13.3902 23.99
      vertex 2.50963 13.196 20.99
      vertex 2.50963 13.196 23.99
    endloop
  endfacet
  facet normal -0.671556 -0.740954 0
    outer loop
      vertex 3.08579 -14.4142 20.99
      vertex 3.23121 -14.546 23.99
      vertex 3.08579 -14.4142 23.99
    endloop
  endfacet
  facet normal -0.671556 -0.740954 -0
    outer loop
      vertex 3.23121 -14.546 23.99
      vertex 3.08579 -14.4142 20.99
      vertex 3.23121 -14.546 20.99
    endloop
  endfacet
  facet normal 0.336788 0.94158 -0
    outer loop
      vertex 31.2654 14.8478 20.99
      vertex 31.0806 14.9139 23.99
      vertex 31.2654 14.8478 23.99
    endloop
  endfacet
  facet normal 0.336788 0.94158 0
    outer loop
      vertex 31.0806 14.9139 23.99
      vertex 31.2654 14.8478 20.99
      vertex 31.0806 14.9139 20.99
    endloop
  endfacet
  facet normal 0.989182 0.146696 0
    outer loop
      vertex 32.4904 13.196 23.99
      vertex 32.4616 13.3902 20.99
      vertex 32.4616 13.3902 23.99
    endloop
  endfacet
  facet normal 0.989182 0.146696 0
    outer loop
      vertex 32.4616 13.3902 20.99
      vertex 32.4904 13.196 23.99
      vertex 32.4904 13.196 20.99
    endloop
  endfacet
  facet normal 0 0 1
    outer loop
      vertex 32.5 13 23.99
      vertex 30.4952 12.098 23.99
      vertex 30.5 12 23.99
    endloop
  endfacet
  facet normal 0 0 1
    outer loop
      vertex 30.696 14.9904 23.99
      vertex 30.4808 12.1951 23.99
      vertex 30.4952 12.098 23.99
    endloop
  endfacet
  facet normal 0 0 1
    outer loop
      vertex 30.696 14.9904 23.99
      vertex 30.4569 12.2903 23.99
      vertex 30.4808 12.1951 23.99
    endloop
  endfacet
  facet normal 0 0 1
    outer loop
      vertex 30.696 14.9904 23.99
      vertex 30.4239 12.3827 23.99
      vertex 30.4569 12.2903 23.99
    endloop
  endfacet
  facet normal 0 0 1
    outer loop
      vertex 30.696 14.9904 23.99
      vertex 30.3819 12.4714 23.99
      vertex 30.4239 12.3827 23.99
    endloop
  endfacet
  facet normal 0 0 1
    outer loop
      vertex 30.696 14.9904 23.99
      vertex 30.3315 12.5556 23.99
      vertex 30.3819 12.4714 23.99
    endloop
  endfacet
  facet normal 0 0 1
    outer loop
      vertex 30.696 14.9904 23.99
      vertex 30.273 12.6344 23.99
      vertex 30.3315 12.5556 23.99
    endloop
  endfacet
  facet normal 0 0 1
    outer loop
      vertex 30.696 14.9904 23.99
      vertex 30.2071 12.7071 23.99
      vertex 30.273 12.6344 23.99
    endloop
  endfacet
  facet normal 0 0 1
    outer loop
      vertex 30.696 14.9904 23.99
      vertex 30.1344 12.773 23.99
      vertex 30.2071 12.7071 23.99
    endloop
  endfacet
  facet normal 0 0 1
    outer loop
      vertex 30.696 14.9904 23.99
      vertex 30.0556 12.8315 23.99
      vertex 30.1344 12.773 23.99
    endloop
  endfacet
  facet normal 0 0 1
    outer loop
      vertex 30.696 14.9904 23.99
      vertex 29.9714 12.8819 23.99
      vertex 30.0556 12.8315 23.99
    endloop
  endfacet
  facet normal 0 0 1
    outer loop
      vertex 30.5 15 23.99
      vertex 29.8827 12.9239 23.99
      vertex 29.9714 12.8819 23.99
    endloop
  endfacet
  facet normal 0 0 1
    outer loop
      vertex 30.5 15 23.99
      vertex 29.7903 12.9569 23.99
      vertex 29.8827 12.9239 23.99
    endloop
  endfacet
  facet normal 0 0 1
    outer loop
      vertex 30.5 15 23.99
      vertex 29.6951 12.9808 23.99
      vertex 29.7903 12.9569 23.99
    endloop
  endfacet
  facet normal 0 0 1
    outer loop
      vertex 30.5 15 23.99
      vertex 29.598 12.9952 23.99
      vertex 29.6951 12.9808 23.99
    endloop
  endfacet
  facet normal 0 0 1
    outer loop
      vertex 30.5 15 23.99
      vertex 29.5 13 23.99
      vertex 29.598 12.9952 23.99
    endloop
  endfacet
  facet normal 0 0 1
    outer loop
      vertex 30.5 15 23.99
      vertex 5.5 13 23.99
      vertex 29.5 13 23.99
    endloop
  endfacet
  facet normal -0 0 1
    outer loop
      vertex 4.5 15 23.99
      vertex 5.5 13 23.99
      vertex 30.5 15 23.99
    endloop
  endfacet
  facet normal 0 0 1
    outer loop
      vertex 5.5 13 23.99
      vertex 4.5 15 23.99
      vertex 5.40198 12.9952 23.99
    endloop
  endfacet
  facet normal 0 0 1
    outer loop
      vertex 4.5 15 23.99
      vertex 5.30491 12.9808 23.99
      vertex 5.40198 12.9952 23.99
    endloop
  endfacet
  facet normal 0 0 1
    outer loop
      vertex 4.5 15 23.99
      vertex 5.20972 12.9569 23.99
      vertex 5.30491 12.9808 23.99
    endloop
  endfacet
  facet normal 0 0 1
    outer loop
      vertex 4.5 15 23.99
      vertex 5.11732 12.9239 23.99
      vertex 5.20972 12.9569 23.99
    endloop
  endfacet
  facet normal 0 0 1
    outer loop
      vertex 4.5 15 23.99
      vertex 5.0286 12.8819 23.99
      vertex 5.11732 12.9239 23.99
    endloop
  endfacet
  facet normal -0 0 1
    outer loop
      vertex 4.30397 14.9904 23.99
      vertex 5.0286 12.8819 23.99
      vertex 4.5 15 23.99
    endloop
  endfacet
  facet normal 0 0 1
    outer loop
      vertex 5.0286 12.8819 23.99
      vertex 4.30397 14.9904 23.99
      vertex 4.94443 12.8315 23.99
    endloop
  endfacet
  facet normal -0 0 1
    outer loop
      vertex 4.10982 14.9616 23.99
      vertex 4.94443 12.8315 23.99
      vertex 4.30397 14.9904 23.99
    endloop
  endfacet
  facet normal -0 0 1
    outer loop
      vertex 3.91943 14.9139 23.99
      vertex 4.94443 12.8315 23.99
      vertex 4.10982 14.9616 23.99
    endloop
  endfacet
  facet normal -0 0 1
    outer loop
      vertex 3.73463 14.8478 23.99
      vertex 4.94443 12.8315 23.99
      vertex 3.91943 14.9139 23.99
    endloop
  endfacet
  facet normal 0 0 1
    outer loop
      vertex 4.94443 12.8315 23.99
      vertex 3.73463 14.8478 23.99
      vertex 4.86561 12.773 23.99
    endloop
  endfacet
  facet normal -0 0 1
    outer loop
      vertex 3.55721 14.7638 23.99
      vertex 4.86561 12.773 23.99
      vertex 3.73463 14.8478 23.99
    endloop
  endfacet
  facet normal -0 0 1
    outer loop
      vertex 3.38886 14.6629 23.99
      vertex 4.86561 12.773 23.99
      vertex 3.55721 14.7638 23.99
    endloop
  endfacet
  facet normal 0 0 1
    outer loop
      vertex 4.86561 12.773 23.99
      vertex 3.38886 14.6629 23.99
      vertex 4.79289 12.7071 23.99
    endloop
  endfacet
  facet normal -0 0 1
    outer loop
      vertex 3.23121 14.546 23.99
      vertex 4.79289 12.7071 23.99
      vertex 3.38886 14.6629 23.99
    endloop
  endfacet
  facet normal -0 0 1
    outer loop
      vertex 3.08579 14.4142 23.99
      vertex 4.79289 12.7071 23.99
      vertex 3.23121 14.546 23.99
    endloop
  endfacet
  facet normal -0 0 1
    outer loop
      vertex 2.95398 14.2688 23.99
      vertex 4.79289 12.7071 23.99
      vertex 3.08579 14.4142 23.99
    endloop
  endfacet
  facet normal 0 0 1
    outer loop
      vertex 4.5 12 23.99
      vertex 2.5 13 23.99
      vertex 4.5 -12 23.99
    endloop
  endfacet
  facet normal 0 0 1
    outer loop
      vertex 4.79289 12.7071 23.99
      vertex 2.95398 14.2688 23.99
      vertex 4.72699 12.6344 23.99
    endloop
  endfacet
  facet normal 0 0 1
    outer loop
      vertex 2.5 -13 23.99
      vertex 4.5 -12 23.99
      vertex 2.5 13 23.99
    endloop
  endfacet
  facet normal -0 0 1
    outer loop
      vertex 2.83706 14.1111 23.99
      vertex 4.72699 12.6344 23.99
      vertex 2.95398 14.2688 23.99
    endloop
  endfacet
  facet normal 0 -0 1
    outer loop
      vertex 2.50963 -13.196 23.99
      vertex 4.5 -12 23.99
      vertex 2.5 -13 23.99
    endloop
  endfacet
  facet normal -0 0 1
    outer loop
      vertex 2.73616 13.9428 23.99
      vertex 4.72699 12.6344 23.99
      vertex 2.83706 14.1111 23.99
    endloop
  endfacet
  facet normal 0 0 1
    outer loop
      vertex 4.5 -12 23.99
      vertex 4.30397 -14.9904 23.99
      vertex 4.5 -15 23.99
    endloop
  endfacet
  facet normal -0 0 1
    outer loop
      vertex 2.65224 13.7654 23.99
      vertex 4.72699 12.6344 23.99
      vertex 2.73616 13.9428 23.99
    endloop
  endfacet
  facet normal 0 0 1
    outer loop
      vertex 4.5 -12 23.99
      vertex 4.10982 -14.9616 23.99
      vertex 4.30397 -14.9904 23.99
    endloop
  endfacet
  facet normal 0 0 1
    outer loop
      vertex 4.72699 12.6344 23.99
      vertex 2.65224 13.7654 23.99
      vertex 4.66853 12.5556 23.99
    endloop
  endfacet
  facet normal 0 0 1
    outer loop
      vertex 4.5 -12 23.99
      vertex 3.91943 -14.9139 23.99
      vertex 4.10982 -14.9616 23.99
    endloop
  endfacet
  facet normal -0 0 1
    outer loop
      vertex 2.58612 13.5806 23.99
      vertex 4.66853 12.5556 23.99
      vertex 2.65224 13.7654 23.99
    endloop
  endfacet
  facet normal 0 0 1
    outer loop
      vertex 4.5 -12 23.99
      vertex 3.73463 -14.8478 23.99
      vertex 3.91943 -14.9139 23.99
    endloop
  endfacet
  facet normal -0 0 1
    outer loop
      vertex 2.53843 13.3902 23.99
      vertex 4.66853 12.5556 23.99
      vertex 2.58612 13.5806 23.99
    endloop
  endfacet
  facet normal 0 0 1
    outer loop
      vertex 4.5 -12 23.99
      vertex 3.55721 -14.7638 23.99
      vertex 3.73463 -14.8478 23.99
    endloop
  endfacet
  facet normal -0 0 1
    outer loop
      vertex 2.50963 13.196 23.99
      vertex 4.66853 12.5556 23.99
      vertex 2.53843 13.3902 23.99
    endloop
  endfacet
  facet normal 0 0 1
    outer loop
      vertex 4.5 -12 23.99
      vertex 3.38886 -14.6629 23.99
      vertex 3.55721 -14.7638 23.99
    endloop
  endfacet
  facet normal 0 0 1
    outer loop
      vertex 4.66853 12.5556 23.99
      vertex 2.50963 13.196 23.99
      vertex 4.61808 12.4714 23.99
    endloop
  endfacet
  facet normal 0 0 1
    outer loop
      vertex 4.5 -12 23.99
      vertex 3.23121 -14.546 23.99
      vertex 3.38886 -14.6629 23.99
    endloop
  endfacet
  facet normal -0 0 1
    outer loop
      vertex 2.5 13 23.99
      vertex 4.61808 12.4714 23.99
      vertex 2.50963 13.196 23.99
    endloop
  endfacet
  facet normal 0 0 1
    outer loop
      vertex 4.5 -12 23.99
      vertex 3.08579 -14.4142 23.99
      vertex 3.23121 -14.546 23.99
    endloop
  endfacet
  facet normal 0 0 1
    outer loop
      vertex 4.61808 12.4714 23.99
      vertex 2.5 13 23.99
      vertex 4.57612 12.3827 23.99
    endloop
  endfacet
  facet normal 0 0 1
    outer loop
      vertex 4.5 -12 23.99
      vertex 2.95398 -14.2688 23.99
      vertex 3.08579 -14.4142 23.99
    endloop
  endfacet
  facet normal 0 0 1
    outer loop
      vertex 4.57612 12.3827 23.99
      vertex 2.5 13 23.99
      vertex 4.54306 12.2903 23.99
    endloop
  endfacet
  facet normal 0 0 1
    outer loop
      vertex 4.5 -12 23.99
      vertex 2.83706 -14.1111 23.99
      vertex 2.95398 -14.2688 23.99
    endloop
  endfacet
  facet normal 0 0 1
    outer loop
      vertex 4.54306 12.2903 23.99
      vertex 2.5 13 23.99
      vertex 4.51922 12.1951 23.99
    endloop
  endfacet
  facet normal 0 0 1
    outer loop
      vertex 4.5 -12 23.99
      vertex 2.73616 -13.9428 23.99
      vertex 2.83706 -14.1111 23.99
    endloop
  endfacet
  facet normal 0 0 1
    outer loop
      vertex 4.51922 12.1951 23.99
      vertex 2.5 13 23.99
      vertex 4.50482 12.098 23.99
    endloop
  endfacet
  facet normal 0 0 1
    outer loop
      vertex 4.5 -12 23.99
      vertex 2.65224 -13.7654 23.99
      vertex 2.73616 -13.9428 23.99
    endloop
  endfacet
  facet normal 0 0 1
    outer loop
      vertex 4.50482 12.098 23.99
      vertex 2.5 13 23.99
      vertex 4.5 12 23.99
    endloop
  endfacet
  facet normal 0 0 1
    outer loop
      vertex 4.5 -12 23.99
      vertex 2.58612 -13.5806 23.99
      vertex 2.65224 -13.7654 23.99
    endloop
  endfacet
  facet normal 0 0 1
    outer loop
      vertex 4.5 -12 23.99
      vertex 2.53843 -13.3902 23.99
      vertex 2.58612 -13.5806 23.99
    endloop
  endfacet
  facet normal 0 0 1
    outer loop
      vertex 4.5 -12 23.99
      vertex 2.50963 -13.196 23.99
      vertex 2.53843 -13.3902 23.99
    endloop
  endfacet
  facet normal 0 0 1
    outer loop
      vertex 30.4952 12.098 23.99
      vertex 32.5 13 23.99
      vertex 32.4904 13.196 23.99
    endloop
  endfacet
  facet normal 0 0 1
    outer loop
      vertex 32.5 13 23.99
      vertex 30.5 12 23.99
      vertex 32.5 -13 23.99
    endloop
  endfacet
  facet normal 0 0 1
    outer loop
      vertex 30.4952 12.098 23.99
      vertex 32.4904 13.196 23.99
      vertex 32.4616 13.3902 23.99
    endloop
  endfacet
  facet normal -0 0 1
    outer loop
      vertex 30.5 -12 23.99
      vertex 32.5 -13 23.99
      vertex 30.5 12 23.99
    endloop
  endfacet
  facet normal 0 0 1
    outer loop
      vertex 30.4952 12.098 23.99
      vertex 32.4616 13.3902 23.99
      vertex 32.4139 13.5806 23.99
    endloop
  endfacet
  facet normal -0 0 1
    outer loop
      vertex 30.4952 -12.098 23.99
      vertex 32.5 -13 23.99
      vertex 30.5 -12 23.99
    endloop
  endfacet
  facet normal 0 0 1
    outer loop
      vertex 30.4952 12.098 23.99
      vertex 32.4139 13.5806 23.99
      vertex 32.3478 13.7654 23.99
    endloop
  endfacet
  facet normal -0 0 1
    outer loop
      vertex 30.4808 -12.1951 23.99
      vertex 32.5 -13 23.99
      vertex 30.4952 -12.098 23.99
    endloop
  endfacet
  facet normal 0 0 1
    outer loop
      vertex 30.4952 12.098 23.99
      vertex 32.3478 13.7654 23.99
      vertex 32.2638 13.9428 23.99
    endloop
  endfacet
  facet normal -0 0 1
    outer loop
      vertex 30.4569 -12.2903 23.99
      vertex 32.5 -13 23.99
      vertex 30.4808 -12.1951 23.99
    endloop
  endfacet
  facet normal 0 0 1
    outer loop
      vertex 30.4952 12.098 23.99
      vertex 32.2638 13.9428 23.99
      vertex 32.1629 14.1111 23.99
    endloop
  endfacet
  facet normal -0 0 1
    outer loop
      vertex 30.4239 -12.3827 23.99
      vertex 32.5 -13 23.99
      vertex 30.4569 -12.2903 23.99
    endloop
  endfacet
  facet normal 0 0 1
    outer loop
      vertex 30.4952 12.098 23.99
      vertex 32.1629 14.1111 23.99
      vertex 32.046 14.2688 23.99
    endloop
  endfacet
  facet normal -0 0 1
    outer loop
      vertex 30.3819 -12.4714 23.99
      vertex 32.5 -13 23.99
      vertex 30.4239 -12.3827 23.99
    endloop
  endfacet
  facet normal 0 0 1
    outer loop
      vertex 30.4952 12.098 23.99
      vertex 32.046 14.2688 23.99
      vertex 31.9142 14.4142 23.99
    endloop
  endfacet
  facet normal 0 0 1
    outer loop
      vertex 32.5 -13 23.99
      vertex 30.3819 -12.4714 23.99
      vertex 32.4904 -13.196 23.99
    endloop
  endfacet
  facet normal 0 0 1
    outer loop
      vertex 30.4952 12.098 23.99
      vertex 31.9142 14.4142 23.99
      vertex 31.7688 14.546 23.99
    endloop
  endfacet
  facet normal -0 0 1
    outer loop
      vertex 30.3315 -12.5556 23.99
      vertex 32.4904 -13.196 23.99
      vertex 30.3819 -12.4714 23.99
    endloop
  endfacet
  facet normal 0 0 1
    outer loop
      vertex 30.4952 12.098 23.99
      vertex 31.7688 14.546 23.99
      vertex 31.6111 14.6629 23.99
    endloop
  endfacet
  facet normal 0 0 1
    outer loop
      vertex 32.4904 -13.196 23.99
      vertex 30.3315 -12.5556 23.99
      vertex 32.4616 -13.3902 23.99
    endloop
  endfacet
  facet normal 0 0 1
    outer loop
      vertex 30.4952 12.098 23.99
      vertex 31.6111 14.6629 23.99
      vertex 31.4428 14.7638 23.99
    endloop
  endfacet
  facet normal 0 0 1
    outer loop
      vertex 32.4616 -13.3902 23.99
      vertex 30.3315 -12.5556 23.99
      vertex 32.4139 -13.5806 23.99
    endloop
  endfacet
  facet normal 0 0 1
    outer loop
      vertex 30.4952 12.098 23.99
      vertex 31.4428 14.7638 23.99
      vertex 31.2654 14.8478 23.99
    endloop
  endfacet
  facet normal 0 0 1
    outer loop
      vertex 32.4139 -13.5806 23.99
      vertex 30.3315 -12.5556 23.99
      vertex 32.3478 -13.7654 23.99
    endloop
  endfacet
  facet normal 0 0 1
    outer loop
      vertex 30.4952 12.098 23.99
      vertex 31.2654 14.8478 23.99
      vertex 31.0806 14.9139 23.99
    endloop
  endfacet
  facet normal -0 0 1
    outer loop
      vertex 30.273 -12.6344 23.99
      vertex 32.3478 -13.7654 23.99
      vertex 30.3315 -12.5556 23.99
    endloop
  endfacet
  facet normal 0 0 1
    outer loop
      vertex 30.4952 12.098 23.99
      vertex 31.0806 14.9139 23.99
      vertex 30.8902 14.9616 23.99
    endloop
  endfacet
  facet normal 0 0 1
    outer loop
      vertex 32.3478 -13.7654 23.99
      vertex 30.273 -12.6344 23.99
      vertex 32.2638 -13.9428 23.99
    endloop
  endfacet
  facet normal 0 0 1
    outer loop
      vertex 30.4952 12.098 23.99
      vertex 30.8902 14.9616 23.99
      vertex 30.696 14.9904 23.99
    endloop
  endfacet
  facet normal 0 0 1
    outer loop
      vertex 32.2638 -13.9428 23.99
      vertex 30.273 -12.6344 23.99
      vertex 32.1629 -14.1111 23.99
    endloop
  endfacet
  facet normal 0 0 1
    outer loop
      vertex 29.9714 12.8819 23.99
      vertex 30.696 14.9904 23.99
      vertex 30.5 15 23.99
    endloop
  endfacet
  facet normal 0 0 1
    outer loop
      vertex 32.1629 -14.1111 23.99
      vertex 30.273 -12.6344 23.99
      vertex 32.046 -14.2688 23.99
    endloop
  endfacet
  facet normal -0 0 1
    outer loop
      vertex 30.2071 -12.7071 23.99
      vertex 32.046 -14.2688 23.99
      vertex 30.273 -12.6344 23.99
    endloop
  endfacet
  facet normal 0 0 1
    outer loop
      vertex 32.046 -14.2688 23.99
      vertex 30.2071 -12.7071 23.99
      vertex 31.9142 -14.4142 23.99
    endloop
  endfacet
  facet normal 0 0 1
    outer loop
      vertex 31.9142 -14.4142 23.99
      vertex 30.2071 -12.7071 23.99
      vertex 31.7688 -14.546 23.99
    endloop
  endfacet
  facet normal 0 0 1
    outer loop
      vertex 31.7688 -14.546 23.99
      vertex 30.2071 -12.7071 23.99
      vertex 31.6111 -14.6629 23.99
    endloop
  endfacet
  facet normal -0 0 1
    outer loop
      vertex 30.1344 -12.773 23.99
      vertex 31.6111 -14.6629 23.99
      vertex 30.2071 -12.7071 23.99
    endloop
  endfacet
  facet normal 0 0 1
    outer loop
      vertex 31.6111 -14.6629 23.99
      vertex 30.1344 -12.773 23.99
      vertex 31.4428 -14.7638 23.99
    endloop
  endfacet
  facet normal 0 0 1
    outer loop
      vertex 31.4428 -14.7638 23.99
      vertex 30.1344 -12.773 23.99
      vertex 31.2654 -14.8478 23.99
    endloop
  endfacet
  facet normal -0 0 1
    outer loop
      vertex 30.0556 -12.8315 23.99
      vertex 31.2654 -14.8478 23.99
      vertex 30.1344 -12.773 23.99
    endloop
  endfacet
  facet normal 0 0 1
    outer loop
      vertex 31.2654 -14.8478 23.99
      vertex 30.0556 -12.8315 23.99
      vertex 31.0806 -14.9139 23.99
    endloop
  endfacet
  facet normal 0 0 1
    outer loop
      vertex 31.0806 -14.9139 23.99
      vertex 30.0556 -12.8315 23.99
      vertex 30.8902 -14.9616 23.99
    endloop
  endfacet
  facet normal 0 0 1
    outer loop
      vertex 30.8902 -14.9616 23.99
      vertex 30.0556 -12.8315 23.99
      vertex 30.696 -14.9904 23.99
    endloop
  endfacet
  facet normal -0 0 1
    outer loop
      vertex 29.9714 -12.8819 23.99
      vertex 30.696 -14.9904 23.99
      vertex 30.0556 -12.8315 23.99
    endloop
  endfacet
  facet normal 0 0 1
    outer loop
      vertex 30.696 -14.9904 23.99
      vertex 29.9714 -12.8819 23.99
      vertex 30.5 -15 23.99
    endloop
  endfacet
  facet normal -0 0 1
    outer loop
      vertex 29.8827 -12.9239 23.99
      vertex 30.5 -15 23.99
      vertex 29.9714 -12.8819 23.99
    endloop
  endfacet
  facet normal -0 0 1
    outer loop
      vertex 29.7903 -12.9569 23.99
      vertex 30.5 -15 23.99
      vertex 29.8827 -12.9239 23.99
    endloop
  endfacet
  facet normal -0 0 1
    outer loop
      vertex 29.6951 -12.9808 23.99
      vertex 30.5 -15 23.99
      vertex 29.7903 -12.9569 23.99
    endloop
  endfacet
  facet normal -0 0 1
    outer loop
      vertex 29.598 -12.9952 23.99
      vertex 30.5 -15 23.99
      vertex 29.6951 -12.9808 23.99
    endloop
  endfacet
  facet normal -0 0 1
    outer loop
      vertex 29.5 -13 23.99
      vertex 30.5 -15 23.99
      vertex 29.598 -12.9952 23.99
    endloop
  endfacet
  facet normal -0 0 1
    outer loop
      vertex 5.5 -13 23.99
      vertex 30.5 -15 23.99
      vertex 29.5 -13 23.99
    endloop
  endfacet
  facet normal 0 0 1
    outer loop
      vertex 4.5 -15 23.99
      vertex 5.5 -13 23.99
      vertex 5.40198 -12.9952 23.99
    endloop
  endfacet
  facet normal 0 0 1
    outer loop
      vertex 5.5 -13 23.99
      vertex 4.5 -15 23.99
      vertex 30.5 -15 23.99
    endloop
  endfacet
  facet normal 0 0 1
    outer loop
      vertex 5.30491 -12.9808 23.99
      vertex 4.5 -15 23.99
      vertex 5.40198 -12.9952 23.99
    endloop
  endfacet
  facet normal 0 0 1
    outer loop
      vertex 5.20972 -12.9569 23.99
      vertex 4.5 -15 23.99
      vertex 5.30491 -12.9808 23.99
    endloop
  endfacet
  facet normal 0 0 1
    outer loop
      vertex 5.11732 -12.9239 23.99
      vertex 4.5 -15 23.99
      vertex 5.20972 -12.9569 23.99
    endloop
  endfacet
  facet normal 0 0 1
    outer loop
      vertex 5.0286 -12.8819 23.99
      vertex 4.5 -15 23.99
      vertex 5.11732 -12.9239 23.99
    endloop
  endfacet
  facet normal 0 0 1
    outer loop
      vertex 4.94443 -12.8315 23.99
      vertex 4.5 -15 23.99
      vertex 5.0286 -12.8819 23.99
    endloop
  endfacet
  facet normal 0 0 1
    outer loop
      vertex 4.86561 -12.773 23.99
      vertex 4.5 -15 23.99
      vertex 4.94443 -12.8315 23.99
    endloop
  endfacet
  facet normal 0 0 1
    outer loop
      vertex 4.79289 -12.7071 23.99
      vertex 4.5 -15 23.99
      vertex 4.86561 -12.773 23.99
    endloop
  endfacet
  facet normal 0 0 1
    outer loop
      vertex 4.72699 -12.6344 23.99
      vertex 4.5 -15 23.99
      vertex 4.79289 -12.7071 23.99
    endloop
  endfacet
  facet normal 0 0 1
    outer loop
      vertex 4.66853 -12.5556 23.99
      vertex 4.5 -15 23.99
      vertex 4.72699 -12.6344 23.99
    endloop
  endfacet
  facet normal 0 0 1
    outer loop
      vertex 4.61808 -12.4714 23.99
      vertex 4.5 -15 23.99
      vertex 4.66853 -12.5556 23.99
    endloop
  endfacet
  facet normal 0 0 1
    outer loop
      vertex 4.57612 -12.3827 23.99
      vertex 4.5 -15 23.99
      vertex 4.61808 -12.4714 23.99
    endloop
  endfacet
  facet normal 0 0 1
    outer loop
      vertex 4.54306 -12.2903 23.99
      vertex 4.5 -15 23.99
      vertex 4.57612 -12.3827 23.99
    endloop
  endfacet
  facet normal 0 0 1
    outer loop
      vertex 4.51922 -12.1951 23.99
      vertex 4.5 -15 23.99
      vertex 4.54306 -12.2903 23.99
    endloop
  endfacet
  facet normal 0 0 1
    outer loop
      vertex 4.50482 -12.098 23.99
      vertex 4.5 -15 23.99
      vertex 4.51922 -12.1951 23.99
    endloop
  endfacet
  facet normal 0 0 1
    outer loop
      vertex 4.5 -15 23.99
      vertex 4.50482 -12.098 23.99
      vertex 4.5 -12 23.99
    endloop
  endfacet
  facet normal 0.336788 -0.94158 0
    outer loop
      vertex 31.0806 -14.9139 20.99
      vertex 31.2654 -14.8478 23.99
      vertex 31.0806 -14.9139 23.99
    endloop
  endfacet
  facet normal 0.336788 -0.94158 0
    outer loop
      vertex 31.2654 -14.8478 23.99
      vertex 31.0806 -14.9139 20.99
      vertex 31.2654 -14.8478 20.99
    endloop
  endfacet
  facet normal -0.59563 -0.803259 0
    outer loop
      vertex 3.23121 -14.546 20.99
      vertex 3.38886 -14.6629 23.99
      vertex 3.23121 -14.546 23.99
    endloop
  endfacet
  facet normal -0.59563 -0.803259 -0
    outer loop
      vertex 3.38886 -14.6629 23.99
      vertex 3.23121 -14.546 20.99
      vertex 3.38886 -14.6629 20.99
    endloop
  endfacet
  facet normal 0.80335 0.595508 0
    outer loop
      vertex 32.1629 14.1111 23.99
      vertex 32.046 14.2688 20.99
      vertex 32.046 14.2688 23.99
    endloop
  endfacet
  facet normal 0.80335 0.595508 0
    outer loop
      vertex 32.046 14.2688 20.99
      vertex 32.1629 14.1111 23.99
      vertex 32.1629 14.1111 20.99
    endloop
  endfacet
  facet normal 0.857673 0.514196 0
    outer loop
      vertex 32.2638 13.9428 23.99
      vertex 32.1629 14.1111 20.99
      vertex 32.1629 14.1111 23.99
    endloop
  endfacet
  facet normal 0.857673 0.514196 0
    outer loop
      vertex 32.1629 14.1111 20.99
      vertex 32.2638 13.9428 23.99
      vertex 32.2638 13.9428 20.99
    endloop
  endfacet
  facet normal -0.969902 0.243494 0
    outer loop
      vertex 30.4569 -12.2903 21.99
      vertex 30.4808 -12.1951 23.99
      vertex 30.4808 -12.1951 21.99
    endloop
  endfacet
  facet normal -0.969902 0.243494 0
    outer loop
      vertex 30.4808 -12.1951 23.99
      vertex 30.4569 -12.2903 21.99
      vertex 30.4569 -12.2903 23.99
    endloop
  endfacet
  facet normal -0.941742 0.336336 0
    outer loop
      vertex 30.4239 -12.3827 21.99
      vertex 30.4569 -12.2903 23.99
      vertex 30.4569 -12.2903 21.99
    endloop
  endfacet
  facet normal -0.941742 0.336336 0
    outer loop
      vertex 30.4569 -12.2903 23.99
      vertex 30.4239 -12.3827 21.99
      vertex 30.4239 -12.3827 23.99
    endloop
  endfacet
  facet normal -0.513596 0.858032 0
    outer loop
      vertex 30.0556 -12.8315 21.99
      vertex 29.9714 -12.8819 23.99
      vertex 30.0556 -12.8315 23.99
    endloop
  endfacet
  facet normal -0.513596 0.858032 0
    outer loop
      vertex 29.9714 -12.8819 23.99
      vertex 30.0556 -12.8315 21.99
      vertex 29.9714 -12.8819 21.99
    endloop
  endfacet
  facet normal -0.336336 0.941742 0
    outer loop
      vertex 29.8827 -12.9239 21.99
      vertex 29.7903 -12.9569 23.99
      vertex 29.8827 -12.9239 23.99
    endloop
  endfacet
  facet normal -0.336336 0.941742 0
    outer loop
      vertex 29.7903 -12.9569 23.99
      vertex 29.8827 -12.9239 21.99
      vertex 29.7903 -12.9569 21.99
    endloop
  endfacet
  facet normal -0.989182 0.146696 0
    outer loop
      vertex 30.4808 -12.1951 21.99
      vertex 30.4952 -12.098 23.99
      vertex 30.4952 -12.098 21.99
    endloop
  endfacet
  facet normal -0.989182 0.146696 0
    outer loop
      vertex 30.4952 -12.098 23.99
      vertex 30.4808 -12.1951 21.99
      vertex 30.4808 -12.1951 23.99
    endloop
  endfacet
  facet normal 0 -1 0
    outer loop
      vertex 5.5 13 21.99
      vertex 29.5 13 23.99
      vertex 5.5 13 23.99
    endloop
  endfacet
  facet normal 0 -1 -0
    outer loop
      vertex 29.5 13 23.99
      vertex 5.5 13 21.99
      vertex 29.5 13 21.99
    endloop
  endfacet
  facet normal 0 1 -0
    outer loop
      vertex 29.5 -13 21.99
      vertex 5.5 -13 23.99
      vertex 29.5 -13 23.99
    endloop
  endfacet
  facet normal 0 1 0
    outer loop
      vertex 5.5 -13 23.99
      vertex 29.5 -13 21.99
      vertex 5.5 -13 21.99
    endloop
  endfacet
  facet normal -0.146696 -0.989182 0
    outer loop
      vertex 29.598 12.9952 21.99
      vertex 29.6951 12.9808 23.99
      vertex 29.598 12.9952 23.99
    endloop
  endfacet
  facet normal -0.146696 -0.989182 -0
    outer loop
      vertex 29.6951 12.9808 23.99
      vertex 29.598 12.9952 21.99
      vertex 29.6951 12.9808 21.99
    endloop
  endfacet
  facet normal -0.59608 0.802925 0
    outer loop
      vertex 30.1344 -12.773 21.99
      vertex 30.0556 -12.8315 23.99
      vertex 30.1344 -12.773 23.99
    endloop
  endfacet
  facet normal -0.59608 0.802925 0
    outer loop
      vertex 30.0556 -12.8315 23.99
      vertex 30.1344 -12.773 21.99
      vertex 30.0556 -12.8315 21.99
    endloop
  endfacet
  facet normal -0.998803 0.0489209 0
    outer loop
      vertex 30.4952 -12.098 21.99
      vertex 30.5 -12 23.99
      vertex 30.5 -12 21.99
    endloop
  endfacet
  facet normal -0.998803 0.0489209 0
    outer loop
      vertex 30.5 -12 23.99
      vertex 30.4952 -12.098 21.99
      vertex 30.4952 -12.098 23.99
    endloop
  endfacet
  facet normal -0.740908 -0.671607 0
    outer loop
      vertex 30.273 12.6344 21.99
      vertex 30.2071 12.7071 23.99
      vertex 30.2071 12.7071 21.99
    endloop
  endfacet
  facet normal -0.740908 -0.671607 0
    outer loop
      vertex 30.2071 12.7071 23.99
      vertex 30.273 12.6344 21.99
      vertex 30.273 12.6344 23.99
    endloop
  endfacet
  facet normal 0.427876 0.903837 -0
    outer loop
      vertex 5.11732 -12.9239 21.99
      vertex 5.0286 -12.8819 23.99
      vertex 5.11732 -12.9239 23.99
    endloop
  endfacet
  facet normal 0.427876 0.903837 0
    outer loop
      vertex 5.0286 -12.8819 23.99
      vertex 5.11732 -12.9239 21.99
      vertex 5.0286 -12.8819 21.99
    endloop
  endfacet
  facet normal 0.146741 -0.989175 0
    outer loop
      vertex 5.30491 12.9808 21.99
      vertex 5.40198 12.9952 23.99
      vertex 5.30491 12.9808 23.99
    endloop
  endfacet
  facet normal 0.146741 -0.989175 0
    outer loop
      vertex 5.40198 12.9952 23.99
      vertex 5.30491 12.9808 21.99
      vertex 5.40198 12.9952 21.99
    endloop
  endfacet
  facet normal -0.243494 0.969902 0
    outer loop
      vertex 29.7903 -12.9569 21.99
      vertex 29.6951 -12.9808 23.99
      vertex 29.7903 -12.9569 23.99
    endloop
  endfacet
  facet normal -0.243494 0.969902 0
    outer loop
      vertex 29.6951 -12.9808 23.99
      vertex 29.7903 -12.9569 21.99
      vertex 29.6951 -12.9808 21.99
    endloop
  endfacet
  facet normal 0.857807 0.513971 0
    outer loop
      vertex 4.66853 -12.5556 23.99
      vertex 4.61808 -12.4714 21.99
      vertex 4.61808 -12.4714 23.99
    endloop
  endfacet
  facet normal 0.857807 0.513971 0
    outer loop
      vertex 4.61808 -12.4714 21.99
      vertex 4.66853 -12.5556 23.99
      vertex 4.66853 -12.5556 21.99
    endloop
  endfacet
  facet normal -0.740908 0.671607 0
    outer loop
      vertex 30.2071 -12.7071 21.99
      vertex 30.273 -12.6344 23.99
      vertex 30.273 -12.6344 21.99
    endloop
  endfacet
  facet normal -0.740908 0.671607 0
    outer loop
      vertex 30.273 -12.6344 23.99
      vertex 30.2071 -12.7071 21.99
      vertex 30.2071 -12.7071 23.99
    endloop
  endfacet
  facet normal 0.989182 -0.146696 0
    outer loop
      vertex 4.50482 12.098 23.99
      vertex 4.51922 12.1951 21.99
      vertex 4.51922 12.1951 23.99
    endloop
  endfacet
  facet normal 0.989182 -0.146696 0
    outer loop
      vertex 4.51922 12.1951 21.99
      vertex 4.50482 12.098 23.99
      vertex 4.50482 12.098 21.99
    endloop
  endfacet
  facet normal -1 0 0
    outer loop
      vertex 30.5 -12 21.99
      vertex 30.5 12 23.99
      vertex 30.5 12 21.99
    endloop
  endfacet
  facet normal -1 -0 0
    outer loop
      vertex 30.5 12 23.99
      vertex 30.5 -12 21.99
      vertex 30.5 -12 23.99
    endloop
  endfacet
  facet normal -0.9038 -0.427955 0
    outer loop
      vertex 30.4239 12.3827 21.99
      vertex 30.3819 12.4714 23.99
      vertex 30.3819 12.4714 21.99
    endloop
  endfacet
  facet normal -0.9038 -0.427955 0
    outer loop
      vertex 30.3819 12.4714 23.99
      vertex 30.4239 12.3827 21.99
      vertex 30.4239 12.3827 23.99
    endloop
  endfacet
  facet normal -0.858032 0.513596 0
    outer loop
      vertex 30.3315 -12.5556 21.99
      vertex 30.3819 -12.4714 23.99
      vertex 30.3819 -12.4714 21.99
    endloop
  endfacet
  facet normal -0.858032 0.513596 0
    outer loop
      vertex 30.3819 -12.4714 23.99
      vertex 30.3315 -12.5556 21.99
      vertex 30.3315 -12.5556 23.99
    endloop
  endfacet
  facet normal 0.970047 -0.242919 0
    outer loop
      vertex 4.51922 12.1951 23.99
      vertex 4.54306 12.2903 21.99
      vertex 4.54306 12.2903 23.99
    endloop
  endfacet
  facet normal 0.970047 -0.242919 0
    outer loop
      vertex 4.54306 12.2903 21.99
      vertex 4.51922 12.1951 23.99
      vertex 4.51922 12.1951 21.99
    endloop
  endfacet
  facet normal 1 -0 0
    outer loop
      vertex 4.5 -12 23.99
      vertex 4.5 12 21.99
      vertex 4.5 12 23.99
    endloop
  endfacet
  facet normal 1 0 0
    outer loop
      vertex 4.5 12 21.99
      vertex 4.5 -12 23.99
      vertex 4.5 -12 21.99
    endloop
  endfacet
  facet normal 0.671505 0.741 -0
    outer loop
      vertex 4.86561 -12.773 21.99
      vertex 4.79289 -12.7071 23.99
      vertex 4.86561 -12.773 23.99
    endloop
  endfacet
  facet normal 0.671505 0.741 0
    outer loop
      vertex 4.79289 -12.7071 23.99
      vertex 4.86561 -12.773 21.99
      vertex 4.79289 -12.7071 21.99
    endloop
  endfacet
  facet normal -0.671607 0.740908 0
    outer loop
      vertex 30.2071 -12.7071 21.99
      vertex 30.1344 -12.773 23.99
      vertex 30.2071 -12.7071 23.99
    endloop
  endfacet
  facet normal -0.671607 0.740908 0
    outer loop
      vertex 30.1344 -12.773 23.99
      vertex 30.2071 -12.7071 21.99
      vertex 30.1344 -12.773 21.99
    endloop
  endfacet
  facet normal 0.513731 -0.857951 0
    outer loop
      vertex 4.94443 12.8315 21.99
      vertex 5.0286 12.8819 23.99
      vertex 4.94443 12.8315 23.99
    endloop
  endfacet
  facet normal 0.513731 -0.857951 0
    outer loop
      vertex 5.0286 12.8819 23.99
      vertex 4.94443 12.8315 21.99
      vertex 5.0286 12.8819 21.99
    endloop
  endfacet
  facet normal 0.989182 0.146696 0
    outer loop
      vertex 4.51922 -12.1951 23.99
      vertex 4.50482 -12.098 21.99
      vertex 4.50482 -12.098 23.99
    endloop
  endfacet
  facet normal 0.989182 0.146696 0
    outer loop
      vertex 4.50482 -12.098 21.99
      vertex 4.51922 -12.1951 23.99
      vertex 4.51922 -12.1951 21.99
    endloop
  endfacet
  facet normal -0.9038 0.427955 0
    outer loop
      vertex 30.3819 -12.4714 21.99
      vertex 30.4239 -12.3827 23.99
      vertex 30.4239 -12.3827 21.99
    endloop
  endfacet
  facet normal -0.9038 0.427955 0
    outer loop
      vertex 30.4239 -12.3827 23.99
      vertex 30.3819 -12.4714 21.99
      vertex 30.3819 -12.4714 23.99
    endloop
  endfacet
  facet normal -0.989182 -0.146696 0
    outer loop
      vertex 30.4952 12.098 21.99
      vertex 30.4808 12.1951 23.99
      vertex 30.4808 12.1951 21.99
    endloop
  endfacet
  facet normal -0.989182 -0.146696 0
    outer loop
      vertex 30.4808 12.1951 23.99
      vertex 30.4952 12.098 21.99
      vertex 30.4952 12.098 23.99
    endloop
  endfacet
  facet normal -0.858032 -0.513596 0
    outer loop
      vertex 30.3819 12.4714 21.99
      vertex 30.3315 12.5556 23.99
      vertex 30.3315 12.5556 21.99
    endloop
  endfacet
  facet normal -0.858032 -0.513596 0
    outer loop
      vertex 30.3315 12.5556 23.99
      vertex 30.3819 12.4714 21.99
      vertex 30.3819 12.4714 23.99
    endloop
  endfacet
  facet normal -0.802925 -0.59608 0
    outer loop
      vertex 30.3315 12.5556 21.99
      vertex 30.273 12.6344 23.99
      vertex 30.273 12.6344 21.99
    endloop
  endfacet
  facet normal -0.802925 -0.59608 0
    outer loop
      vertex 30.273 12.6344 23.99
      vertex 30.3315 12.5556 21.99
      vertex 30.3315 12.5556 23.99
    endloop
  endfacet
  facet normal -0.671607 -0.740908 0
    outer loop
      vertex 30.1344 12.773 21.99
      vertex 30.2071 12.7071 23.99
      vertex 30.1344 12.773 23.99
    endloop
  endfacet
  facet normal -0.671607 -0.740908 -0
    outer loop
      vertex 30.2071 12.7071 23.99
      vertex 30.1344 12.773 21.99
      vertex 30.2071 12.7071 21.99
    endloop
  endfacet
  facet normal -0.969902 -0.243494 0
    outer loop
      vertex 30.4808 12.1951 21.99
      vertex 30.4569 12.2903 23.99
      vertex 30.4569 12.2903 21.99
    endloop
  endfacet
  facet normal -0.969902 -0.243494 0
    outer loop
      vertex 30.4569 12.2903 23.99
      vertex 30.4808 12.1951 21.99
      vertex 30.4808 12.1951 23.99
    endloop
  endfacet
  facet normal 0.80312 0.595817 0
    outer loop
      vertex 4.72699 -12.6344 23.99
      vertex 4.66853 -12.5556 21.99
      vertex 4.66853 -12.5556 23.99
    endloop
  endfacet
  facet normal 0.80312 0.595817 0
    outer loop
      vertex 4.66853 -12.5556 21.99
      vertex 4.72699 -12.6344 23.99
      vertex 4.72699 -12.6344 21.99
    endloop
  endfacet
  facet normal 0.903958 -0.427622 0
    outer loop
      vertex 4.57612 12.3827 23.99
      vertex 4.61808 12.4714 21.99
      vertex 4.61808 12.4714 23.99
    endloop
  endfacet
  facet normal 0.903958 -0.427622 0
    outer loop
      vertex 4.61808 12.4714 21.99
      vertex 4.57612 12.3827 23.99
      vertex 4.57612 12.3827 21.99
    endloop
  endfacet
  facet normal 0.941548 0.336879 0
    outer loop
      vertex 4.57612 -12.3827 23.99
      vertex 4.54306 -12.2903 21.99
      vertex 4.54306 -12.2903 23.99
    endloop
  endfacet
  facet normal 0.941548 0.336879 0
    outer loop
      vertex 4.54306 -12.2903 21.99
      vertex 4.57612 -12.3827 23.99
      vertex 4.57612 -12.3827 21.99
    endloop
  endfacet
  facet normal 0.243518 -0.969896 0
    outer loop
      vertex 5.20972 12.9569 21.99
      vertex 5.30491 12.9808 23.99
      vertex 5.20972 12.9569 23.99
    endloop
  endfacet
  facet normal 0.243518 -0.969896 0
    outer loop
      vertex 5.30491 12.9808 23.99
      vertex 5.20972 12.9569 21.99
      vertex 5.30491 12.9808 21.99
    endloop
  endfacet
  facet normal 0.857807 -0.513971 0
    outer loop
      vertex 4.61808 12.4714 23.99
      vertex 4.66853 12.5556 21.99
      vertex 4.66853 12.5556 23.99
    endloop
  endfacet
  facet normal 0.857807 -0.513971 0
    outer loop
      vertex 4.66853 12.5556 21.99
      vertex 4.61808 12.4714 23.99
      vertex 4.61808 12.4714 21.99
    endloop
  endfacet
  facet normal -0.146696 0.989182 0
    outer loop
      vertex 29.6951 -12.9808 21.99
      vertex 29.598 -12.9952 23.99
      vertex 29.6951 -12.9808 23.99
    endloop
  endfacet
  facet normal -0.146696 0.989182 0
    outer loop
      vertex 29.598 -12.9952 23.99
      vertex 29.6951 -12.9808 21.99
      vertex 29.598 -12.9952 21.99
    endloop
  endfacet
  facet normal 0.941548 -0.336879 0
    outer loop
      vertex 4.54306 12.2903 23.99
      vertex 4.57612 12.3827 21.99
      vertex 4.57612 12.3827 23.99
    endloop
  endfacet
  facet normal 0.941548 -0.336879 0
    outer loop
      vertex 4.57612 12.3827 21.99
      vertex 4.54306 12.2903 23.99
      vertex 4.54306 12.2903 21.99
    endloop
  endfacet
  facet normal 0.595983 0.802997 -0
    outer loop
      vertex 4.94443 -12.8315 21.99
      vertex 4.86561 -12.773 23.99
      vertex 4.94443 -12.8315 23.99
    endloop
  endfacet
  facet normal 0.595983 0.802997 0
    outer loop
      vertex 4.86561 -12.773 23.99
      vertex 4.94443 -12.8315 21.99
      vertex 4.86561 -12.773 21.99
    endloop
  endfacet
  facet normal -0.243494 -0.969902 0
    outer loop
      vertex 29.6951 12.9808 21.99
      vertex 29.7903 12.9569 23.99
      vertex 29.6951 12.9808 23.99
    endloop
  endfacet
  facet normal -0.243494 -0.969902 -0
    outer loop
      vertex 29.7903 12.9569 23.99
      vertex 29.6951 12.9808 21.99
      vertex 29.7903 12.9569 21.99
    endloop
  endfacet
  facet normal -0.427955 -0.9038 0
    outer loop
      vertex 29.8827 12.9239 21.99
      vertex 29.9714 12.8819 23.99
      vertex 29.8827 12.9239 23.99
    endloop
  endfacet
  facet normal -0.427955 -0.9038 -0
    outer loop
      vertex 29.9714 12.8819 23.99
      vertex 29.8827 12.9239 21.99
      vertex 29.9714 12.8819 21.99
    endloop
  endfacet
  facet normal 0.146741 0.989175 -0
    outer loop
      vertex 5.40198 -12.9952 21.99
      vertex 5.30491 -12.9808 23.99
      vertex 5.40198 -12.9952 23.99
    endloop
  endfacet
  facet normal 0.146741 0.989175 0
    outer loop
      vertex 5.30491 -12.9808 23.99
      vertex 5.40198 -12.9952 21.99
      vertex 5.30491 -12.9808 21.99
    endloop
  endfacet
  facet normal -0.513596 -0.858032 0
    outer loop
      vertex 29.9714 12.8819 21.99
      vertex 30.0556 12.8315 23.99
      vertex 29.9714 12.8819 23.99
    endloop
  endfacet
  facet normal -0.513596 -0.858032 -0
    outer loop
      vertex 30.0556 12.8315 23.99
      vertex 29.9714 12.8819 21.99
      vertex 30.0556 12.8315 21.99
    endloop
  endfacet
  facet normal -0.0489209 0.998803 0
    outer loop
      vertex 29.598 -12.9952 21.99
      vertex 29.5 -13 23.99
      vertex 29.598 -12.9952 23.99
    endloop
  endfacet
  facet normal -0.0489209 0.998803 0
    outer loop
      vertex 29.5 -13 23.99
      vertex 29.598 -12.9952 21.99
      vertex 29.5 -13 21.99
    endloop
  endfacet
  facet normal -0.802925 0.59608 0
    outer loop
      vertex 30.273 -12.6344 21.99
      vertex 30.3315 -12.5556 23.99
      vertex 30.3315 -12.5556 21.99
    endloop
  endfacet
  facet normal -0.802925 0.59608 0
    outer loop
      vertex 30.3315 -12.5556 23.99
      vertex 30.273 -12.6344 21.99
      vertex 30.273 -12.6344 23.99
    endloop
  endfacet
  facet normal 0.970047 0.242919 0
    outer loop
      vertex 4.54306 -12.2903 23.99
      vertex 4.51922 -12.1951 21.99
      vertex 4.51922 -12.1951 23.99
    endloop
  endfacet
  facet normal 0.970047 0.242919 0
    outer loop
      vertex 4.51922 -12.1951 21.99
      vertex 4.54306 -12.2903 23.99
      vertex 4.54306 -12.2903 21.99
    endloop
  endfacet
  facet normal 0.740908 0.671607 0
    outer loop
      vertex 4.79289 -12.7071 23.99
      vertex 4.72699 -12.6344 21.99
      vertex 4.72699 -12.6344 23.99
    endloop
  endfacet
  facet normal 0.740908 0.671607 0
    outer loop
      vertex 4.72699 -12.6344 21.99
      vertex 4.79289 -12.7071 23.99
      vertex 4.79289 -12.7071 21.99
    endloop
  endfacet
  facet normal 0.336336 0.941742 -0
    outer loop
      vertex 5.20972 -12.9569 21.99
      vertex 5.11732 -12.9239 23.99
      vertex 5.20972 -12.9569 23.99
    endloop
  endfacet
  facet normal 0.336336 0.941742 0
    outer loop
      vertex 5.11732 -12.9239 23.99
      vertex 5.20972 -12.9569 21.99
      vertex 5.11732 -12.9239 21.99
    endloop
  endfacet
  facet normal 0.048911 -0.998803 0
    outer loop
      vertex 5.40198 12.9952 21.99
      vertex 5.5 13 23.99
      vertex 5.40198 12.9952 23.99
    endloop
  endfacet
  facet normal 0.048911 -0.998803 0
    outer loop
      vertex 5.5 13 23.99
      vertex 5.40198 12.9952 21.99
      vertex 5.5 13 21.99
    endloop
  endfacet
  facet normal -0.941742 -0.336336 0
    outer loop
      vertex 30.4569 12.2903 21.99
      vertex 30.4239 12.3827 23.99
      vertex 30.4239 12.3827 21.99
    endloop
  endfacet
  facet normal -0.941742 -0.336336 0
    outer loop
      vertex 30.4239 12.3827 23.99
      vertex 30.4569 12.2903 21.99
      vertex 30.4569 12.2903 23.99
    endloop
  endfacet
  facet normal -0.0489209 -0.998803 0
    outer loop
      vertex 29.5 13 21.99
      vertex 29.598 12.9952 23.99
      vertex 29.5 13 23.99
    endloop
  endfacet
  facet normal -0.0489209 -0.998803 -0
    outer loop
      vertex 29.598 12.9952 23.99
      vertex 29.5 13 21.99
      vertex 29.598 12.9952 21.99
    endloop
  endfacet
  facet normal 0.903958 0.427622 0
    outer loop
      vertex 4.61808 -12.4714 23.99
      vertex 4.57612 -12.3827 21.99
      vertex 4.57612 -12.3827 23.99
    endloop
  endfacet
  facet normal 0.903958 0.427622 0
    outer loop
      vertex 4.57612 -12.3827 21.99
      vertex 4.61808 -12.4714 23.99
      vertex 4.61808 -12.4714 21.99
    endloop
  endfacet
  facet normal 0.740908 -0.671607 0
    outer loop
      vertex 4.72699 12.6344 23.99
      vertex 4.79289 12.7071 21.99
      vertex 4.79289 12.7071 23.99
    endloop
  endfacet
  facet normal 0.740908 -0.671607 0
    outer loop
      vertex 4.79289 12.7071 21.99
      vertex 4.72699 12.6344 23.99
      vertex 4.72699 12.6344 21.99
    endloop
  endfacet
  facet normal 0.998793 0.0491243 0
    outer loop
      vertex 4.50482 -12.098 23.99
      vertex 4.5 -12 21.99
      vertex 4.5 -12 23.99
    endloop
  endfacet
  facet normal 0.998793 0.0491243 0
    outer loop
      vertex 4.5 -12 21.99
      vertex 4.50482 -12.098 23.99
      vertex 4.50482 -12.098 21.99
    endloop
  endfacet
  facet normal 0.048911 0.998803 -0
    outer loop
      vertex 5.5 -13 21.99
      vertex 5.40198 -12.9952 23.99
      vertex 5.5 -13 23.99
    endloop
  endfacet
  facet normal 0.048911 0.998803 0
    outer loop
      vertex 5.40198 -12.9952 23.99
      vertex 5.5 -13 21.99
      vertex 5.40198 -12.9952 21.99
    endloop
  endfacet
  facet normal 0.80312 -0.595817 0
    outer loop
      vertex 4.66853 12.5556 23.99
      vertex 4.72699 12.6344 21.99
      vertex 4.72699 12.6344 23.99
    endloop
  endfacet
  facet normal 0.80312 -0.595817 0
    outer loop
      vertex 4.72699 12.6344 21.99
      vertex 4.66853 12.5556 23.99
      vertex 4.66853 12.5556 21.99
    endloop
  endfacet
  facet normal 0.671505 -0.741 0
    outer loop
      vertex 4.79289 12.7071 21.99
      vertex 4.86561 12.773 23.99
      vertex 4.79289 12.7071 23.99
    endloop
  endfacet
  facet normal 0.671505 -0.741 0
    outer loop
      vertex 4.86561 12.773 23.99
      vertex 4.79289 12.7071 21.99
      vertex 4.86561 12.773 21.99
    endloop
  endfacet
  facet normal 0.336336 -0.941742 0
    outer loop
      vertex 5.11732 12.9239 21.99
      vertex 5.20972 12.9569 23.99
      vertex 5.11732 12.9239 23.99
    endloop
  endfacet
  facet normal 0.336336 -0.941742 0
    outer loop
      vertex 5.20972 12.9569 23.99
      vertex 5.11732 12.9239 21.99
      vertex 5.20972 12.9569 21.99
    endloop
  endfacet
  facet normal 0.243518 0.969896 -0
    outer loop
      vertex 5.30491 -12.9808 21.99
      vertex 5.20972 -12.9569 23.99
      vertex 5.30491 -12.9808 23.99
    endloop
  endfacet
  facet normal 0.243518 0.969896 0
    outer loop
      vertex 5.20972 -12.9569 23.99
      vertex 5.30491 -12.9808 21.99
      vertex 5.20972 -12.9569 21.99
    endloop
  endfacet
  facet normal -0.336336 -0.941742 0
    outer loop
      vertex 29.7903 12.9569 21.99
      vertex 29.8827 12.9239 23.99
      vertex 29.7903 12.9569 23.99
    endloop
  endfacet
  facet normal -0.336336 -0.941742 -0
    outer loop
      vertex 29.8827 12.9239 23.99
      vertex 29.7903 12.9569 21.99
      vertex 29.8827 12.9239 21.99
    endloop
  endfacet
  facet normal 0.513731 0.857951 -0
    outer loop
      vertex 5.0286 -12.8819 21.99
      vertex 4.94443 -12.8315 23.99
      vertex 5.0286 -12.8819 23.99
    endloop
  endfacet
  facet normal 0.513731 0.857951 0
    outer loop
      vertex 4.94443 -12.8315 23.99
      vertex 5.0286 -12.8819 21.99
      vertex 4.94443 -12.8315 21.99
    endloop
  endfacet
  facet normal -0.998803 -0.0489209 0
    outer loop
      vertex 30.5 12 21.99
      vertex 30.4952 12.098 23.99
      vertex 30.4952 12.098 21.99
    endloop
  endfacet
  facet normal -0.998803 -0.0489209 0
    outer loop
      vertex 30.4952 12.098 23.99
      vertex 30.5 12 21.99
      vertex 30.5 12 23.99
    endloop
  endfacet
  facet normal 0.427876 -0.903837 0
    outer loop
      vertex 5.0286 12.8819 21.99
      vertex 5.11732 12.9239 23.99
      vertex 5.0286 12.8819 23.99
    endloop
  endfacet
  facet normal 0.427876 -0.903837 0
    outer loop
      vertex 5.11732 12.9239 23.99
      vertex 5.0286 12.8819 21.99
      vertex 5.11732 12.9239 21.99
    endloop
  endfacet
  facet normal 0.998793 -0.0491243 0
    outer loop
      vertex 4.5 12 23.99
      vertex 4.50482 12.098 21.99
      vertex 4.50482 12.098 23.99
    endloop
  endfacet
  facet normal 0.998793 -0.0491243 0
    outer loop
      vertex 4.50482 12.098 21.99
      vertex 4.5 12 23.99
      vertex 4.5 12 21.99
    endloop
  endfacet
  facet normal -0.427955 0.9038 0
    outer loop
      vertex 29.9714 -12.8819 21.99
      vertex 29.8827 -12.9239 23.99
      vertex 29.9714 -12.8819 23.99
    endloop
  endfacet
  facet normal -0.427955 0.9038 0
    outer loop
      vertex 29.8827 -12.9239 23.99
      vertex 29.9714 -12.8819 21.99
      vertex 29.8827 -12.9239 21.99
    endloop
  endfacet
  facet normal -0.59608 -0.802925 0
    outer loop
      vertex 30.0556 12.8315 21.99
      vertex 30.1344 12.773 23.99
      vertex 30.0556 12.8315 23.99
    endloop
  endfacet
  facet normal -0.59608 -0.802925 -0
    outer loop
      vertex 30.1344 12.773 23.99
      vertex 30.0556 12.8315 21.99
      vertex 30.1344 12.773 21.99
    endloop
  endfacet
  facet normal 0 0 1
    outer loop
      vertex 29.5 13 21.99
      vertex 30.5 12 21.99
      vertex 30.4952 12.098 21.99
    endloop
  endfacet
  facet normal 0 0 1
    outer loop
      vertex 30.5 12 21.99
      vertex 29.5 13 21.99
      vertex 30.5 -12 21.99
    endloop
  endfacet
  facet normal 0 0 1
    outer loop
      vertex 29.5 13 21.99
      vertex 30.4952 12.098 21.99
      vertex 30.4808 12.1951 21.99
    endloop
  endfacet
  facet normal 0 0 1
    outer loop
      vertex 29.5 -13 21.99
      vertex 30.5 -12 21.99
      vertex 29.5 13 21.99
    endloop
  endfacet
  facet normal 0 0 1
    outer loop
      vertex 29.5 13 21.99
      vertex 30.4808 12.1951 21.99
      vertex 30.4569 12.2903 21.99
    endloop
  endfacet
  facet normal 0 0 1
    outer loop
      vertex 30.5 -12 21.99
      vertex 29.5 -13 21.99
      vertex 30.4952 -12.098 21.99
    endloop
  endfacet
  facet normal 0 0 1
    outer loop
      vertex 29.5 13 21.99
      vertex 30.4569 12.2903 21.99
      vertex 30.4239 12.3827 21.99
    endloop
  endfacet
  facet normal 0 0 1
    outer loop
      vertex 30.4952 -12.098 21.99
      vertex 29.5 -13 21.99
      vertex 30.4808 -12.1951 21.99
    endloop
  endfacet
  facet normal 0 0 1
    outer loop
      vertex 29.5 13 21.99
      vertex 30.4239 12.3827 21.99
      vertex 30.3819 12.4714 21.99
    endloop
  endfacet
  facet normal 0 0 1
    outer loop
      vertex 30.4808 -12.1951 21.99
      vertex 29.5 -13 21.99
      vertex 30.4569 -12.2903 21.99
    endloop
  endfacet
  facet normal 0 0 1
    outer loop
      vertex 29.5 13 21.99
      vertex 30.3819 12.4714 21.99
      vertex 30.3315 12.5556 21.99
    endloop
  endfacet
  facet normal 0 0 1
    outer loop
      vertex 30.4569 -12.2903 21.99
      vertex 29.5 -13 21.99
      vertex 30.4239 -12.3827 21.99
    endloop
  endfacet
  facet normal 0 0 1
    outer loop
      vertex 29.5 13 21.99
      vertex 30.3315 12.5556 21.99
      vertex 30.273 12.6344 21.99
    endloop
  endfacet
  facet normal 0 0 1
    outer loop
      vertex 30.4239 -12.3827 21.99
      vertex 29.5 -13 21.99
      vertex 30.3819 -12.4714 21.99
    endloop
  endfacet
  facet normal 0 0 1
    outer loop
      vertex 29.5 13 21.99
      vertex 30.273 12.6344 21.99
      vertex 30.2071 12.7071 21.99
    endloop
  endfacet
  facet normal 0 0 1
    outer loop
      vertex 30.3819 -12.4714 21.99
      vertex 29.5 -13 21.99
      vertex 30.3315 -12.5556 21.99
    endloop
  endfacet
  facet normal 0 0 1
    outer loop
      vertex 29.5 13 21.99
      vertex 30.2071 12.7071 21.99
      vertex 30.1344 12.773 21.99
    endloop
  endfacet
  facet normal 0 0 1
    outer loop
      vertex 30.3315 -12.5556 21.99
      vertex 29.5 -13 21.99
      vertex 30.273 -12.6344 21.99
    endloop
  endfacet
  facet normal 0 0 1
    outer loop
      vertex 29.5 13 21.99
      vertex 30.1344 12.773 21.99
      vertex 30.0556 12.8315 21.99
    endloop
  endfacet
  facet normal 0 0 1
    outer loop
      vertex 30.273 -12.6344 21.99
      vertex 29.5 -13 21.99
      vertex 30.2071 -12.7071 21.99
    endloop
  endfacet
  facet normal 0 0 1
    outer loop
      vertex 29.5 13 21.99
      vertex 30.0556 12.8315 21.99
      vertex 29.9714 12.8819 21.99
    endloop
  endfacet
  facet normal 0 0 1
    outer loop
      vertex 30.2071 -12.7071 21.99
      vertex 29.5 -13 21.99
      vertex 30.1344 -12.773 21.99
    endloop
  endfacet
  facet normal 0 0 1
    outer loop
      vertex 29.5 13 21.99
      vertex 29.9714 12.8819 21.99
      vertex 29.8827 12.9239 21.99
    endloop
  endfacet
  facet normal 0 0 1
    outer loop
      vertex 30.1344 -12.773 21.99
      vertex 29.5 -13 21.99
      vertex 30.0556 -12.8315 21.99
    endloop
  endfacet
  facet normal 0 0 1
    outer loop
      vertex 29.5 13 21.99
      vertex 29.8827 12.9239 21.99
      vertex 29.7903 12.9569 21.99
    endloop
  endfacet
  facet normal 0 0 1
    outer loop
      vertex 30.0556 -12.8315 21.99
      vertex 29.5 -13 21.99
      vertex 29.9714 -12.8819 21.99
    endloop
  endfacet
  facet normal 0 0 1
    outer loop
      vertex 29.5 13 21.99
      vertex 29.7903 12.9569 21.99
      vertex 29.6951 12.9808 21.99
    endloop
  endfacet
  facet normal 0 0 1
    outer loop
      vertex 29.9714 -12.8819 21.99
      vertex 29.5 -13 21.99
      vertex 29.8827 -12.9239 21.99
    endloop
  endfacet
  facet normal 0 0 1
    outer loop
      vertex 29.5 13 21.99
      vertex 29.6951 12.9808 21.99
      vertex 29.598 12.9952 21.99
    endloop
  endfacet
  facet normal 0 0 1
    outer loop
      vertex 29.8827 -12.9239 21.99
      vertex 29.5 -13 21.99
      vertex 29.7903 -12.9569 21.99
    endloop
  endfacet
  facet normal 0 0 1
    outer loop
      vertex 29.7903 -12.9569 21.99
      vertex 29.5 -13 21.99
      vertex 29.6951 -12.9808 21.99
    endloop
  endfacet
  facet normal 0 0 1
    outer loop
      vertex 29.6951 -12.9808 21.99
      vertex 29.5 -13 21.99
      vertex 29.598 -12.9952 21.99
    endloop
  endfacet
  facet normal -0 0 1
    outer loop
      vertex 5.5 13 21.99
      vertex 29.5 -13 21.99
      vertex 29.5 13 21.99
    endloop
  endfacet
  facet normal 0 0 1
    outer loop
      vertex 5.5 13 21.99
      vertex 5.5 -13 21.99
      vertex 29.5 -13 21.99
    endloop
  endfacet
  facet normal 0 0 1
    outer loop
      vertex 4.5 12 21.99
      vertex 5.5 13 21.99
      vertex 5.40198 12.9952 21.99
    endloop
  endfacet
  facet normal 0 0 1
    outer loop
      vertex 5.5 13 21.99
      vertex 4.5 12 21.99
      vertex 5.5 -13 21.99
    endloop
  endfacet
  facet normal 0 0 1
    outer loop
      vertex 4.5 12 21.99
      vertex 5.40198 12.9952 21.99
      vertex 5.30491 12.9808 21.99
    endloop
  endfacet
  facet normal -0 0 1
    outer loop
      vertex 4.5 -12 21.99
      vertex 5.5 -13 21.99
      vertex 4.5 12 21.99
    endloop
  endfacet
  facet normal 0 0 1
    outer loop
      vertex 4.5 12 21.99
      vertex 5.30491 12.9808 21.99
      vertex 5.20972 12.9569 21.99
    endloop
  endfacet
  facet normal 0 0 1
    outer loop
      vertex 5.5 -13 21.99
      vertex 4.5 -12 21.99
      vertex 5.40198 -12.9952 21.99
    endloop
  endfacet
  facet normal 0 0 1
    outer loop
      vertex 4.5 12 21.99
      vertex 5.20972 12.9569 21.99
      vertex 5.11732 12.9239 21.99
    endloop
  endfacet
  facet normal 0 0 1
    outer loop
      vertex 5.40198 -12.9952 21.99
      vertex 4.5 -12 21.99
      vertex 5.30491 -12.9808 21.99
    endloop
  endfacet
  facet normal 0 0 1
    outer loop
      vertex 4.5 12 21.99
      vertex 5.11732 12.9239 21.99
      vertex 5.0286 12.8819 21.99
    endloop
  endfacet
  facet normal 0 0 1
    outer loop
      vertex 5.30491 -12.9808 21.99
      vertex 4.5 -12 21.99
      vertex 5.20972 -12.9569 21.99
    endloop
  endfacet
  facet normal 0 0 1
    outer loop
      vertex 4.5 12 21.99
      vertex 5.0286 12.8819 21.99
      vertex 4.94443 12.8315 21.99
    endloop
  endfacet
  facet normal 0 0 1
    outer loop
      vertex 5.20972 -12.9569 21.99
      vertex 4.5 -12 21.99
      vertex 5.11732 -12.9239 21.99
    endloop
  endfacet
  facet normal 0 0 1
    outer loop
      vertex 4.5 12 21.99
      vertex 4.94443 12.8315 21.99
      vertex 4.86561 12.773 21.99
    endloop
  endfacet
  facet normal 0 0 1
    outer loop
      vertex 5.11732 -12.9239 21.99
      vertex 4.5 -12 21.99
      vertex 5.0286 -12.8819 21.99
    endloop
  endfacet
  facet normal 0 0 1
    outer loop
      vertex 4.5 12 21.99
      vertex 4.86561 12.773 21.99
      vertex 4.79289 12.7071 21.99
    endloop
  endfacet
  facet normal 0 0 1
    outer loop
      vertex 5.0286 -12.8819 21.99
      vertex 4.5 -12 21.99
      vertex 4.94443 -12.8315 21.99
    endloop
  endfacet
  facet normal 0 0 1
    outer loop
      vertex 4.5 12 21.99
      vertex 4.79289 12.7071 21.99
      vertex 4.72699 12.6344 21.99
    endloop
  endfacet
  facet normal 0 0 1
    outer loop
      vertex 4.94443 -12.8315 21.99
      vertex 4.5 -12 21.99
      vertex 4.86561 -12.773 21.99
    endloop
  endfacet
  facet normal 0 0 1
    outer loop
      vertex 4.5 12 21.99
      vertex 4.72699 12.6344 21.99
      vertex 4.66853 12.5556 21.99
    endloop
  endfacet
  facet normal 0 0 1
    outer loop
      vertex 4.86561 -12.773 21.99
      vertex 4.5 -12 21.99
      vertex 4.79289 -12.7071 21.99
    endloop
  endfacet
  facet normal 0 0 1
    outer loop
      vertex 4.5 12 21.99
      vertex 4.66853 12.5556 21.99
      vertex 4.61808 12.4714 21.99
    endloop
  endfacet
  facet normal 0 0 1
    outer loop
      vertex 4.79289 -12.7071 21.99
      vertex 4.5 -12 21.99
      vertex 4.72699 -12.6344 21.99
    endloop
  endfacet
  facet normal 0 0 1
    outer loop
      vertex 4.5 12 21.99
      vertex 4.61808 12.4714 21.99
      vertex 4.57612 12.3827 21.99
    endloop
  endfacet
  facet normal 0 0 1
    outer loop
      vertex 4.72699 -12.6344 21.99
      vertex 4.5 -12 21.99
      vertex 4.66853 -12.5556 21.99
    endloop
  endfacet
  facet normal 0 0 1
    outer loop
      vertex 4.5 12 21.99
      vertex 4.57612 12.3827 21.99
      vertex 4.54306 12.2903 21.99
    endloop
  endfacet
  facet normal 0 0 1
    outer loop
      vertex 4.66853 -12.5556 21.99
      vertex 4.5 -12 21.99
      vertex 4.61808 -12.4714 21.99
    endloop
  endfacet
  facet normal 0 0 1
    outer loop
      vertex 4.5 12 21.99
      vertex 4.54306 12.2903 21.99
      vertex 4.51922 12.1951 21.99
    endloop
  endfacet
  facet normal 0 0 1
    outer loop
      vertex 4.61808 -12.4714 21.99
      vertex 4.5 -12 21.99
      vertex 4.57612 -12.3827 21.99
    endloop
  endfacet
  facet normal 0 0 1
    outer loop
      vertex 4.5 12 21.99
      vertex 4.51922 12.1951 21.99
      vertex 4.50482 12.098 21.99
    endloop
  endfacet
  facet normal 0 0 1
    outer loop
      vertex 4.57612 -12.3827 21.99
      vertex 4.5 -12 21.99
      vertex 4.54306 -12.2903 21.99
    endloop
  endfacet
  facet normal 0 0 1
    outer loop
      vertex 4.54306 -12.2903 21.99
      vertex 4.5 -12 21.99
      vertex 4.51922 -12.1951 21.99
    endloop
  endfacet
  facet normal 0 0 1
    outer loop
      vertex 4.51922 -12.1951 21.99
      vertex 4.5 -12 21.99
      vertex 4.50482 -12.098 21.99
    endloop
  endfacet
  facet normal 0.595983 -0.802997 0
    outer loop
      vertex 4.86561 12.773 21.99
      vertex 4.94443 12.8315 23.99
      vertex 4.86561 12.773 23.99
    endloop
  endfacet
  facet normal 0.595983 -0.802997 0
    outer loop
      vertex 4.94443 12.8315 23.99
      vertex 4.86561 12.773 21.99
      vertex 4.94443 12.8315 21.99
    endloop
  endfacet
  facet normal 1 -0 0
    outer loop
      vertex -32.5 -12 7.2
      vertex -32.5 12 3
      vertex -32.5 12 7.2
    endloop
  endfacet
  facet normal 1 0 0
    outer loop
      vertex -32.5 12 3
      vertex -32.5 -12 7.2
      vertex -32.5 -12 3
    endloop
  endfacet
  facet normal 1 -0 0
    outer loop
      vertex -32.5 -12 0
      vertex -32.5 12 -1.2
      vertex -32.5 12 0
    endloop
  endfacet
  facet normal 1 0 0
    outer loop
      vertex -32.5 12 -1.2
      vertex -32.5 -12 0
      vertex -32.5 -12 -1.2
    endloop
  endfacet
  facet normal -0 0 1
    outer loop
      vertex -34.5 12 7.2
      vertex -32.5 -12 7.2
      vertex -32.5 12 7.2
    endloop
  endfacet
  facet normal 0 0 1
    outer loop
      vertex -32.5 -12 7.2
      vertex -34.5 12 7.2
      vertex -34.5 -12 7.2
    endloop
  endfacet
  facet normal 0 0 -1
    outer loop
      vertex -34.5 -12 -1.2
      vertex -32.5 12 -1.2
      vertex -32.5 -12 -1.2
    endloop
  endfacet
  facet normal -0 0 -1
    outer loop
      vertex -32.5 12 -1.2
      vertex -34.5 -12 -1.2
      vertex -34.5 12 -1.2
    endloop
  endfacet
  facet normal 0 1 -0
    outer loop
      vertex -32.5 12 3
      vertex -34.5 12 7.2
      vertex -32.5 12 7.2
    endloop
  endfacet
  facet normal 0 1 0
    outer loop
      vertex -34.5 12 7.2
      vertex -32.5 12 3
      vertex -34.5 12 3
    endloop
  endfacet
  facet normal 0 1 -0
    outer loop
      vertex -32.5 12 -1.2
      vertex -34.5 12 0
      vertex -32.5 12 0
    endloop
  endfacet
  facet normal 0 1 0
    outer loop
      vertex -34.5 12 0
      vertex -32.5 12 -1.2
      vertex -34.5 12 -1.2
    endloop
  endfacet
  facet normal 0 -1 0
    outer loop
      vertex -34.5 -12 3
      vertex -32.5 -12 7.2
      vertex -34.5 -12 7.2
    endloop
  endfacet
  facet normal 0 -1 -0
    outer loop
      vertex -32.5 -12 7.2
      vertex -34.5 -12 3
      vertex -32.5 -12 3
    endloop
  endfacet
  facet normal 0 -1 0
    outer loop
      vertex -34.5 -12 -1.2
      vertex -32.5 -12 0
      vertex -34.5 -12 0
    endloop
  endfacet
  facet normal 0 -1 -0
    outer loop
      vertex -32.5 -12 0
      vertex -34.5 -12 -1.2
      vertex -32.5 -12 -1.2
    endloop
  endfacet
  facet normal -0 0 1
    outer loop
      vertex 32.5 12 7.2
      vertex 34.5 -12 7.2
      vertex 34.5 12 7.2
    endloop
  endfacet
  facet normal 0 0 1
    outer loop
      vertex 34.5 -12 7.2
      vertex 32.5 12 7.2
      vertex 32.5 -12 7.2
    endloop
  endfacet
  facet normal 0 0 -1
    outer loop
      vertex 32.5 -12 -1.2
      vertex 34.5 12 -1.2
      vertex 34.5 -12 -1.2
    endloop
  endfacet
  facet normal -0 0 -1
    outer loop
      vertex 34.5 12 -1.2
      vertex 32.5 -12 -1.2
      vertex 32.5 12 -1.2
    endloop
  endfacet
  facet normal -1 0 0
    outer loop
      vertex 32.5 -12 3
      vertex 32.5 12 7.2
      vertex 32.5 12 3
    endloop
  endfacet
  facet normal -1 -0 0
    outer loop
      vertex 32.5 12 7.2
      vertex 32.5 -12 3
      vertex 32.5 -12 7.2
    endloop
  endfacet
  facet normal -1 0 0
    outer loop
      vertex 32.5 -12 -1.2
      vertex 32.5 12 0
      vertex 32.5 12 -1.2
    endloop
  endfacet
  facet normal -1 -0 0
    outer loop
      vertex 32.5 12 0
      vertex 32.5 -12 -1.2
      vertex 32.5 -12 0
    endloop
  endfacet
  facet normal 0 1 -0
    outer loop
      vertex 34.5 12 3
      vertex 32.5 12 7.2
      vertex 34.5 12 7.2
    endloop
  endfacet
  facet normal 0 1 0
    outer loop
      vertex 32.5 12 7.2
      vertex 34.5 12 3
      vertex 32.5 12 3
    endloop
  endfacet
  facet normal 0 1 -0
    outer loop
      vertex 34.5 12 -1.2
      vertex 32.5 12 0
      vertex 34.5 12 0
    endloop
  endfacet
  facet normal 0 1 0
    outer loop
      vertex 32.5 12 0
      vertex 34.5 12 -1.2
      vertex 32.5 12 -1.2
    endloop
  endfacet
  facet normal 0 -1 0
    outer loop
      vertex 32.5 -12 3
      vertex 34.5 -12 7.2
      vertex 32.5 -12 7.2
    endloop
  endfacet
  facet normal 0 -1 -0
    outer loop
      vertex 34.5 -12 7.2
      vertex 32.5 -12 3
      vertex 34.5 -12 3
    endloop
  endfacet
  facet normal 0 -1 0
    outer loop
      vertex 32.5 -12 -1.2
      vertex 34.5 -12 0
      vertex 32.5 -12 0
    endloop
  endfacet
  facet normal 0 -1 -0
    outer loop
      vertex 34.5 -12 0
      vertex 32.5 -12 -1.2
      vertex 34.5 -12 -1.2
    endloop
  endfacet
endsolid OpenSCAD_Model
