solid OpenSCAD_Model
  facet normal -0.427726 0.903908 0
    outer loop
      vertex -47.7221 37.6575 0
      vertex -48.1213 37.4686 3
      vertex -47.7221 37.6575 3
    endloop
  endfacet
  facet normal -0.427726 0.903908 0
    outer loop
      vertex -48.1213 37.4686 3
      vertex -47.7221 37.6575 0
      vertex -48.1213 37.4686 0
    endloop
  endfacet
  facet normal -0.903908 -0.427726 0
    outer loop
      vertex -49.9686 31.3787 0
      vertex -50.1575 31.7779 3
      vertex -50.1575 31.7779 0
    endloop
  endfacet
  facet normal -0.903908 -0.427726 0
    outer loop
      vertex -50.1575 31.7779 3
      vertex -49.9686 31.3787 0
      vertex -49.9686 31.3787 3
    endloop
  endfacet
  facet normal -0.595753 0.803168 0
    outer loop
      vertex -48.5001 37.2416 0
      vertex -48.8548 36.9785 3
      vertex -48.5001 37.2416 3
    endloop
  endfacet
  facet normal -0.595753 0.803168 0
    outer loop
      vertex -48.8548 36.9785 3
      vertex -48.5001 37.2416 0
      vertex -48.8548 36.9785 0
    endloop
  endfacet
  facet normal 0.671488 0.741015 -0
    outer loop
      vertex -42.818 36.682 0
      vertex -43.1452 36.9785 3
      vertex -42.818 36.682 3
    endloop
  endfacet
  facet normal 0.671488 0.741015 0
    outer loop
      vertex -43.1452 36.9785 3
      vertex -42.818 36.682 0
      vertex -43.1452 36.9785 0
    endloop
  endfacet
  facet normal -0.803168 -0.595753 0
    outer loop
      vertex -49.4785 30.6452 0
      vertex -49.7416 30.9999 3
      vertex -49.7416 30.9999 0
    endloop
  endfacet
  facet normal -0.803168 -0.595753 0
    outer loop
      vertex -49.7416 30.9999 3
      vertex -49.4785 30.6452 0
      vertex -49.4785 30.6452 3
    endloop
  endfacet
  facet normal -0.989174 -0.146746 0
    outer loop
      vertex -50.4135 32.6221 0
      vertex -50.4783 33.0589 3
      vertex -50.4783 33.0589 0
    endloop
  endfacet
  facet normal -0.989174 -0.146746 0
    outer loop
      vertex -50.4783 33.0589 3
      vertex -50.4135 32.6221 0
      vertex -50.4135 32.6221 3
    endloop
  endfacet
  facet normal -0.857773 -0.514029 0
    outer loop
      vertex -49.7416 30.9999 0
      vertex -49.9686 31.3787 3
      vertex -49.9686 31.3787 0
    endloop
  endfacet
  facet normal -0.857773 -0.514029 0
    outer loop
      vertex -49.9686 31.3787 3
      vertex -49.7416 30.9999 0
      vertex -49.7416 30.9999 3
    endloop
  endfacet
  facet normal -0.998792 0.0491358 0
    outer loop
      vertex -50.5 33.5 0
      vertex -50.4783 33.9411 3
      vertex -50.4783 33.9411 0
    endloop
  endfacet
  facet normal -0.998792 0.0491358 0
    outer loop
      vertex -50.4783 33.9411 3
      vertex -50.5 33.5 0
      vertex -50.5 33.5 3
    endloop
  endfacet
  facet normal 0.735885 0.677106 0
    outer loop
      vertex -35.7496 29 3
      vertex -42.818 36.682 0
      vertex -42.818 36.682 3
    endloop
  endfacet
  facet normal 0.735885 0.677106 0
    outer loop
      vertex -42.818 36.682 0
      vertex -35.7496 29 3
      vertex -35.7496 29 0
    endloop
  endfacet
  facet normal 0.336738 0.941598 -0
    outer loop
      vertex -44.2779 37.6575 0
      vertex -44.6937 37.8062 3
      vertex -44.2779 37.6575 3
    endloop
  endfacet
  facet normal 0.336738 0.941598 0
    outer loop
      vertex -44.6937 37.8062 3
      vertex -44.2779 37.6575 0
      vertex -44.6937 37.8062 0
    endloop
  endfacet
  facet normal -0.0491358 0.998792 0
    outer loop
      vertex -46 38 0
      vertex -46.4411 37.9783 3
      vertex -46 38 3
    endloop
  endfacet
  facet normal -0.0491358 0.998792 0
    outer loop
      vertex -46.4411 37.9783 3
      vertex -46 38 0
      vertex -46.4411 37.9783 0
    endloop
  endfacet
  facet normal -0.857773 0.514029 0
    outer loop
      vertex -49.9686 35.6213 0
      vertex -49.7416 36.0001 3
      vertex -49.7416 36.0001 0
    endloop
  endfacet
  facet normal -0.857773 0.514029 0
    outer loop
      vertex -49.7416 36.0001 3
      vertex -49.9686 35.6213 0
      vertex -49.9686 35.6213 3
    endloop
  endfacet
  facet normal -0.146746 0.989174 0
    outer loop
      vertex -46.4411 37.9783 0
      vertex -46.8779 37.9135 3
      vertex -46.4411 37.9783 3
    endloop
  endfacet
  facet normal -0.146746 0.989174 0
    outer loop
      vertex -46.8779 37.9135 3
      vertex -46.4411 37.9783 0
      vertex -46.8779 37.9135 0
    endloop
  endfacet
  facet normal -0.336738 0.941598 0
    outer loop
      vertex -47.3063 37.8062 0
      vertex -47.7221 37.6575 3
      vertex -47.3063 37.8062 3
    endloop
  endfacet
  facet normal -0.336738 0.941598 0
    outer loop
      vertex -47.7221 37.6575 3
      vertex -47.3063 37.8062 0
      vertex -47.7221 37.6575 0
    endloop
  endfacet
  facet normal -0.671488 0.741015 0
    outer loop
      vertex -48.8548 36.9785 0
      vertex -49.182 36.682 3
      vertex -48.8548 36.9785 3
    endloop
  endfacet
  facet normal -0.671488 0.741015 0
    outer loop
      vertex -49.182 36.682 3
      vertex -48.8548 36.9785 0
      vertex -49.182 36.682 0
    endloop
  endfacet
  facet normal -0.803168 0.595753 0
    outer loop
      vertex -49.7416 36.0001 0
      vertex -49.4785 36.3548 3
      vertex -49.4785 36.3548 0
    endloop
  endfacet
  facet normal -0.803168 0.595753 0
    outer loop
      vertex -49.4785 36.3548 3
      vertex -49.7416 36.0001 0
      vertex -49.7416 36.0001 3
    endloop
  endfacet
  facet normal 0.146746 0.989174 -0
    outer loop
      vertex -45.1221 37.9135 0
      vertex -45.5589 37.9783 3
      vertex -45.1221 37.9135 3
    endloop
  endfacet
  facet normal 0.146746 0.989174 0
    outer loop
      vertex -45.5589 37.9783 3
      vertex -45.1221 37.9135 0
      vertex -45.5589 37.9783 0
    endloop
  endfacet
  facet normal -0.242962 0.970036 0
    outer loop
      vertex -46.8779 37.9135 0
      vertex -47.3063 37.8062 3
      vertex -46.8779 37.9135 3
    endloop
  endfacet
  facet normal -0.242962 0.970036 0
    outer loop
      vertex -47.3063 37.8062 3
      vertex -46.8779 37.9135 0
      vertex -47.3063 37.8062 0
    endloop
  endfacet
  facet normal -0.677106 -0.735885 0
    outer loop
      vertex -49.182 30.318 0
      vertex -41.5 23.2496 3
      vertex -49.182 30.318 3
    endloop
  endfacet
  facet normal -0.677106 -0.735885 -0
    outer loop
      vertex -41.5 23.2496 3
      vertex -49.182 30.318 0
      vertex -41.5 23.2496 0
    endloop
  endfacet
  facet normal 0.514029 0.857773 -0
    outer loop
      vertex -43.4999 37.2416 0
      vertex -43.8787 37.4686 3
      vertex -43.4999 37.2416 3
    endloop
  endfacet
  facet normal 0.514029 0.857773 0
    outer loop
      vertex -43.8787 37.4686 3
      vertex -43.4999 37.2416 0
      vertex -43.8787 37.4686 0
    endloop
  endfacet
  facet normal 0.242962 0.970036 -0
    outer loop
      vertex -44.6937 37.8062 0
      vertex -45.1221 37.9135 3
      vertex -44.6937 37.8062 3
    endloop
  endfacet
  facet normal 0.242962 0.970036 0
    outer loop
      vertex -45.1221 37.9135 3
      vertex -44.6937 37.8062 0
      vertex -45.1221 37.9135 0
    endloop
  endfacet
  facet normal 0.427726 0.903908 -0
    outer loop
      vertex -43.8787 37.4686 0
      vertex -44.2779 37.6575 3
      vertex -43.8787 37.4686 3
    endloop
  endfacet
  facet normal 0.427726 0.903908 0
    outer loop
      vertex -44.2779 37.6575 3
      vertex -43.8787 37.4686 0
      vertex -44.2779 37.6575 0
    endloop
  endfacet
  facet normal -0.970036 0.242962 0
    outer loop
      vertex -50.4135 34.3779 0
      vertex -50.3062 34.8063 3
      vertex -50.3062 34.8063 0
    endloop
  endfacet
  facet normal -0.970036 0.242962 0
    outer loop
      vertex -50.3062 34.8063 3
      vertex -50.4135 34.3779 0
      vertex -50.4135 34.3779 3
    endloop
  endfacet
  facet normal -0.989174 0.146746 0
    outer loop
      vertex -50.4783 33.9411 0
      vertex -50.4135 34.3779 3
      vertex -50.4135 34.3779 0
    endloop
  endfacet
  facet normal -0.989174 0.146746 0
    outer loop
      vertex -50.4135 34.3779 3
      vertex -50.4783 33.9411 0
      vertex -50.4783 33.9411 3
    endloop
  endfacet
  facet normal -0.514029 0.857773 0
    outer loop
      vertex -48.1213 37.4686 0
      vertex -48.5001 37.2416 3
      vertex -48.1213 37.4686 3
    endloop
  endfacet
  facet normal -0.514029 0.857773 0
    outer loop
      vertex -48.5001 37.2416 3
      vertex -48.1213 37.4686 0
      vertex -48.5001 37.2416 0
    endloop
  endfacet
  facet normal 0.595753 0.803168 -0
    outer loop
      vertex -43.1452 36.9785 0
      vertex -43.4999 37.2416 3
      vertex -43.1452 36.9785 3
    endloop
  endfacet
  facet normal 0.595753 0.803168 0
    outer loop
      vertex -43.4999 37.2416 3
      vertex -43.1452 36.9785 0
      vertex -43.4999 37.2416 0
    endloop
  endfacet
  facet normal -0.741015 0.671488 0
    outer loop
      vertex -49.4785 36.3548 0
      vertex -49.182 36.682 3
      vertex -49.182 36.682 0
    endloop
  endfacet
  facet normal -0.741015 0.671488 0
    outer loop
      vertex -49.182 36.682 3
      vertex -49.4785 36.3548 0
      vertex -49.4785 36.3548 3
    endloop
  endfacet
  facet normal 0 0 -1
    outer loop
      vertex 49.2 -33.5 0
      vertex 50.5 -33.5 0
      vertex 50.4783 -33.9411 0
    endloop
  endfacet
  facet normal 0 0 -1
    outer loop
      vertex 49.1846 -33.8137 0
      vertex 50.4783 -33.9411 0
      vertex 50.4135 -34.3779 0
    endloop
  endfacet
  facet normal 0 0 -1
    outer loop
      vertex 50.5 -33.5 0
      vertex 49.2 -33.5 0
      vertex 50.4783 -33.0589 0
    endloop
  endfacet
  facet normal 0 0 -1
    outer loop
      vertex 49.1385 -34.1243 0
      vertex 50.4135 -34.3779 0
      vertex 50.3062 -34.8063 0
    endloop
  endfacet
  facet normal 0 0 -1
    outer loop
      vertex 49.1846 -33.1863 0
      vertex 50.4783 -33.0589 0
      vertex 49.2 -33.5 0
    endloop
  endfacet
  facet normal 0 0 -1
    outer loop
      vertex 49.0622 -34.4289 0
      vertex 50.3062 -34.8063 0
      vertex 50.1575 -35.2221 0
    endloop
  endfacet
  facet normal -0 0 -1
    outer loop
      vertex 50.4783 -33.0589 0
      vertex 49.1846 -33.1863 0
      vertex 50.4135 -32.6221 0
    endloop
  endfacet
  facet normal 0 0 -1
    outer loop
      vertex 48.9564 -34.7246 0
      vertex 50.1575 -35.2221 0
      vertex 49.9686 -35.6213 0
    endloop
  endfacet
  facet normal 0 0 -1
    outer loop
      vertex 49.1385 -32.8757 0
      vertex 50.4135 -32.6221 0
      vertex 49.1846 -33.1863 0
    endloop
  endfacet
  facet normal 0 0 -1
    outer loop
      vertex 48.8221 -35.0085 0
      vertex 49.9686 -35.6213 0
      vertex 49.7416 -36.0001 0
    endloop
  endfacet
  facet normal -0 0 -1
    outer loop
      vertex 50.4135 -32.6221 0
      vertex 49.1385 -32.8757 0
      vertex 50.3062 -32.1937 0
    endloop
  endfacet
  facet normal 0 0 -1
    outer loop
      vertex 48.6607 -35.2778 0
      vertex 49.7416 -36.0001 0
      vertex 49.4785 -36.3548 0
    endloop
  endfacet
  facet normal 0 0 -1
    outer loop
      vertex 49.0622 -32.5711 0
      vertex 50.3062 -32.1937 0
      vertex 49.1385 -32.8757 0
    endloop
  endfacet
  facet normal -0 0 -1
    outer loop
      vertex 50.3062 -32.1937 0
      vertex 49.0622 -32.5711 0
      vertex 50.1575 -31.7779 0
    endloop
  endfacet
  facet normal 0 0 -1
    outer loop
      vertex 50.4783 -33.9411 0
      vertex 49.1846 -33.8137 0
      vertex 49.2 -33.5 0
    endloop
  endfacet
  facet normal 0 0 -1
    outer loop
      vertex 48.4736 -35.5301 0
      vertex 49.4785 -36.3548 0
      vertex 49.182 -36.682 0
    endloop
  endfacet
  facet normal 0 0 -1
    outer loop
      vertex 50.4135 -34.3779 0
      vertex 49.1385 -34.1243 0
      vertex 49.1846 -33.8137 0
    endloop
  endfacet
  facet normal 0 0 -1
    outer loop
      vertex 50.3062 -34.8063 0
      vertex 49.0622 -34.4289 0
      vertex 49.1385 -34.1243 0
    endloop
  endfacet
  facet normal 0 0 -1
    outer loop
      vertex 50.1575 -35.2221 0
      vertex 48.9564 -34.7246 0
      vertex 49.0622 -34.4289 0
    endloop
  endfacet
  facet normal 0 0 -1
    outer loop
      vertex 48.2627 -35.7627 0
      vertex 49.182 -36.682 0
      vertex 48.8548 -36.9785 0
    endloop
  endfacet
  facet normal 0 0 -1
    outer loop
      vertex 49.9686 -35.6213 0
      vertex 48.8221 -35.0085 0
      vertex 48.9564 -34.7246 0
    endloop
  endfacet
  facet normal 0 0 -1
    outer loop
      vertex 49.7416 -36.0001 0
      vertex 48.6607 -35.2778 0
      vertex 48.8221 -35.0085 0
    endloop
  endfacet
  facet normal 0 0 -1
    outer loop
      vertex 48.0301 -35.9736 0
      vertex 48.8548 -36.9785 0
      vertex 48.5001 -37.2416 0
    endloop
  endfacet
  facet normal 0 0 -1
    outer loop
      vertex 49.4785 -36.3548 0
      vertex 48.4736 -35.5301 0
      vertex 48.6607 -35.2778 0
    endloop
  endfacet
  facet normal 0 0 -1
    outer loop
      vertex 49.182 -36.682 0
      vertex 48.2627 -35.7627 0
      vertex 48.4736 -35.5301 0
    endloop
  endfacet
  facet normal 0 0 -1
    outer loop
      vertex 47.7778 -36.1607 0
      vertex 48.5001 -37.2416 0
      vertex 48.1213 -37.4686 0
    endloop
  endfacet
  facet normal 0 0 -1
    outer loop
      vertex 48.8548 -36.9785 0
      vertex 48.0301 -35.9736 0
      vertex 48.2627 -35.7627 0
    endloop
  endfacet
  facet normal 0 0 -1
    outer loop
      vertex 48.5001 -37.2416 0
      vertex 47.7778 -36.1607 0
      vertex 48.0301 -35.9736 0
    endloop
  endfacet
  facet normal 0 0 -1
    outer loop
      vertex 47.5085 -36.3221 0
      vertex 48.1213 -37.4686 0
      vertex 47.7221 -37.6575 0
    endloop
  endfacet
  facet normal 0 0 -1
    outer loop
      vertex 48.1213 -37.4686 0
      vertex 47.5085 -36.3221 0
      vertex 47.7778 -36.1607 0
    endloop
  endfacet
  facet normal 0 0 -1
    outer loop
      vertex 47.2246 -36.4564 0
      vertex 47.7221 -37.6575 0
      vertex 47.3063 -37.8062 0
    endloop
  endfacet
  facet normal 0 0 -1
    outer loop
      vertex 47.7221 -37.6575 0
      vertex 47.2246 -36.4564 0
      vertex 47.5085 -36.3221 0
    endloop
  endfacet
  facet normal 0 0 -1
    outer loop
      vertex 47.3063 -37.8062 0
      vertex 46.9289 -36.5622 0
      vertex 47.2246 -36.4564 0
    endloop
  endfacet
  facet normal 0 0 -1
    outer loop
      vertex 46.8779 -37.9135 0
      vertex 46.9289 -36.5622 0
      vertex 47.3063 -37.8062 0
    endloop
  endfacet
  facet normal 0 0 -1
    outer loop
      vertex 46.8779 -37.9135 0
      vertex 46.6243 -36.6385 0
      vertex 46.9289 -36.5622 0
    endloop
  endfacet
  facet normal 0 0 -1
    outer loop
      vertex 46.4411 -37.9783 0
      vertex 46.6243 -36.6385 0
      vertex 46.8779 -37.9135 0
    endloop
  endfacet
  facet normal 0 0 -1
    outer loop
      vertex 46.4411 -37.9783 0
      vertex 46.3137 -36.6846 0
      vertex 46.6243 -36.6385 0
    endloop
  endfacet
  facet normal 0 0 -1
    outer loop
      vertex 46 -38 0
      vertex 46.3137 -36.6846 0
      vertex 46.4411 -37.9783 0
    endloop
  endfacet
  facet normal 0 0 -1
    outer loop
      vertex 46 -38 0
      vertex 46 -36.7 0
      vertex 46.3137 -36.6846 0
    endloop
  endfacet
  facet normal 0 0 -1
    outer loop
      vertex 46 -38 0
      vertex 45.6863 -36.6846 0
      vertex 46 -36.7 0
    endloop
  endfacet
  facet normal 0 0 -1
    outer loop
      vertex 45.5589 -37.9783 0
      vertex 45.6863 -36.6846 0
      vertex 46 -38 0
    endloop
  endfacet
  facet normal 0 0 -1
    outer loop
      vertex 45.5589 -37.9783 0
      vertex 45.3757 -36.6385 0
      vertex 45.6863 -36.6846 0
    endloop
  endfacet
  facet normal 0 0 -1
    outer loop
      vertex 45.1221 -37.9135 0
      vertex 45.3757 -36.6385 0
      vertex 45.5589 -37.9783 0
    endloop
  endfacet
  facet normal 0 0 -1
    outer loop
      vertex 45.1221 -37.9135 0
      vertex 45.0711 -36.5622 0
      vertex 45.3757 -36.6385 0
    endloop
  endfacet
  facet normal 0 0 -1
    outer loop
      vertex 44.6937 -37.8062 0
      vertex 45.0711 -36.5622 0
      vertex 45.1221 -37.9135 0
    endloop
  endfacet
  facet normal -0 0 -1
    outer loop
      vertex 45.0711 -36.5622 0
      vertex 44.6937 -37.8062 0
      vertex 44.7754 -36.4564 0
    endloop
  endfacet
  facet normal 0 0 -1
    outer loop
      vertex 44.2779 -37.6575 0
      vertex 44.7754 -36.4564 0
      vertex 44.6937 -37.8062 0
    endloop
  endfacet
  facet normal -0 0 -1
    outer loop
      vertex 44.7754 -36.4564 0
      vertex 44.2779 -37.6575 0
      vertex 44.4915 -36.3221 0
    endloop
  endfacet
  facet normal 0 0 -1
    outer loop
      vertex 43.8787 -37.4686 0
      vertex 44.4915 -36.3221 0
      vertex 44.2779 -37.6575 0
    endloop
  endfacet
  facet normal -0 0 -1
    outer loop
      vertex 44.4915 -36.3221 0
      vertex 43.8787 -37.4686 0
      vertex 44.2222 -36.1607 0
    endloop
  endfacet
  facet normal 0 0 -1
    outer loop
      vertex 43.4999 -37.2416 0
      vertex 44.2222 -36.1607 0
      vertex 43.8787 -37.4686 0
    endloop
  endfacet
  facet normal -0 0 -1
    outer loop
      vertex 44.2222 -36.1607 0
      vertex 43.4999 -37.2416 0
      vertex 43.9699 -35.9736 0
    endloop
  endfacet
  facet normal 0 0 -1
    outer loop
      vertex 43.1452 -36.9785 0
      vertex 43.9699 -35.9736 0
      vertex 43.4999 -37.2416 0
    endloop
  endfacet
  facet normal -0 0 -1
    outer loop
      vertex 43.9699 -35.9736 0
      vertex 43.1452 -36.9785 0
      vertex 43.7373 -35.7627 0
    endloop
  endfacet
  facet normal 0 0 -1
    outer loop
      vertex 42.818 -36.682 0
      vertex 43.7373 -35.7627 0
      vertex 43.1452 -36.9785 0
    endloop
  endfacet
  facet normal -0 0 -1
    outer loop
      vertex 43.7373 -35.7627 0
      vertex 42.818 -36.682 0
      vertex 43.5264 -35.5301 0
    endloop
  endfacet
  facet normal -0 0 -1
    outer loop
      vertex 43.5264 -35.5301 0
      vertex 42.818 -36.682 0
      vertex 43.3393 -35.2778 0
    endloop
  endfacet
  facet normal -0 0 -1
    outer loop
      vertex 43.3393 -35.2778 0
      vertex 42.818 -36.682 0
      vertex 43.1779 -35.0085 0
    endloop
  endfacet
  facet normal -0 0 -1
    outer loop
      vertex 43.1779 -35.0085 0
      vertex 42.818 -36.682 0
      vertex 43.0436 -34.7246 0
    endloop
  endfacet
  facet normal -0 0 -1
    outer loop
      vertex 43.0436 -34.7246 0
      vertex 42.818 -36.682 0
      vertex 42.9378 -34.4289 0
    endloop
  endfacet
  facet normal -0 0 -1
    outer loop
      vertex 42.9378 -34.4289 0
      vertex 42.818 -36.682 0
      vertex 42.8615 -34.1243 0
    endloop
  endfacet
  facet normal 0 0 -1
    outer loop
      vertex 35.7496 -29 0
      vertex 42.8615 -34.1243 0
      vertex 42.818 -36.682 0
    endloop
  endfacet
  facet normal 0 0 -1
    outer loop
      vertex 42.8615 -34.1243 0
      vertex 35.7496 -29 0
      vertex 42.8154 -33.8137 0
    endloop
  endfacet
  facet normal 0 0 -1
    outer loop
      vertex 42.8154 -33.8137 0
      vertex 35.7496 -29 0
      vertex 42.8 -33.5 0
    endloop
  endfacet
  facet normal 0 0 -1
    outer loop
      vertex -10.0578 -1.17621 0
      vertex 41.5 -23.2496 0
      vertex 35.7496 -29 0
    endloop
  endfacet
  facet normal 0 0 -1
    outer loop
      vertex 42.8 -33.5 0
      vertex 35.7496 -29 0
      vertex 41.5 -23.2496 0
    endloop
  endfacet
  facet normal 0 0 -1
    outer loop
      vertex 48.9564 -32.2754 0
      vertex 50.1575 -31.7779 0
      vertex 49.0622 -32.5711 0
    endloop
  endfacet
  facet normal -0 0 -1
    outer loop
      vertex 50.1575 -31.7779 0
      vertex 48.9564 -32.2754 0
      vertex 49.9686 -31.3787 0
    endloop
  endfacet
  facet normal 0 0 -1
    outer loop
      vertex 48.8221 -31.9915 0
      vertex 49.9686 -31.3787 0
      vertex 48.9564 -32.2754 0
    endloop
  endfacet
  facet normal -0 0 -1
    outer loop
      vertex 49.9686 -31.3787 0
      vertex 48.8221 -31.9915 0
      vertex 49.7416 -30.9999 0
    endloop
  endfacet
  facet normal 0 0 -1
    outer loop
      vertex 48.6607 -31.7222 0
      vertex 49.7416 -30.9999 0
      vertex 48.8221 -31.9915 0
    endloop
  endfacet
  facet normal -0 0 -1
    outer loop
      vertex 49.7416 -30.9999 0
      vertex 48.6607 -31.7222 0
      vertex 49.4785 -30.6452 0
    endloop
  endfacet
  facet normal 0 0 -1
    outer loop
      vertex 48.4736 -31.4699 0
      vertex 49.4785 -30.6452 0
      vertex 48.6607 -31.7222 0
    endloop
  endfacet
  facet normal -0 0 -1
    outer loop
      vertex 49.4785 -30.6452 0
      vertex 48.4736 -31.4699 0
      vertex 49.182 -30.318 0
    endloop
  endfacet
  facet normal 0 0 -1
    outer loop
      vertex 48.2627 -31.2373 0
      vertex 49.182 -30.318 0
      vertex 48.4736 -31.4699 0
    endloop
  endfacet
  facet normal 0 0 -1
    outer loop
      vertex 48.0301 -31.0264 0
      vertex 49.182 -30.318 0
      vertex 48.2627 -31.2373 0
    endloop
  endfacet
  facet normal 0 0 -1
    outer loop
      vertex 47.7778 -30.8393 0
      vertex 49.182 -30.318 0
      vertex 48.0301 -31.0264 0
    endloop
  endfacet
  facet normal 0 0 -1
    outer loop
      vertex 47.5085 -30.6779 0
      vertex 49.182 -30.318 0
      vertex 47.7778 -30.8393 0
    endloop
  endfacet
  facet normal 0 0 -1
    outer loop
      vertex 47.2246 -30.5436 0
      vertex 49.182 -30.318 0
      vertex 47.5085 -30.6779 0
    endloop
  endfacet
  facet normal 0 0 -1
    outer loop
      vertex 46.9289 -30.4378 0
      vertex 49.182 -30.318 0
      vertex 47.2246 -30.5436 0
    endloop
  endfacet
  facet normal 0 0 -1
    outer loop
      vertex 46.6243 -30.3615 0
      vertex 49.182 -30.318 0
      vertex 46.9289 -30.4378 0
    endloop
  endfacet
  facet normal 0 0 -1
    outer loop
      vertex 41.5 -23.2496 0
      vertex 46.6243 -30.3615 0
      vertex 46.3137 -30.3154 0
    endloop
  endfacet
  facet normal 0 0 -1
    outer loop
      vertex 41.5 -23.2496 0
      vertex 46.3137 -30.3154 0
      vertex 46 -30.3 0
    endloop
  endfacet
  facet normal 0 0 -1
    outer loop
      vertex 46.6243 -30.3615 0
      vertex 41.5 -23.2496 0
      vertex 49.182 -30.318 0
    endloop
  endfacet
  facet normal 0 0 -1
    outer loop
      vertex 45.6863 -30.3154 0
      vertex 41.5 -23.2496 0
      vertex 46 -30.3 0
    endloop
  endfacet
  facet normal 0 0 -1
    outer loop
      vertex 45.3757 -30.3615 0
      vertex 41.5 -23.2496 0
      vertex 45.6863 -30.3154 0
    endloop
  endfacet
  facet normal 0 0 -1
    outer loop
      vertex 45.0711 -30.4378 0
      vertex 41.5 -23.2496 0
      vertex 45.3757 -30.3615 0
    endloop
  endfacet
  facet normal 0 0 -1
    outer loop
      vertex 44.7754 -30.5436 0
      vertex 41.5 -23.2496 0
      vertex 45.0711 -30.4378 0
    endloop
  endfacet
  facet normal 0 0 -1
    outer loop
      vertex 44.4915 -30.6779 0
      vertex 41.5 -23.2496 0
      vertex 44.7754 -30.5436 0
    endloop
  endfacet
  facet normal 0 0 -1
    outer loop
      vertex 44.2222 -30.8393 0
      vertex 41.5 -23.2496 0
      vertex 44.4915 -30.6779 0
    endloop
  endfacet
  facet normal 0 0 -1
    outer loop
      vertex 43.9699 -31.0264 0
      vertex 41.5 -23.2496 0
      vertex 44.2222 -30.8393 0
    endloop
  endfacet
  facet normal 0 0 -1
    outer loop
      vertex 43.7373 -31.2373 0
      vertex 41.5 -23.2496 0
      vertex 43.9699 -31.0264 0
    endloop
  endfacet
  facet normal 0 0 -1
    outer loop
      vertex 43.5264 -31.4699 0
      vertex 41.5 -23.2496 0
      vertex 43.7373 -31.2373 0
    endloop
  endfacet
  facet normal 0 0 -1
    outer loop
      vertex 43.3393 -31.7222 0
      vertex 41.5 -23.2496 0
      vertex 43.5264 -31.4699 0
    endloop
  endfacet
  facet normal 0 0 -1
    outer loop
      vertex 43.1779 -31.9915 0
      vertex 41.5 -23.2496 0
      vertex 43.3393 -31.7222 0
    endloop
  endfacet
  facet normal 0 0 -1
    outer loop
      vertex 43.0436 -32.2754 0
      vertex 41.5 -23.2496 0
      vertex 43.1779 -31.9915 0
    endloop
  endfacet
  facet normal 0 0 -1
    outer loop
      vertex 42.9378 -32.5711 0
      vertex 41.5 -23.2496 0
      vertex 43.0436 -32.2754 0
    endloop
  endfacet
  facet normal 0 0 -1
    outer loop
      vertex 42.8615 -32.8757 0
      vertex 41.5 -23.2496 0
      vertex 42.9378 -32.5711 0
    endloop
  endfacet
  facet normal 0 0 -1
    outer loop
      vertex 42.8154 -33.1863 0
      vertex 41.5 -23.2496 0
      vertex 42.8615 -32.8757 0
    endloop
  endfacet
  facet normal 0 0 -1
    outer loop
      vertex 41.5 -23.2496 0
      vertex 42.8154 -33.1863 0
      vertex 42.8 -33.5 0
    endloop
  endfacet
  facet normal 0 0 -1
    outer loop
      vertex -35.7496 29 0
      vertex -42.8154 33.1863 0
      vertex -42.8 33.5 0
    endloop
  endfacet
  facet normal 0 0 -1
    outer loop
      vertex -35.7496 29 0
      vertex -42.8615 32.8757 0
      vertex -42.8154 33.1863 0
    endloop
  endfacet
  facet normal 0 0 -1
    outer loop
      vertex -35.7496 29 0
      vertex -42.9378 32.5711 0
      vertex -42.8615 32.8757 0
    endloop
  endfacet
  facet normal 0 0 -1
    outer loop
      vertex -35.7496 29 0
      vertex -43.0436 32.2754 0
      vertex -42.9378 32.5711 0
    endloop
  endfacet
  facet normal 0 0 -1
    outer loop
      vertex -35.7496 29 0
      vertex -43.1779 31.9915 0
      vertex -43.0436 32.2754 0
    endloop
  endfacet
  facet normal 0 0 -1
    outer loop
      vertex -35.7496 29 0
      vertex -43.3393 31.7222 0
      vertex -43.1779 31.9915 0
    endloop
  endfacet
  facet normal 0 0 -1
    outer loop
      vertex -35.7496 29 0
      vertex -43.5264 31.4699 0
      vertex -43.3393 31.7222 0
    endloop
  endfacet
  facet normal 0 0 -1
    outer loop
      vertex -35.7496 29 0
      vertex -43.7373 31.2373 0
      vertex -43.5264 31.4699 0
    endloop
  endfacet
  facet normal 0 0 -1
    outer loop
      vertex -41.5 23.2496 0
      vertex -43.9699 31.0264 0
      vertex -43.7373 31.2373 0
    endloop
  endfacet
  facet normal 0 0 -1
    outer loop
      vertex -41.5 23.2496 0
      vertex -44.2222 30.8393 0
      vertex -43.9699 31.0264 0
    endloop
  endfacet
  facet normal 0 0 -1
    outer loop
      vertex -41.5 23.2496 0
      vertex -44.4915 30.6779 0
      vertex -44.2222 30.8393 0
    endloop
  endfacet
  facet normal 0 0 -1
    outer loop
      vertex -41.5 23.2496 0
      vertex -44.7754 30.5436 0
      vertex -44.4915 30.6779 0
    endloop
  endfacet
  facet normal 0 0 -1
    outer loop
      vertex -41.5 23.2496 0
      vertex -45.0711 30.4378 0
      vertex -44.7754 30.5436 0
    endloop
  endfacet
  facet normal 0 0 -1
    outer loop
      vertex -41.5 23.2496 0
      vertex -45.3757 30.3615 0
      vertex -45.0711 30.4378 0
    endloop
  endfacet
  facet normal 0 0 -1
    outer loop
      vertex -41.5 23.2496 0
      vertex -45.6863 30.3154 0
      vertex -45.3757 30.3615 0
    endloop
  endfacet
  facet normal 0 0 -1
    outer loop
      vertex -41.5 23.2496 0
      vertex -46 30.3 0
      vertex -45.6863 30.3154 0
    endloop
  endfacet
  facet normal 0 0 -1
    outer loop
      vertex -41.5 23.2496 0
      vertex -46.3137 30.3154 0
      vertex -46 30.3 0
    endloop
  endfacet
  facet normal 0 0 -1
    outer loop
      vertex -41.5 23.2496 0
      vertex -46.6243 30.3615 0
      vertex -46.3137 30.3154 0
    endloop
  endfacet
  facet normal 0 0 -1
    outer loop
      vertex -49.182 30.318 0
      vertex -46.6243 30.3615 0
      vertex -41.5 23.2496 0
    endloop
  endfacet
  facet normal -0 0 -1
    outer loop
      vertex -46.6243 30.3615 0
      vertex -49.182 30.318 0
      vertex -46.9289 30.4378 0
    endloop
  endfacet
  facet normal -0 0 -1
    outer loop
      vertex -46.9289 30.4378 0
      vertex -49.182 30.318 0
      vertex -47.2246 30.5436 0
    endloop
  endfacet
  facet normal -0 0 -1
    outer loop
      vertex -47.2246 30.5436 0
      vertex -49.182 30.318 0
      vertex -47.5085 30.6779 0
    endloop
  endfacet
  facet normal -0 0 -1
    outer loop
      vertex -47.5085 30.6779 0
      vertex -49.182 30.318 0
      vertex -47.7778 30.8393 0
    endloop
  endfacet
  facet normal -0 0 -1
    outer loop
      vertex -47.7778 30.8393 0
      vertex -49.182 30.318 0
      vertex -48.0301 31.0264 0
    endloop
  endfacet
  facet normal -0 0 -1
    outer loop
      vertex -48.0301 31.0264 0
      vertex -49.182 30.318 0
      vertex -48.2627 31.2373 0
    endloop
  endfacet
  facet normal -0 0 -1
    outer loop
      vertex -48.2627 31.2373 0
      vertex -49.182 30.318 0
      vertex -48.4736 31.4699 0
    endloop
  endfacet
  facet normal 0 0 -1
    outer loop
      vertex -49.4785 30.6452 0
      vertex -48.4736 31.4699 0
      vertex -49.182 30.318 0
    endloop
  endfacet
  facet normal -0 0 -1
    outer loop
      vertex -48.4736 31.4699 0
      vertex -49.4785 30.6452 0
      vertex -48.6607 31.7222 0
    endloop
  endfacet
  facet normal 0 0 -1
    outer loop
      vertex -49.7416 30.9999 0
      vertex -48.6607 31.7222 0
      vertex -49.4785 30.6452 0
    endloop
  endfacet
  facet normal -0 0 -1
    outer loop
      vertex -48.6607 31.7222 0
      vertex -49.7416 30.9999 0
      vertex -48.8221 31.9915 0
    endloop
  endfacet
  facet normal 0 0 -1
    outer loop
      vertex -49.9686 31.3787 0
      vertex -48.8221 31.9915 0
      vertex -49.7416 30.9999 0
    endloop
  endfacet
  facet normal -0 0 -1
    outer loop
      vertex -48.8221 31.9915 0
      vertex -49.9686 31.3787 0
      vertex -48.9564 32.2754 0
    endloop
  endfacet
  facet normal 0 0 -1
    outer loop
      vertex -50.1575 31.7779 0
      vertex -48.9564 32.2754 0
      vertex -49.9686 31.3787 0
    endloop
  endfacet
  facet normal -0 0 -1
    outer loop
      vertex -48.9564 32.2754 0
      vertex -50.1575 31.7779 0
      vertex -49.0622 32.5711 0
    endloop
  endfacet
  facet normal 0 0 -1
    outer loop
      vertex -27.6568 10.5831 0
      vertex -41.5 23.2496 0
      vertex -35.7496 29 0
    endloop
  endfacet
  facet normal 0 0 -1
    outer loop
      vertex -43.7373 31.2373 0
      vertex -35.7496 29 0
      vertex -41.5 23.2496 0
    endloop
  endfacet
  facet normal 0 0 -1
    outer loop
      vertex -42.8154 33.8137 0
      vertex -35.7496 29 0
      vertex -42.8 33.5 0
    endloop
  endfacet
  facet normal 0 0 -1
    outer loop
      vertex -42.8615 34.1243 0
      vertex -35.7496 29 0
      vertex -42.8154 33.8137 0
    endloop
  endfacet
  facet normal 0 0 -1
    outer loop
      vertex -35.7496 29 0
      vertex -42.8615 34.1243 0
      vertex -42.818 36.682 0
    endloop
  endfacet
  facet normal 0 0 -1
    outer loop
      vertex -42.9378 34.4289 0
      vertex -42.818 36.682 0
      vertex -42.8615 34.1243 0
    endloop
  endfacet
  facet normal 0 0 -1
    outer loop
      vertex -43.0436 34.7246 0
      vertex -42.818 36.682 0
      vertex -42.9378 34.4289 0
    endloop
  endfacet
  facet normal 0 0 -1
    outer loop
      vertex -43.1779 35.0085 0
      vertex -42.818 36.682 0
      vertex -43.0436 34.7246 0
    endloop
  endfacet
  facet normal 0 0 -1
    outer loop
      vertex -43.3393 35.2778 0
      vertex -42.818 36.682 0
      vertex -43.1779 35.0085 0
    endloop
  endfacet
  facet normal 0 0 -1
    outer loop
      vertex -43.5264 35.5301 0
      vertex -42.818 36.682 0
      vertex -43.3393 35.2778 0
    endloop
  endfacet
  facet normal 0 0 -1
    outer loop
      vertex -43.7373 35.7627 0
      vertex -42.818 36.682 0
      vertex -43.5264 35.5301 0
    endloop
  endfacet
  facet normal -0 0 -1
    outer loop
      vertex -42.818 36.682 0
      vertex -43.7373 35.7627 0
      vertex -43.1452 36.9785 0
    endloop
  endfacet
  facet normal 0 0 -1
    outer loop
      vertex -43.9699 35.9736 0
      vertex -43.1452 36.9785 0
      vertex -43.7373 35.7627 0
    endloop
  endfacet
  facet normal -0 0 -1
    outer loop
      vertex -43.1452 36.9785 0
      vertex -43.9699 35.9736 0
      vertex -43.4999 37.2416 0
    endloop
  endfacet
  facet normal 0 0 -1
    outer loop
      vertex -44.2222 36.1607 0
      vertex -43.4999 37.2416 0
      vertex -43.9699 35.9736 0
    endloop
  endfacet
  facet normal -0 0 -1
    outer loop
      vertex -43.4999 37.2416 0
      vertex -44.2222 36.1607 0
      vertex -43.8787 37.4686 0
    endloop
  endfacet
  facet normal 0 0 -1
    outer loop
      vertex -44.4915 36.3221 0
      vertex -43.8787 37.4686 0
      vertex -44.2222 36.1607 0
    endloop
  endfacet
  facet normal -0 0 -1
    outer loop
      vertex -43.8787 37.4686 0
      vertex -44.4915 36.3221 0
      vertex -44.2779 37.6575 0
    endloop
  endfacet
  facet normal 0 0 -1
    outer loop
      vertex -44.7754 36.4564 0
      vertex -44.2779 37.6575 0
      vertex -44.4915 36.3221 0
    endloop
  endfacet
  facet normal -0 0 -1
    outer loop
      vertex -44.2779 37.6575 0
      vertex -44.7754 36.4564 0
      vertex -44.6937 37.8062 0
    endloop
  endfacet
  facet normal 0 0 -1
    outer loop
      vertex -45.0711 36.5622 0
      vertex -44.6937 37.8062 0
      vertex -44.7754 36.4564 0
    endloop
  endfacet
  facet normal 0 0 -1
    outer loop
      vertex -45.0711 36.5622 0
      vertex -45.1221 37.9135 0
      vertex -44.6937 37.8062 0
    endloop
  endfacet
  facet normal 0 0 -1
    outer loop
      vertex -45.3757 36.6385 0
      vertex -45.1221 37.9135 0
      vertex -45.0711 36.5622 0
    endloop
  endfacet
  facet normal 0 0 -1
    outer loop
      vertex -45.3757 36.6385 0
      vertex -45.5589 37.9783 0
      vertex -45.1221 37.9135 0
    endloop
  endfacet
  facet normal 0 0 -1
    outer loop
      vertex -45.6863 36.6846 0
      vertex -45.5589 37.9783 0
      vertex -45.3757 36.6385 0
    endloop
  endfacet
  facet normal 0 0 -1
    outer loop
      vertex -46 36.7 0
      vertex -45.5589 37.9783 0
      vertex -45.6863 36.6846 0
    endloop
  endfacet
  facet normal 0 0 -1
    outer loop
      vertex -46 36.7 0
      vertex -46 38 0
      vertex -45.5589 37.9783 0
    endloop
  endfacet
  facet normal 0 0 -1
    outer loop
      vertex -46.3137 36.6846 0
      vertex -46 38 0
      vertex -46 36.7 0
    endloop
  endfacet
  facet normal 0 0 -1
    outer loop
      vertex -46.3137 36.6846 0
      vertex -46.4411 37.9783 0
      vertex -46 38 0
    endloop
  endfacet
  facet normal 0 0 -1
    outer loop
      vertex -46.6243 36.6385 0
      vertex -46.4411 37.9783 0
      vertex -46.3137 36.6846 0
    endloop
  endfacet
  facet normal 0 0 -1
    outer loop
      vertex -46.6243 36.6385 0
      vertex -46.8779 37.9135 0
      vertex -46.4411 37.9783 0
    endloop
  endfacet
  facet normal 0 0 -1
    outer loop
      vertex -46.9289 36.5622 0
      vertex -46.8779 37.9135 0
      vertex -46.6243 36.6385 0
    endloop
  endfacet
  facet normal 0 0 -1
    outer loop
      vertex -47.3063 37.8062 0
      vertex -46.9289 36.5622 0
      vertex -47.2246 36.4564 0
    endloop
  endfacet
  facet normal 0 0 -1
    outer loop
      vertex -46.9289 36.5622 0
      vertex -47.3063 37.8062 0
      vertex -46.8779 37.9135 0
    endloop
  endfacet
  facet normal 0 0 -1
    outer loop
      vertex -47.7221 37.6575 0
      vertex -47.2246 36.4564 0
      vertex -47.5085 36.3221 0
    endloop
  endfacet
  facet normal 0 0 -1
    outer loop
      vertex -47.2246 36.4564 0
      vertex -47.7221 37.6575 0
      vertex -47.3063 37.8062 0
    endloop
  endfacet
  facet normal 0 0 -1
    outer loop
      vertex -48.1213 37.4686 0
      vertex -47.5085 36.3221 0
      vertex -47.7778 36.1607 0
    endloop
  endfacet
  facet normal 0 0 -1
    outer loop
      vertex -48.5001 37.2416 0
      vertex -47.7778 36.1607 0
      vertex -48.0301 35.9736 0
    endloop
  endfacet
  facet normal 0 0 -1
    outer loop
      vertex -47.5085 36.3221 0
      vertex -48.1213 37.4686 0
      vertex -47.7221 37.6575 0
    endloop
  endfacet
  facet normal 0 0 -1
    outer loop
      vertex -48.8548 36.9785 0
      vertex -48.0301 35.9736 0
      vertex -48.2627 35.7627 0
    endloop
  endfacet
  facet normal 0 0 -1
    outer loop
      vertex -49.182 36.682 0
      vertex -48.2627 35.7627 0
      vertex -48.4736 35.5301 0
    endloop
  endfacet
  facet normal 0 0 -1
    outer loop
      vertex -47.7778 36.1607 0
      vertex -48.5001 37.2416 0
      vertex -48.1213 37.4686 0
    endloop
  endfacet
  facet normal 0 0 -1
    outer loop
      vertex -49.4785 36.3548 0
      vertex -48.4736 35.5301 0
      vertex -48.6607 35.2778 0
    endloop
  endfacet
  facet normal 0 0 -1
    outer loop
      vertex -49.7416 36.0001 0
      vertex -48.6607 35.2778 0
      vertex -48.8221 35.0085 0
    endloop
  endfacet
  facet normal 0 0 -1
    outer loop
      vertex -48.0301 35.9736 0
      vertex -48.8548 36.9785 0
      vertex -48.5001 37.2416 0
    endloop
  endfacet
  facet normal 0 0 -1
    outer loop
      vertex -49.9686 35.6213 0
      vertex -48.8221 35.0085 0
      vertex -48.9564 34.7246 0
    endloop
  endfacet
  facet normal 0 0 -1
    outer loop
      vertex -50.1575 35.2221 0
      vertex -48.9564 34.7246 0
      vertex -49.0622 34.4289 0
    endloop
  endfacet
  facet normal 0 0 -1
    outer loop
      vertex -50.3062 34.8063 0
      vertex -49.0622 34.4289 0
      vertex -49.1385 34.1243 0
    endloop
  endfacet
  facet normal 0 0 -1
    outer loop
      vertex -48.2627 35.7627 0
      vertex -49.182 36.682 0
      vertex -48.8548 36.9785 0
    endloop
  endfacet
  facet normal 0 0 -1
    outer loop
      vertex -50.4135 34.3779 0
      vertex -49.1385 34.1243 0
      vertex -49.1846 33.8137 0
    endloop
  endfacet
  facet normal 0 0 -1
    outer loop
      vertex -50.4783 33.9411 0
      vertex -49.1846 33.8137 0
      vertex -49.2 33.5 0
    endloop
  endfacet
  facet normal 0 0 -1
    outer loop
      vertex -50.3062 32.1937 0
      vertex -49.0622 32.5711 0
      vertex -50.1575 31.7779 0
    endloop
  endfacet
  facet normal 0 0 -1
    outer loop
      vertex -48.4736 35.5301 0
      vertex -49.4785 36.3548 0
      vertex -49.182 36.682 0
    endloop
  endfacet
  facet normal -0 0 -1
    outer loop
      vertex -49.0622 32.5711 0
      vertex -50.3062 32.1937 0
      vertex -49.1385 32.8757 0
    endloop
  endfacet
  facet normal 0 0 -1
    outer loop
      vertex -48.6607 35.2778 0
      vertex -49.7416 36.0001 0
      vertex -49.4785 36.3548 0
    endloop
  endfacet
  facet normal 0 0 -1
    outer loop
      vertex -50.4135 32.6221 0
      vertex -49.1385 32.8757 0
      vertex -50.3062 32.1937 0
    endloop
  endfacet
  facet normal 0 0 -1
    outer loop
      vertex -48.8221 35.0085 0
      vertex -49.9686 35.6213 0
      vertex -49.7416 36.0001 0
    endloop
  endfacet
  facet normal -0 0 -1
    outer loop
      vertex -49.1385 32.8757 0
      vertex -50.4135 32.6221 0
      vertex -49.1846 33.1863 0
    endloop
  endfacet
  facet normal 0 0 -1
    outer loop
      vertex -48.9564 34.7246 0
      vertex -50.1575 35.2221 0
      vertex -49.9686 35.6213 0
    endloop
  endfacet
  facet normal 0 0 -1
    outer loop
      vertex -50.4783 33.0589 0
      vertex -49.1846 33.1863 0
      vertex -50.4135 32.6221 0
    endloop
  endfacet
  facet normal 0 0 -1
    outer loop
      vertex -49.0622 34.4289 0
      vertex -50.3062 34.8063 0
      vertex -50.1575 35.2221 0
    endloop
  endfacet
  facet normal -0 0 -1
    outer loop
      vertex -49.1846 33.1863 0
      vertex -50.4783 33.0589 0
      vertex -49.2 33.5 0
    endloop
  endfacet
  facet normal 0 0 -1
    outer loop
      vertex -49.1385 34.1243 0
      vertex -50.4135 34.3779 0
      vertex -50.3062 34.8063 0
    endloop
  endfacet
  facet normal 0 0 -1
    outer loop
      vertex -50.5 33.5 0
      vertex -49.2 33.5 0
      vertex -50.4783 33.0589 0
    endloop
  endfacet
  facet normal 0 0 -1
    outer loop
      vertex -49.1846 33.8137 0
      vertex -50.4783 33.9411 0
      vertex -50.4135 34.3779 0
    endloop
  endfacet
  facet normal 0 0 -1
    outer loop
      vertex -49.2 33.5 0
      vertex -50.5 33.5 0
      vertex -50.4783 33.9411 0
    endloop
  endfacet
  facet normal 0 0 -1
    outer loop
      vertex -42.8615 -32.8757 0
      vertex -35.7496 -29 0
      vertex -42.8154 -33.1863 0
    endloop
  endfacet
  facet normal 0 0 -1
    outer loop
      vertex -42.9378 -32.5711 0
      vertex -35.7496 -29 0
      vertex -42.8615 -32.8757 0
    endloop
  endfacet
  facet normal 0 0 -1
    outer loop
      vertex -43.0436 -32.2754 0
      vertex -35.7496 -29 0
      vertex -42.9378 -32.5711 0
    endloop
  endfacet
  facet normal 0 0 -1
    outer loop
      vertex -43.1779 -31.9915 0
      vertex -35.7496 -29 0
      vertex -43.0436 -32.2754 0
    endloop
  endfacet
  facet normal 0 0 -1
    outer loop
      vertex -43.3393 -31.7222 0
      vertex -35.7496 -29 0
      vertex -43.1779 -31.9915 0
    endloop
  endfacet
  facet normal 0 0 -1
    outer loop
      vertex -43.5264 -31.4699 0
      vertex -35.7496 -29 0
      vertex -43.3393 -31.7222 0
    endloop
  endfacet
  facet normal 0 0 -1
    outer loop
      vertex -43.7373 -31.2373 0
      vertex -35.7496 -29 0
      vertex -43.5264 -31.4699 0
    endloop
  endfacet
  facet normal -0 0 -1
    outer loop
      vertex -35.7496 -29 0
      vertex -43.7373 -31.2373 0
      vertex -41.5 -23.2496 0
    endloop
  endfacet
  facet normal 0 0 -1
    outer loop
      vertex -43.9699 -31.0264 0
      vertex -41.5 -23.2496 0
      vertex -43.7373 -31.2373 0
    endloop
  endfacet
  facet normal 0 0 -1
    outer loop
      vertex -44.2222 -30.8393 0
      vertex -41.5 -23.2496 0
      vertex -43.9699 -31.0264 0
    endloop
  endfacet
  facet normal 0 0 -1
    outer loop
      vertex -44.4915 -30.6779 0
      vertex -41.5 -23.2496 0
      vertex -44.2222 -30.8393 0
    endloop
  endfacet
  facet normal 0 0 -1
    outer loop
      vertex -44.7754 -30.5436 0
      vertex -41.5 -23.2496 0
      vertex -44.4915 -30.6779 0
    endloop
  endfacet
  facet normal 0 0 -1
    outer loop
      vertex -45.0711 -30.4378 0
      vertex -41.5 -23.2496 0
      vertex -44.7754 -30.5436 0
    endloop
  endfacet
  facet normal 0 0 -1
    outer loop
      vertex -45.3757 -30.3615 0
      vertex -41.5 -23.2496 0
      vertex -45.0711 -30.4378 0
    endloop
  endfacet
  facet normal 0 0 -1
    outer loop
      vertex -45.6863 -30.3154 0
      vertex -41.5 -23.2496 0
      vertex -45.3757 -30.3615 0
    endloop
  endfacet
  facet normal 0 0 -1
    outer loop
      vertex -46 -30.3 0
      vertex -41.5 -23.2496 0
      vertex -45.6863 -30.3154 0
    endloop
  endfacet
  facet normal 0 0 -1
    outer loop
      vertex -46.3137 -30.3154 0
      vertex -41.5 -23.2496 0
      vertex -46 -30.3 0
    endloop
  endfacet
  facet normal 0 0 -1
    outer loop
      vertex -46.6243 -30.3615 0
      vertex -41.5 -23.2496 0
      vertex -46.3137 -30.3154 0
    endloop
  endfacet
  facet normal 0 0 -1
    outer loop
      vertex -49.182 -30.318 0
      vertex -46.6243 -30.3615 0
      vertex -46.9289 -30.4378 0
    endloop
  endfacet
  facet normal 0 0 -1
    outer loop
      vertex -49.182 -30.318 0
      vertex -46.9289 -30.4378 0
      vertex -47.2246 -30.5436 0
    endloop
  endfacet
  facet normal 0 0 -1
    outer loop
      vertex -49.182 -30.318 0
      vertex -47.2246 -30.5436 0
      vertex -47.5085 -30.6779 0
    endloop
  endfacet
  facet normal 0 0 -1
    outer loop
      vertex -49.182 -30.318 0
      vertex -47.5085 -30.6779 0
      vertex -47.7778 -30.8393 0
    endloop
  endfacet
  facet normal 0 0 -1
    outer loop
      vertex -49.182 -30.318 0
      vertex -47.7778 -30.8393 0
      vertex -48.0301 -31.0264 0
    endloop
  endfacet
  facet normal 0 0 -1
    outer loop
      vertex -49.182 -30.318 0
      vertex -48.0301 -31.0264 0
      vertex -48.2627 -31.2373 0
    endloop
  endfacet
  facet normal 0 0 -1
    outer loop
      vertex -49.182 -30.318 0
      vertex -48.2627 -31.2373 0
      vertex -48.4736 -31.4699 0
    endloop
  endfacet
  facet normal 0 0 -1
    outer loop
      vertex -46.6243 -30.3615 0
      vertex -49.182 -30.318 0
      vertex -41.5 -23.2496 0
    endloop
  endfacet
  facet normal 0 0 -1
    outer loop
      vertex -49.4785 -30.6452 0
      vertex -48.4736 -31.4699 0
      vertex -48.6607 -31.7222 0
    endloop
  endfacet
  facet normal 0 0 -1
    outer loop
      vertex -49.7416 -30.9999 0
      vertex -48.6607 -31.7222 0
      vertex -48.8221 -31.9915 0
    endloop
  endfacet
  facet normal 0 0 -1
    outer loop
      vertex -49.9686 -31.3787 0
      vertex -48.8221 -31.9915 0
      vertex -48.9564 -32.2754 0
    endloop
  endfacet
  facet normal 0 0 -1
    outer loop
      vertex -50.1575 -31.7779 0
      vertex -48.9564 -32.2754 0
      vertex -49.0622 -32.5711 0
    endloop
  endfacet
  facet normal 0 0 -1
    outer loop
      vertex -50.3062 -32.1937 0
      vertex -49.0622 -32.5711 0
      vertex -49.1385 -32.8757 0
    endloop
  endfacet
  facet normal 0 0 -1
    outer loop
      vertex -50.4135 -32.6221 0
      vertex -49.1385 -32.8757 0
      vertex -49.1846 -33.1863 0
    endloop
  endfacet
  facet normal 0 0 -1
    outer loop
      vertex -50.4783 -33.0589 0
      vertex -49.1846 -33.1863 0
      vertex -49.2 -33.5 0
    endloop
  endfacet
  facet normal 0 0 -1
    outer loop
      vertex -50.3062 -34.8063 0
      vertex -49.0622 -34.4289 0
      vertex -50.1575 -35.2221 0
    endloop
  endfacet
  facet normal 0 0 -1
    outer loop
      vertex -48.4736 -31.4699 0
      vertex -49.4785 -30.6452 0
      vertex -49.182 -30.318 0
    endloop
  endfacet
  facet normal -0 0 -1
    outer loop
      vertex -49.0622 -34.4289 0
      vertex -50.3062 -34.8063 0
      vertex -49.1385 -34.1243 0
    endloop
  endfacet
  facet normal 0 0 -1
    outer loop
      vertex -48.6607 -31.7222 0
      vertex -49.7416 -30.9999 0
      vertex -49.4785 -30.6452 0
    endloop
  endfacet
  facet normal 0 0 -1
    outer loop
      vertex -50.4135 -34.3779 0
      vertex -49.1385 -34.1243 0
      vertex -50.3062 -34.8063 0
    endloop
  endfacet
  facet normal 0 0 -1
    outer loop
      vertex -48.8221 -31.9915 0
      vertex -49.9686 -31.3787 0
      vertex -49.7416 -30.9999 0
    endloop
  endfacet
  facet normal -0 0 -1
    outer loop
      vertex -49.1385 -34.1243 0
      vertex -50.4135 -34.3779 0
      vertex -49.1846 -33.8137 0
    endloop
  endfacet
  facet normal 0 0 -1
    outer loop
      vertex -48.9564 -32.2754 0
      vertex -50.1575 -31.7779 0
      vertex -49.9686 -31.3787 0
    endloop
  endfacet
  facet normal 0 0 -1
    outer loop
      vertex -50.4783 -33.9411 0
      vertex -49.1846 -33.8137 0
      vertex -50.4135 -34.3779 0
    endloop
  endfacet
  facet normal 0 0 -1
    outer loop
      vertex -49.0622 -32.5711 0
      vertex -50.3062 -32.1937 0
      vertex -50.1575 -31.7779 0
    endloop
  endfacet
  facet normal -0 0 -1
    outer loop
      vertex -49.1846 -33.8137 0
      vertex -50.4783 -33.9411 0
      vertex -49.2 -33.5 0
    endloop
  endfacet
  facet normal 0 0 -1
    outer loop
      vertex -49.1385 -32.8757 0
      vertex -50.4135 -32.6221 0
      vertex -50.3062 -32.1937 0
    endloop
  endfacet
  facet normal 0 0 -1
    outer loop
      vertex -50.5 -33.5 0
      vertex -49.2 -33.5 0
      vertex -50.4783 -33.9411 0
    endloop
  endfacet
  facet normal 0 0 -1
    outer loop
      vertex -49.1846 -33.1863 0
      vertex -50.4783 -33.0589 0
      vertex -50.4135 -32.6221 0
    endloop
  endfacet
  facet normal 0 0 -1
    outer loop
      vertex -49.2 -33.5 0
      vertex -50.5 -33.5 0
      vertex -50.4783 -33.0589 0
    endloop
  endfacet
  facet normal -0 0 -1
    outer loop
      vertex 41.5 23.2496 0
      vertex -10.0578 1.17621 0
      vertex 35.7496 29 0
    endloop
  endfacet
  facet normal 0 0 -1
    outer loop
      vertex -10.2306 2.34108 0
      vertex 35.7496 29 0
      vertex -10.0578 1.17621 0
    endloop
  endfacet
  facet normal 0 0 -1
    outer loop
      vertex -10.5167 3.48342 0
      vertex 35.7496 29 0
      vertex -10.2306 2.34108 0
    endloop
  endfacet
  facet normal 0 0 -1
    outer loop
      vertex -10.9134 4.5922 0
      vertex 35.7496 29 0
      vertex -10.5167 3.48342 0
    endloop
  endfacet
  facet normal 0 0 -1
    outer loop
      vertex -11.4169 5.65676 0
      vertex 35.7496 29 0
      vertex -10.9134 4.5922 0
    endloop
  endfacet
  facet normal 0 0 -1
    outer loop
      vertex -12.0224 6.66684 0
      vertex 35.7496 29 0
      vertex -11.4169 5.65676 0
    endloop
  endfacet
  facet normal 0 0 -1
    outer loop
      vertex -12.7239 7.61272 0
      vertex 35.7496 29 0
      vertex -12.0224 6.66684 0
    endloop
  endfacet
  facet normal 0 0 -1
    outer loop
      vertex -13.5147 8.48528 0
      vertex 35.7496 29 0
      vertex -12.7239 7.61272 0
    endloop
  endfacet
  facet normal 0 0 -1
    outer loop
      vertex -14.3873 9.27612 0
      vertex 35.7496 29 0
      vertex -13.5147 8.48528 0
    endloop
  endfacet
  facet normal 0 0 -1
    outer loop
      vertex -15.3332 9.97763 0
      vertex 35.7496 29 0
      vertex -14.3873 9.27612 0
    endloop
  endfacet
  facet normal 0 0 -1
    outer loop
      vertex -16.3432 10.5831 0
      vertex 35.7496 29 0
      vertex -15.3332 9.97763 0
    endloop
  endfacet
  facet normal 0 0 -1
    outer loop
      vertex -17.4078 11.0866 0
      vertex 35.7496 29 0
      vertex -16.3432 10.5831 0
    endloop
  endfacet
  facet normal 0 0 -1
    outer loop
      vertex -35.7496 29 0
      vertex -17.4078 11.0866 0
      vertex -18.5166 11.4833 0
    endloop
  endfacet
  facet normal 0 0 -1
    outer loop
      vertex -35.7496 29 0
      vertex -18.5166 11.4833 0
      vertex -19.6589 11.7694 0
    endloop
  endfacet
  facet normal 0 0 -1
    outer loop
      vertex -35.7496 29 0
      vertex -19.6589 11.7694 0
      vertex -20.8238 11.9422 0
    endloop
  endfacet
  facet normal 0 0 -1
    outer loop
      vertex -35.7496 29 0
      vertex -20.8238 11.9422 0
      vertex -22 12 0
    endloop
  endfacet
  facet normal 0 0 -1
    outer loop
      vertex -35.7496 29 0
      vertex -22 12 0
      vertex -23.1762 11.9422 0
    endloop
  endfacet
  facet normal 0 0 -1
    outer loop
      vertex -35.7496 29 0
      vertex -23.1762 11.9422 0
      vertex -24.3411 11.7694 0
    endloop
  endfacet
  facet normal 0 0 -1
    outer loop
      vertex -35.7496 29 0
      vertex -24.3411 11.7694 0
      vertex -25.4834 11.4833 0
    endloop
  endfacet
  facet normal -0 0 -1
    outer loop
      vertex -33.9422 -1.17621 0
      vertex -41.5 -23.2496 0
      vertex -34 0 0
    endloop
  endfacet
  facet normal 0 0 -1
    outer loop
      vertex -17.4078 11.0866 0
      vertex -35.7496 29 0
      vertex 35.7496 29 0
    endloop
  endfacet
  facet normal 0 0 -1
    outer loop
      vertex -26.5922 11.0866 0
      vertex -35.7496 29 0
      vertex -25.4834 11.4833 0
    endloop
  endfacet
  facet normal 0 0 -1
    outer loop
      vertex -27.6568 10.5831 0
      vertex -35.7496 29 0
      vertex -26.5922 11.0866 0
    endloop
  endfacet
  facet normal 0 0 -1
    outer loop
      vertex -41.5 23.2496 0
      vertex -27.6568 10.5831 0
      vertex -28.6668 9.97763 0
    endloop
  endfacet
  facet normal 0 0 -1
    outer loop
      vertex -41.5 23.2496 0
      vertex -28.6668 9.97763 0
      vertex -29.6127 9.27612 0
    endloop
  endfacet
  facet normal 0 0 -1
    outer loop
      vertex -41.5 23.2496 0
      vertex -29.6127 9.27612 0
      vertex -30.4853 8.48528 0
    endloop
  endfacet
  facet normal 0 0 -1
    outer loop
      vertex -41.5 23.2496 0
      vertex -30.4853 8.48528 0
      vertex -31.2761 7.61272 0
    endloop
  endfacet
  facet normal 0 0 -1
    outer loop
      vertex -41.5 23.2496 0
      vertex -31.2761 7.61272 0
      vertex -31.9776 6.66684 0
    endloop
  endfacet
  facet normal 0 0 -1
    outer loop
      vertex -41.5 23.2496 0
      vertex -31.9776 6.66684 0
      vertex -32.5831 5.65676 0
    endloop
  endfacet
  facet normal 0 0 -1
    outer loop
      vertex -41.5 23.2496 0
      vertex -32.5831 5.65676 0
      vertex -33.0866 4.5922 0
    endloop
  endfacet
  facet normal 0 0 -1
    outer loop
      vertex -41.5 23.2496 0
      vertex -33.0866 4.5922 0
      vertex -33.4833 3.48342 0
    endloop
  endfacet
  facet normal 0 0 -1
    outer loop
      vertex -41.5 23.2496 0
      vertex -33.4833 3.48342 0
      vertex -33.7694 2.34108 0
    endloop
  endfacet
  facet normal 0 0 -1
    outer loop
      vertex -41.5 23.2496 0
      vertex -33.7694 2.34108 0
      vertex -33.9422 1.17621 0
    endloop
  endfacet
  facet normal 0 0 -1
    outer loop
      vertex -41.5 23.2496 0
      vertex -34 0 0
      vertex -41.5 -23.2496 0
    endloop
  endfacet
  facet normal 0 0 -1
    outer loop
      vertex -34 0 0
      vertex -41.5 23.2496 0
      vertex -33.9422 1.17621 0
    endloop
  endfacet
  facet normal 0 0 -1
    outer loop
      vertex -42.8154 -33.1863 0
      vertex -35.7496 -29 0
      vertex -42.8 -33.5 0
    endloop
  endfacet
  facet normal 0 0 -1
    outer loop
      vertex -35.7496 -29 0
      vertex -42.8154 -33.8137 0
      vertex -42.8 -33.5 0
    endloop
  endfacet
  facet normal 0 0 -1
    outer loop
      vertex -42.8615 -34.1243 0
      vertex -35.7496 -29 0
      vertex -42.818 -36.682 0
    endloop
  endfacet
  facet normal 0 0 -1
    outer loop
      vertex -35.7496 -29 0
      vertex -42.8615 -34.1243 0
      vertex -42.8154 -33.8137 0
    endloop
  endfacet
  facet normal 0 0 -1
    outer loop
      vertex -42.818 -36.682 0
      vertex -42.9378 -34.4289 0
      vertex -42.8615 -34.1243 0
    endloop
  endfacet
  facet normal 0 0 -1
    outer loop
      vertex -42.818 -36.682 0
      vertex -43.0436 -34.7246 0
      vertex -42.9378 -34.4289 0
    endloop
  endfacet
  facet normal 0 0 -1
    outer loop
      vertex -43.7373 -35.7627 0
      vertex -42.818 -36.682 0
      vertex -43.1452 -36.9785 0
    endloop
  endfacet
  facet normal 0 0 -1
    outer loop
      vertex -42.818 -36.682 0
      vertex -43.1779 -35.0085 0
      vertex -43.0436 -34.7246 0
    endloop
  endfacet
  facet normal 0 0 -1
    outer loop
      vertex -42.818 -36.682 0
      vertex -43.3393 -35.2778 0
      vertex -43.1779 -35.0085 0
    endloop
  endfacet
  facet normal 0 0 -1
    outer loop
      vertex -43.9699 -35.9736 0
      vertex -43.1452 -36.9785 0
      vertex -43.4999 -37.2416 0
    endloop
  endfacet
  facet normal 0 0 -1
    outer loop
      vertex -42.818 -36.682 0
      vertex -43.5264 -35.5301 0
      vertex -43.3393 -35.2778 0
    endloop
  endfacet
  facet normal 0 0 -1
    outer loop
      vertex -42.818 -36.682 0
      vertex -43.7373 -35.7627 0
      vertex -43.5264 -35.5301 0
    endloop
  endfacet
  facet normal 0 0 -1
    outer loop
      vertex -44.2222 -36.1607 0
      vertex -43.4999 -37.2416 0
      vertex -43.8787 -37.4686 0
    endloop
  endfacet
  facet normal 0 0 -1
    outer loop
      vertex -43.1452 -36.9785 0
      vertex -43.9699 -35.9736 0
      vertex -43.7373 -35.7627 0
    endloop
  endfacet
  facet normal 0 0 -1
    outer loop
      vertex -43.4999 -37.2416 0
      vertex -44.2222 -36.1607 0
      vertex -43.9699 -35.9736 0
    endloop
  endfacet
  facet normal 0 0 -1
    outer loop
      vertex -44.4915 -36.3221 0
      vertex -43.8787 -37.4686 0
      vertex -44.2779 -37.6575 0
    endloop
  endfacet
  facet normal 0 0 -1
    outer loop
      vertex -43.8787 -37.4686 0
      vertex -44.4915 -36.3221 0
      vertex -44.2222 -36.1607 0
    endloop
  endfacet
  facet normal 0 0 -1
    outer loop
      vertex -44.7754 -36.4564 0
      vertex -44.2779 -37.6575 0
      vertex -44.6937 -37.8062 0
    endloop
  endfacet
  facet normal 0 0 -1
    outer loop
      vertex -44.2779 -37.6575 0
      vertex -44.7754 -36.4564 0
      vertex -44.4915 -36.3221 0
    endloop
  endfacet
  facet normal 0 0 -1
    outer loop
      vertex -44.6937 -37.8062 0
      vertex -45.0711 -36.5622 0
      vertex -44.7754 -36.4564 0
    endloop
  endfacet
  facet normal 0 0 -1
    outer loop
      vertex -45.1221 -37.9135 0
      vertex -45.0711 -36.5622 0
      vertex -44.6937 -37.8062 0
    endloop
  endfacet
  facet normal 0 0 -1
    outer loop
      vertex -45.1221 -37.9135 0
      vertex -45.3757 -36.6385 0
      vertex -45.0711 -36.5622 0
    endloop
  endfacet
  facet normal 0 0 -1
    outer loop
      vertex -45.5589 -37.9783 0
      vertex -45.3757 -36.6385 0
      vertex -45.1221 -37.9135 0
    endloop
  endfacet
  facet normal 0 0 -1
    outer loop
      vertex -45.5589 -37.9783 0
      vertex -45.6863 -36.6846 0
      vertex -45.3757 -36.6385 0
    endloop
  endfacet
  facet normal 0 0 -1
    outer loop
      vertex -46 -38 0
      vertex -45.6863 -36.6846 0
      vertex -45.5589 -37.9783 0
    endloop
  endfacet
  facet normal 0 0 -1
    outer loop
      vertex -46 -38 0
      vertex -46 -36.7 0
      vertex -45.6863 -36.6846 0
    endloop
  endfacet
  facet normal 0 0 -1
    outer loop
      vertex -46 -38 0
      vertex -46.3137 -36.6846 0
      vertex -46 -36.7 0
    endloop
  endfacet
  facet normal 0 0 -1
    outer loop
      vertex -46.4411 -37.9783 0
      vertex -46.3137 -36.6846 0
      vertex -46 -38 0
    endloop
  endfacet
  facet normal 0 0 -1
    outer loop
      vertex -46.4411 -37.9783 0
      vertex -46.6243 -36.6385 0
      vertex -46.3137 -36.6846 0
    endloop
  endfacet
  facet normal 0 0 -1
    outer loop
      vertex -46.8779 -37.9135 0
      vertex -46.6243 -36.6385 0
      vertex -46.4411 -37.9783 0
    endloop
  endfacet
  facet normal 0 0 -1
    outer loop
      vertex -46.8779 -37.9135 0
      vertex -46.9289 -36.5622 0
      vertex -46.6243 -36.6385 0
    endloop
  endfacet
  facet normal 0 0 -1
    outer loop
      vertex -47.3063 -37.8062 0
      vertex -46.9289 -36.5622 0
      vertex -46.8779 -37.9135 0
    endloop
  endfacet
  facet normal -0 0 -1
    outer loop
      vertex -46.9289 -36.5622 0
      vertex -47.3063 -37.8062 0
      vertex -47.2246 -36.4564 0
    endloop
  endfacet
  facet normal 0 0 -1
    outer loop
      vertex -47.7221 -37.6575 0
      vertex -47.2246 -36.4564 0
      vertex -47.3063 -37.8062 0
    endloop
  endfacet
  facet normal -0 0 -1
    outer loop
      vertex -47.2246 -36.4564 0
      vertex -47.7221 -37.6575 0
      vertex -47.5085 -36.3221 0
    endloop
  endfacet
  facet normal 0 0 -1
    outer loop
      vertex -48.1213 -37.4686 0
      vertex -47.5085 -36.3221 0
      vertex -47.7221 -37.6575 0
    endloop
  endfacet
  facet normal -0 0 -1
    outer loop
      vertex -47.5085 -36.3221 0
      vertex -48.1213 -37.4686 0
      vertex -47.7778 -36.1607 0
    endloop
  endfacet
  facet normal 0 0 -1
    outer loop
      vertex -48.5001 -37.2416 0
      vertex -47.7778 -36.1607 0
      vertex -48.1213 -37.4686 0
    endloop
  endfacet
  facet normal -0 0 -1
    outer loop
      vertex -47.7778 -36.1607 0
      vertex -48.5001 -37.2416 0
      vertex -48.0301 -35.9736 0
    endloop
  endfacet
  facet normal 0 0 -1
    outer loop
      vertex -48.8548 -36.9785 0
      vertex -48.0301 -35.9736 0
      vertex -48.5001 -37.2416 0
    endloop
  endfacet
  facet normal -0 0 -1
    outer loop
      vertex -48.0301 -35.9736 0
      vertex -48.8548 -36.9785 0
      vertex -48.2627 -35.7627 0
    endloop
  endfacet
  facet normal 0 0 -1
    outer loop
      vertex -49.182 -36.682 0
      vertex -48.2627 -35.7627 0
      vertex -48.8548 -36.9785 0
    endloop
  endfacet
  facet normal -0 0 -1
    outer loop
      vertex -48.2627 -35.7627 0
      vertex -49.182 -36.682 0
      vertex -48.4736 -35.5301 0
    endloop
  endfacet
  facet normal 0 0 -1
    outer loop
      vertex -49.4785 -36.3548 0
      vertex -48.4736 -35.5301 0
      vertex -49.182 -36.682 0
    endloop
  endfacet
  facet normal -0 0 -1
    outer loop
      vertex -48.4736 -35.5301 0
      vertex -49.4785 -36.3548 0
      vertex -48.6607 -35.2778 0
    endloop
  endfacet
  facet normal 0 0 -1
    outer loop
      vertex -49.7416 -36.0001 0
      vertex -48.6607 -35.2778 0
      vertex -49.4785 -36.3548 0
    endloop
  endfacet
  facet normal -0 0 -1
    outer loop
      vertex -48.6607 -35.2778 0
      vertex -49.7416 -36.0001 0
      vertex -48.8221 -35.0085 0
    endloop
  endfacet
  facet normal 0 0 -1
    outer loop
      vertex -49.9686 -35.6213 0
      vertex -48.8221 -35.0085 0
      vertex -49.7416 -36.0001 0
    endloop
  endfacet
  facet normal -0 0 -1
    outer loop
      vertex -48.8221 -35.0085 0
      vertex -49.9686 -35.6213 0
      vertex -48.9564 -34.7246 0
    endloop
  endfacet
  facet normal 0 0 -1
    outer loop
      vertex -50.1575 -35.2221 0
      vertex -48.9564 -34.7246 0
      vertex -49.9686 -35.6213 0
    endloop
  endfacet
  facet normal -0 0 -1
    outer loop
      vertex -48.9564 -34.7246 0
      vertex -50.1575 -35.2221 0
      vertex -49.0622 -34.4289 0
    endloop
  endfacet
  facet normal 0 0 -1
    outer loop
      vertex 49.2 33.5 0
      vertex 50.5 33.5 0
      vertex 50.4783 33.0589 0
    endloop
  endfacet
  facet normal 0 0 -1
    outer loop
      vertex 49.1846 33.1863 0
      vertex 50.4783 33.0589 0
      vertex 50.4135 32.6221 0
    endloop
  endfacet
  facet normal 0 0 -1
    outer loop
      vertex 50.5 33.5 0
      vertex 49.2 33.5 0
      vertex 50.4783 33.9411 0
    endloop
  endfacet
  facet normal 0 0 -1
    outer loop
      vertex 49.1385 32.8757 0
      vertex 50.4135 32.6221 0
      vertex 50.3062 32.1937 0
    endloop
  endfacet
  facet normal 0 0 -1
    outer loop
      vertex 49.1846 33.8137 0
      vertex 50.4783 33.9411 0
      vertex 49.2 33.5 0
    endloop
  endfacet
  facet normal 0 0 -1
    outer loop
      vertex 49.0622 32.5711 0
      vertex 50.3062 32.1937 0
      vertex 50.1575 31.7779 0
    endloop
  endfacet
  facet normal -0 0 -1
    outer loop
      vertex 50.4783 33.9411 0
      vertex 49.1846 33.8137 0
      vertex 50.4135 34.3779 0
    endloop
  endfacet
  facet normal 0 0 -1
    outer loop
      vertex 48.9564 32.2754 0
      vertex 50.1575 31.7779 0
      vertex 49.9686 31.3787 0
    endloop
  endfacet
  facet normal 0 0 -1
    outer loop
      vertex 49.1385 34.1243 0
      vertex 50.4135 34.3779 0
      vertex 49.1846 33.8137 0
    endloop
  endfacet
  facet normal 0 0 -1
    outer loop
      vertex 48.8221 31.9915 0
      vertex 49.9686 31.3787 0
      vertex 49.7416 30.9999 0
    endloop
  endfacet
  facet normal -0 0 -1
    outer loop
      vertex 50.4135 34.3779 0
      vertex 49.1385 34.1243 0
      vertex 50.3062 34.8063 0
    endloop
  endfacet
  facet normal 0 0 -1
    outer loop
      vertex 48.6607 31.7222 0
      vertex 49.7416 30.9999 0
      vertex 49.4785 30.6452 0
    endloop
  endfacet
  facet normal 0 0 -1
    outer loop
      vertex 49.0622 34.4289 0
      vertex 50.3062 34.8063 0
      vertex 49.1385 34.1243 0
    endloop
  endfacet
  facet normal -0 0 -1
    outer loop
      vertex 50.3062 34.8063 0
      vertex 49.0622 34.4289 0
      vertex 50.1575 35.2221 0
    endloop
  endfacet
  facet normal 0 0 -1
    outer loop
      vertex 50.4783 33.0589 0
      vertex 49.1846 33.1863 0
      vertex 49.2 33.5 0
    endloop
  endfacet
  facet normal 0 0 -1
    outer loop
      vertex 48.4736 31.4699 0
      vertex 49.4785 30.6452 0
      vertex 49.182 30.318 0
    endloop
  endfacet
  facet normal 0 0 -1
    outer loop
      vertex 50.4135 32.6221 0
      vertex 49.1385 32.8757 0
      vertex 49.1846 33.1863 0
    endloop
  endfacet
  facet normal 0 0 -1
    outer loop
      vertex 50.3062 32.1937 0
      vertex 49.0622 32.5711 0
      vertex 49.1385 32.8757 0
    endloop
  endfacet
  facet normal 0 0 -1
    outer loop
      vertex 50.1575 31.7779 0
      vertex 48.9564 32.2754 0
      vertex 49.0622 32.5711 0
    endloop
  endfacet
  facet normal 0 0 -1
    outer loop
      vertex 49.9686 31.3787 0
      vertex 48.8221 31.9915 0
      vertex 48.9564 32.2754 0
    endloop
  endfacet
  facet normal 0 0 -1
    outer loop
      vertex 49.7416 30.9999 0
      vertex 48.6607 31.7222 0
      vertex 48.8221 31.9915 0
    endloop
  endfacet
  facet normal 0 0 -1
    outer loop
      vertex 49.4785 30.6452 0
      vertex 48.4736 31.4699 0
      vertex 48.6607 31.7222 0
    endloop
  endfacet
  facet normal 0 0 -1
    outer loop
      vertex 49.182 30.318 0
      vertex 48.2627 31.2373 0
      vertex 48.4736 31.4699 0
    endloop
  endfacet
  facet normal 0 0 -1
    outer loop
      vertex 49.182 30.318 0
      vertex 48.0301 31.0264 0
      vertex 48.2627 31.2373 0
    endloop
  endfacet
  facet normal 0 0 -1
    outer loop
      vertex 49.182 30.318 0
      vertex 47.7778 30.8393 0
      vertex 48.0301 31.0264 0
    endloop
  endfacet
  facet normal 0 0 -1
    outer loop
      vertex 49.182 30.318 0
      vertex 47.5085 30.6779 0
      vertex 47.7778 30.8393 0
    endloop
  endfacet
  facet normal 0 0 -1
    outer loop
      vertex 49.182 30.318 0
      vertex 47.2246 30.5436 0
      vertex 47.5085 30.6779 0
    endloop
  endfacet
  facet normal 0 0 -1
    outer loop
      vertex 49.182 30.318 0
      vertex 46.9289 30.4378 0
      vertex 47.2246 30.5436 0
    endloop
  endfacet
  facet normal 0 0 -1
    outer loop
      vertex 49.182 30.318 0
      vertex 46.6243 30.3615 0
      vertex 46.9289 30.4378 0
    endloop
  endfacet
  facet normal 0 0 -1
    outer loop
      vertex 41.5 23.2496 0
      vertex 46.6243 30.3615 0
      vertex 49.182 30.318 0
    endloop
  endfacet
  facet normal 0 0 -1
    outer loop
      vertex 46.6243 30.3615 0
      vertex 41.5 23.2496 0
      vertex 46.3137 30.3154 0
    endloop
  endfacet
  facet normal -0 0 -1
    outer loop
      vertex 42.8615 32.8757 0
      vertex 35.7496 29 0
      vertex 42.8154 33.1863 0
    endloop
  endfacet
  facet normal -0 0 -1
    outer loop
      vertex 42.9378 32.5711 0
      vertex 35.7496 29 0
      vertex 42.8615 32.8757 0
    endloop
  endfacet
  facet normal -0 0 -1
    outer loop
      vertex 43.0436 32.2754 0
      vertex 35.7496 29 0
      vertex 42.9378 32.5711 0
    endloop
  endfacet
  facet normal -0 0 -1
    outer loop
      vertex 43.1779 31.9915 0
      vertex 35.7496 29 0
      vertex 43.0436 32.2754 0
    endloop
  endfacet
  facet normal -0 0 -1
    outer loop
      vertex 43.3393 31.7222 0
      vertex 35.7496 29 0
      vertex 43.1779 31.9915 0
    endloop
  endfacet
  facet normal -0 0 -1
    outer loop
      vertex 43.5264 31.4699 0
      vertex 35.7496 29 0
      vertex 43.3393 31.7222 0
    endloop
  endfacet
  facet normal -0 0 -1
    outer loop
      vertex 43.7373 31.2373 0
      vertex 35.7496 29 0
      vertex 43.5264 31.4699 0
    endloop
  endfacet
  facet normal 0 0 -1
    outer loop
      vertex 35.7496 29 0
      vertex 43.7373 31.2373 0
      vertex 41.5 23.2496 0
    endloop
  endfacet
  facet normal -0 0 -1
    outer loop
      vertex 43.9699 31.0264 0
      vertex 41.5 23.2496 0
      vertex 43.7373 31.2373 0
    endloop
  endfacet
  facet normal -0 0 -1
    outer loop
      vertex 44.2222 30.8393 0
      vertex 41.5 23.2496 0
      vertex 43.9699 31.0264 0
    endloop
  endfacet
  facet normal -0 0 -1
    outer loop
      vertex 44.4915 30.6779 0
      vertex 41.5 23.2496 0
      vertex 44.2222 30.8393 0
    endloop
  endfacet
  facet normal -0 0 -1
    outer loop
      vertex 44.7754 30.5436 0
      vertex 41.5 23.2496 0
      vertex 44.4915 30.6779 0
    endloop
  endfacet
  facet normal -0 0 -1
    outer loop
      vertex 45.0711 30.4378 0
      vertex 41.5 23.2496 0
      vertex 44.7754 30.5436 0
    endloop
  endfacet
  facet normal -0 0 -1
    outer loop
      vertex 45.3757 30.3615 0
      vertex 41.5 23.2496 0
      vertex 45.0711 30.4378 0
    endloop
  endfacet
  facet normal -0 0 -1
    outer loop
      vertex 45.6863 30.3154 0
      vertex 41.5 23.2496 0
      vertex 45.3757 30.3615 0
    endloop
  endfacet
  facet normal -0 0 -1
    outer loop
      vertex 46 30.3 0
      vertex 41.5 23.2496 0
      vertex 45.6863 30.3154 0
    endloop
  endfacet
  facet normal 0 0 -1
    outer loop
      vertex 46.3137 30.3154 0
      vertex 41.5 23.2496 0
      vertex 46 30.3 0
    endloop
  endfacet
  facet normal 0 0 -1
    outer loop
      vertex 48.9564 34.7246 0
      vertex 50.1575 35.2221 0
      vertex 49.0622 34.4289 0
    endloop
  endfacet
  facet normal -0 0 -1
    outer loop
      vertex 50.1575 35.2221 0
      vertex 48.9564 34.7246 0
      vertex 49.9686 35.6213 0
    endloop
  endfacet
  facet normal 0 0 -1
    outer loop
      vertex 48.8221 35.0085 0
      vertex 49.9686 35.6213 0
      vertex 48.9564 34.7246 0
    endloop
  endfacet
  facet normal -0 0 -1
    outer loop
      vertex 49.9686 35.6213 0
      vertex 48.8221 35.0085 0
      vertex 49.7416 36.0001 0
    endloop
  endfacet
  facet normal 0 0 -1
    outer loop
      vertex 48.6607 35.2778 0
      vertex 49.7416 36.0001 0
      vertex 48.8221 35.0085 0
    endloop
  endfacet
  facet normal -0 0 -1
    outer loop
      vertex 49.7416 36.0001 0
      vertex 48.6607 35.2778 0
      vertex 49.4785 36.3548 0
    endloop
  endfacet
  facet normal 0 0 -1
    outer loop
      vertex 48.4736 35.5301 0
      vertex 49.4785 36.3548 0
      vertex 48.6607 35.2778 0
    endloop
  endfacet
  facet normal -0 0 -1
    outer loop
      vertex 49.4785 36.3548 0
      vertex 48.4736 35.5301 0
      vertex 49.182 36.682 0
    endloop
  endfacet
  facet normal 0 0 -1
    outer loop
      vertex 48.2627 35.7627 0
      vertex 49.182 36.682 0
      vertex 48.4736 35.5301 0
    endloop
  endfacet
  facet normal -0 0 -1
    outer loop
      vertex 49.182 36.682 0
      vertex 48.2627 35.7627 0
      vertex 48.8548 36.9785 0
    endloop
  endfacet
  facet normal 0 0 -1
    outer loop
      vertex 48.0301 35.9736 0
      vertex 48.8548 36.9785 0
      vertex 48.2627 35.7627 0
    endloop
  endfacet
  facet normal -0 0 -1
    outer loop
      vertex 48.8548 36.9785 0
      vertex 48.0301 35.9736 0
      vertex 48.5001 37.2416 0
    endloop
  endfacet
  facet normal 0 0 -1
    outer loop
      vertex 47.7778 36.1607 0
      vertex 48.5001 37.2416 0
      vertex 48.0301 35.9736 0
    endloop
  endfacet
  facet normal -0 0 -1
    outer loop
      vertex 48.5001 37.2416 0
      vertex 47.7778 36.1607 0
      vertex 48.1213 37.4686 0
    endloop
  endfacet
  facet normal 0 0 -1
    outer loop
      vertex 47.5085 36.3221 0
      vertex 48.1213 37.4686 0
      vertex 47.7778 36.1607 0
    endloop
  endfacet
  facet normal -0 0 -1
    outer loop
      vertex 48.1213 37.4686 0
      vertex 47.5085 36.3221 0
      vertex 47.7221 37.6575 0
    endloop
  endfacet
  facet normal 0 0 -1
    outer loop
      vertex 47.2246 36.4564 0
      vertex 47.7221 37.6575 0
      vertex 47.5085 36.3221 0
    endloop
  endfacet
  facet normal -0 0 -1
    outer loop
      vertex 47.7221 37.6575 0
      vertex 47.2246 36.4564 0
      vertex 47.3063 37.8062 0
    endloop
  endfacet
  facet normal 0 0 -1
    outer loop
      vertex 46.9289 36.5622 0
      vertex 47.3063 37.8062 0
      vertex 47.2246 36.4564 0
    endloop
  endfacet
  facet normal 0 0 -1
    outer loop
      vertex 46.9289 36.5622 0
      vertex 46.8779 37.9135 0
      vertex 47.3063 37.8062 0
    endloop
  endfacet
  facet normal 0 0 -1
    outer loop
      vertex 46.6243 36.6385 0
      vertex 46.8779 37.9135 0
      vertex 46.9289 36.5622 0
    endloop
  endfacet
  facet normal 0 0 -1
    outer loop
      vertex 46.6243 36.6385 0
      vertex 46.4411 37.9783 0
      vertex 46.8779 37.9135 0
    endloop
  endfacet
  facet normal 0 0 -1
    outer loop
      vertex 46.3137 36.6846 0
      vertex 46.4411 37.9783 0
      vertex 46.6243 36.6385 0
    endloop
  endfacet
  facet normal 0 0 -1
    outer loop
      vertex 46 36.7 0
      vertex 46.4411 37.9783 0
      vertex 46.3137 36.6846 0
    endloop
  endfacet
  facet normal 0 0 -1
    outer loop
      vertex 46 36.7 0
      vertex 46 38 0
      vertex 46.4411 37.9783 0
    endloop
  endfacet
  facet normal 0 0 -1
    outer loop
      vertex 45.6863 36.6846 0
      vertex 46 38 0
      vertex 46 36.7 0
    endloop
  endfacet
  facet normal 0 0 -1
    outer loop
      vertex 45.6863 36.6846 0
      vertex 45.5589 37.9783 0
      vertex 46 38 0
    endloop
  endfacet
  facet normal 0 0 -1
    outer loop
      vertex 45.3757 36.6385 0
      vertex 45.5589 37.9783 0
      vertex 45.6863 36.6846 0
    endloop
  endfacet
  facet normal 0 0 -1
    outer loop
      vertex 45.3757 36.6385 0
      vertex 45.1221 37.9135 0
      vertex 45.5589 37.9783 0
    endloop
  endfacet
  facet normal 0 0 -1
    outer loop
      vertex 45.0711 36.5622 0
      vertex 45.1221 37.9135 0
      vertex 45.3757 36.6385 0
    endloop
  endfacet
  facet normal 0 0 -1
    outer loop
      vertex 44.6937 37.8062 0
      vertex 45.0711 36.5622 0
      vertex 44.7754 36.4564 0
    endloop
  endfacet
  facet normal 0 0 -1
    outer loop
      vertex 45.0711 36.5622 0
      vertex 44.6937 37.8062 0
      vertex 45.1221 37.9135 0
    endloop
  endfacet
  facet normal 0 0 -1
    outer loop
      vertex 44.2779 37.6575 0
      vertex 44.7754 36.4564 0
      vertex 44.4915 36.3221 0
    endloop
  endfacet
  facet normal 0 0 -1
    outer loop
      vertex 44.7754 36.4564 0
      vertex 44.2779 37.6575 0
      vertex 44.6937 37.8062 0
    endloop
  endfacet
  facet normal 0 0 -1
    outer loop
      vertex 43.8787 37.4686 0
      vertex 44.4915 36.3221 0
      vertex 44.2222 36.1607 0
    endloop
  endfacet
  facet normal 0 0 -1
    outer loop
      vertex 43.4999 37.2416 0
      vertex 44.2222 36.1607 0
      vertex 43.9699 35.9736 0
    endloop
  endfacet
  facet normal 0 0 -1
    outer loop
      vertex 44.4915 36.3221 0
      vertex 43.8787 37.4686 0
      vertex 44.2779 37.6575 0
    endloop
  endfacet
  facet normal 0 0 -1
    outer loop
      vertex 43.1452 36.9785 0
      vertex 43.9699 35.9736 0
      vertex 43.7373 35.7627 0
    endloop
  endfacet
  facet normal 0 0 -1
    outer loop
      vertex 42.818 36.682 0
      vertex 43.7373 35.7627 0
      vertex 43.5264 35.5301 0
    endloop
  endfacet
  facet normal 0 0 -1
    outer loop
      vertex 44.2222 36.1607 0
      vertex 43.4999 37.2416 0
      vertex 43.8787 37.4686 0
    endloop
  endfacet
  facet normal 0 0 -1
    outer loop
      vertex 42.818 36.682 0
      vertex 43.5264 35.5301 0
      vertex 43.3393 35.2778 0
    endloop
  endfacet
  facet normal 0 0 -1
    outer loop
      vertex 42.818 36.682 0
      vertex 43.3393 35.2778 0
      vertex 43.1779 35.0085 0
    endloop
  endfacet
  facet normal 0 0 -1
    outer loop
      vertex 43.9699 35.9736 0
      vertex 43.1452 36.9785 0
      vertex 43.4999 37.2416 0
    endloop
  endfacet
  facet normal 0 0 -1
    outer loop
      vertex 42.818 36.682 0
      vertex 43.1779 35.0085 0
      vertex 43.0436 34.7246 0
    endloop
  endfacet
  facet normal 0 0 -1
    outer loop
      vertex 42.818 36.682 0
      vertex 43.0436 34.7246 0
      vertex 42.9378 34.4289 0
    endloop
  endfacet
  facet normal 0 0 -1
    outer loop
      vertex 42.818 36.682 0
      vertex 42.9378 34.4289 0
      vertex 42.8615 34.1243 0
    endloop
  endfacet
  facet normal 0 0 -1
    outer loop
      vertex 43.7373 35.7627 0
      vertex 42.818 36.682 0
      vertex 43.1452 36.9785 0
    endloop
  endfacet
  facet normal 0 0 -1
    outer loop
      vertex 35.7496 29 0
      vertex 42.8615 34.1243 0
      vertex 42.8154 33.8137 0
    endloop
  endfacet
  facet normal 0 0 -1
    outer loop
      vertex 35.7496 29 0
      vertex 42.8154 33.8137 0
      vertex 42.8 33.5 0
    endloop
  endfacet
  facet normal -0 0 -1
    outer loop
      vertex 42.8154 33.1863 0
      vertex 35.7496 29 0
      vertex 42.8 33.5 0
    endloop
  endfacet
  facet normal 0 0 -1
    outer loop
      vertex 41.5 -23.2496 0
      vertex -10 0 0
      vertex 41.5 23.2496 0
    endloop
  endfacet
  facet normal -0 0 -1
    outer loop
      vertex 42.8615 34.1243 0
      vertex 35.7496 29 0
      vertex 42.818 36.682 0
    endloop
  endfacet
  facet normal 0 0 -1
    outer loop
      vertex -10.0578 1.17621 0
      vertex 41.5 23.2496 0
      vertex -10 0 0
    endloop
  endfacet
  facet normal 0 0 -1
    outer loop
      vertex 41.5 -23.2496 0
      vertex -10.0578 -1.17621 0
      vertex -10 0 0
    endloop
  endfacet
  facet normal 0 0 -1
    outer loop
      vertex 35.7496 -29 0
      vertex -10.2306 -2.34108 0
      vertex -10.0578 -1.17621 0
    endloop
  endfacet
  facet normal 0 0 -1
    outer loop
      vertex 35.7496 -29 0
      vertex -10.5167 -3.48342 0
      vertex -10.2306 -2.34108 0
    endloop
  endfacet
  facet normal 0 0 -1
    outer loop
      vertex 35.7496 -29 0
      vertex -10.9134 -4.5922 0
      vertex -10.5167 -3.48342 0
    endloop
  endfacet
  facet normal 0 0 -1
    outer loop
      vertex 35.7496 -29 0
      vertex -11.4169 -5.65676 0
      vertex -10.9134 -4.5922 0
    endloop
  endfacet
  facet normal 0 0 -1
    outer loop
      vertex 35.7496 -29 0
      vertex -12.0224 -6.66684 0
      vertex -11.4169 -5.65676 0
    endloop
  endfacet
  facet normal 0 0 -1
    outer loop
      vertex 35.7496 -29 0
      vertex -12.7239 -7.61272 0
      vertex -12.0224 -6.66684 0
    endloop
  endfacet
  facet normal 0 0 -1
    outer loop
      vertex 35.7496 -29 0
      vertex -13.5147 -8.48528 0
      vertex -12.7239 -7.61272 0
    endloop
  endfacet
  facet normal 0 0 -1
    outer loop
      vertex 35.7496 -29 0
      vertex -14.3873 -9.27612 0
      vertex -13.5147 -8.48528 0
    endloop
  endfacet
  facet normal 0 0 -1
    outer loop
      vertex 35.7496 -29 0
      vertex -15.3332 -9.97763 0
      vertex -14.3873 -9.27612 0
    endloop
  endfacet
  facet normal 0 0 -1
    outer loop
      vertex 35.7496 -29 0
      vertex -16.3432 -10.5831 0
      vertex -15.3332 -9.97763 0
    endloop
  endfacet
  facet normal 0 0 -1
    outer loop
      vertex 35.7496 -29 0
      vertex -17.4078 -11.0866 0
      vertex -16.3432 -10.5831 0
    endloop
  endfacet
  facet normal 0 0 -1
    outer loop
      vertex -35.7496 -29 0
      vertex -17.4078 -11.0866 0
      vertex 35.7496 -29 0
    endloop
  endfacet
  facet normal 0 0 -1
    outer loop
      vertex -17.4078 -11.0866 0
      vertex -35.7496 -29 0
      vertex -18.5166 -11.4833 0
    endloop
  endfacet
  facet normal 0 0 -1
    outer loop
      vertex -18.5166 -11.4833 0
      vertex -35.7496 -29 0
      vertex -19.6589 -11.7694 0
    endloop
  endfacet
  facet normal 0 0 -1
    outer loop
      vertex -19.6589 -11.7694 0
      vertex -35.7496 -29 0
      vertex -20.8238 -11.9422 0
    endloop
  endfacet
  facet normal 0 0 -1
    outer loop
      vertex -20.8238 -11.9422 0
      vertex -35.7496 -29 0
      vertex -22 -12 0
    endloop
  endfacet
  facet normal -0 0 -1
    outer loop
      vertex -22 -12 0
      vertex -35.7496 -29 0
      vertex -23.1762 -11.9422 0
    endloop
  endfacet
  facet normal -0 0 -1
    outer loop
      vertex -23.1762 -11.9422 0
      vertex -35.7496 -29 0
      vertex -24.3411 -11.7694 0
    endloop
  endfacet
  facet normal -0 0 -1
    outer loop
      vertex -33.7694 -2.34108 0
      vertex -41.5 -23.2496 0
      vertex -33.9422 -1.17621 0
    endloop
  endfacet
  facet normal -0 0 -1
    outer loop
      vertex -33.4833 -3.48342 0
      vertex -41.5 -23.2496 0
      vertex -33.7694 -2.34108 0
    endloop
  endfacet
  facet normal -0 0 -1
    outer loop
      vertex -33.0866 -4.5922 0
      vertex -41.5 -23.2496 0
      vertex -33.4833 -3.48342 0
    endloop
  endfacet
  facet normal -0 0 -1
    outer loop
      vertex -32.5831 -5.65676 0
      vertex -41.5 -23.2496 0
      vertex -33.0866 -4.5922 0
    endloop
  endfacet
  facet normal -0 0 -1
    outer loop
      vertex -31.9776 -6.66684 0
      vertex -41.5 -23.2496 0
      vertex -32.5831 -5.65676 0
    endloop
  endfacet
  facet normal -0 0 -1
    outer loop
      vertex -31.2761 -7.61272 0
      vertex -41.5 -23.2496 0
      vertex -31.9776 -6.66684 0
    endloop
  endfacet
  facet normal -0 0 -1
    outer loop
      vertex -30.4853 -8.48528 0
      vertex -41.5 -23.2496 0
      vertex -31.2761 -7.61272 0
    endloop
  endfacet
  facet normal -0 0 -1
    outer loop
      vertex -29.6127 -9.27612 0
      vertex -41.5 -23.2496 0
      vertex -30.4853 -8.48528 0
    endloop
  endfacet
  facet normal -0 0 -1
    outer loop
      vertex -28.6668 -9.97763 0
      vertex -41.5 -23.2496 0
      vertex -29.6127 -9.27612 0
    endloop
  endfacet
  facet normal -0 0 -1
    outer loop
      vertex -27.6568 -10.5831 0
      vertex -41.5 -23.2496 0
      vertex -28.6668 -9.97763 0
    endloop
  endfacet
  facet normal 0 0 -1
    outer loop
      vertex -41.5 -23.2496 0
      vertex -27.6568 -10.5831 0
      vertex -35.7496 -29 0
    endloop
  endfacet
  facet normal -0 0 -1
    outer loop
      vertex -26.5922 -11.0866 0
      vertex -35.7496 -29 0
      vertex -27.6568 -10.5831 0
    endloop
  endfacet
  facet normal -0 0 -1
    outer loop
      vertex -25.4834 -11.4833 0
      vertex -35.7496 -29 0
      vertex -26.5922 -11.0866 0
    endloop
  endfacet
  facet normal -0 0 -1
    outer loop
      vertex -24.3411 -11.7694 0
      vertex -35.7496 -29 0
      vertex -25.4834 -11.4833 0
    endloop
  endfacet
  facet normal 0 0 -1
    outer loop
      vertex -11.6501 -1.01938 0
      vertex -11.6501 1.01938 0
      vertex -11.6 0 0
    endloop
  endfacet
  facet normal 0 0 -1
    outer loop
      vertex -11.7998 -2.02894 0
      vertex -11.6501 1.01938 0
      vertex -11.6501 -1.01938 0
    endloop
  endfacet
  facet normal 0 0 -1
    outer loop
      vertex -11.7998 -2.02894 0
      vertex -11.7998 2.02894 0
      vertex -11.6501 1.01938 0
    endloop
  endfacet
  facet normal 0 0 -1
    outer loop
      vertex -12.0478 -3.01896 0
      vertex -11.7998 2.02894 0
      vertex -11.7998 -2.02894 0
    endloop
  endfacet
  facet normal 0 0 -1
    outer loop
      vertex -12.0478 -3.01896 0
      vertex -12.0478 3.01896 0
      vertex -11.7998 2.02894 0
    endloop
  endfacet
  facet normal 0 0 -1
    outer loop
      vertex -12.3917 -3.97991 0
      vertex -12.0478 3.01896 0
      vertex -12.0478 -3.01896 0
    endloop
  endfacet
  facet normal 0 0 -1
    outer loop
      vertex -12.3917 -3.97991 0
      vertex -12.3917 3.97991 0
      vertex -12.0478 3.01896 0
    endloop
  endfacet
  facet normal 0 0 -1
    outer loop
      vertex -12.828 -4.90253 0
      vertex -12.3917 3.97991 0
      vertex -12.3917 -3.97991 0
    endloop
  endfacet
  facet normal 0 0 -1
    outer loop
      vertex -12.828 -4.90253 0
      vertex -12.828 4.90253 0
      vertex -12.3917 3.97991 0
    endloop
  endfacet
  facet normal 0 0 -1
    outer loop
      vertex -13.3527 -5.77793 0
      vertex -12.828 4.90253 0
      vertex -12.828 -4.90253 0
    endloop
  endfacet
  facet normal 0 0 -1
    outer loop
      vertex -13.3527 -5.77793 0
      vertex -13.3527 5.77793 0
      vertex -12.828 4.90253 0
    endloop
  endfacet
  facet normal 0 0 -1
    outer loop
      vertex -13.9607 -6.59769 0
      vertex -13.3527 5.77793 0
      vertex -13.3527 -5.77793 0
    endloop
  endfacet
  facet normal 0 0 -1
    outer loop
      vertex -13.9607 -6.59769 0
      vertex -13.9607 6.59769 0
      vertex -13.3527 5.77793 0
    endloop
  endfacet
  facet normal 0 0 -1
    outer loop
      vertex -14.6461 -7.35391 0
      vertex -13.9607 6.59769 0
      vertex -13.9607 -6.59769 0
    endloop
  endfacet
  facet normal 0 0 -1
    outer loop
      vertex -14.6461 -7.35391 0
      vertex -14.6461 7.35391 0
      vertex -13.9607 6.59769 0
    endloop
  endfacet
  facet normal 0 0 -1
    outer loop
      vertex -15.4023 -8.03931 0
      vertex -14.6461 7.35391 0
      vertex -14.6461 -7.35391 0
    endloop
  endfacet
  facet normal 0 0 -1
    outer loop
      vertex -15.4023 -8.03931 0
      vertex -15.4023 8.03931 0
      vertex -14.6461 7.35391 0
    endloop
  endfacet
  facet normal 0 0 -1
    outer loop
      vertex -16.2221 -8.64728 0
      vertex -15.4023 8.03931 0
      vertex -15.4023 -8.03931 0
    endloop
  endfacet
  facet normal 0 0 -1
    outer loop
      vertex -16.2221 -8.64728 0
      vertex -16.2221 8.64728 0
      vertex -15.4023 8.03931 0
    endloop
  endfacet
  facet normal 0 0 -1
    outer loop
      vertex -17.0975 -9.17198 0
      vertex -16.2221 8.64728 0
      vertex -16.2221 -8.64728 0
    endloop
  endfacet
  facet normal 0 0 -1
    outer loop
      vertex -17.0975 -9.17198 0
      vertex -17.0975 9.17198 0
      vertex -16.2221 8.64728 0
    endloop
  endfacet
  facet normal 0 0 -1
    outer loop
      vertex -18.0201 -9.60835 0
      vertex -17.0975 9.17198 0
      vertex -17.0975 -9.17198 0
    endloop
  endfacet
  facet normal 0 0 -1
    outer loop
      vertex -18.0201 -9.60835 0
      vertex -18.0201 9.60835 0
      vertex -17.0975 9.17198 0
    endloop
  endfacet
  facet normal 0 0 -1
    outer loop
      vertex -18.981 -9.95218 0
      vertex -18.0201 9.60835 0
      vertex -18.0201 -9.60835 0
    endloop
  endfacet
  facet normal 0 0 -1
    outer loop
      vertex -18.981 -9.95218 0
      vertex -18.981 9.95218 0
      vertex -18.0201 9.60835 0
    endloop
  endfacet
  facet normal 0 0 -1
    outer loop
      vertex -19.9711 -10.2002 0
      vertex -18.981 9.95218 0
      vertex -18.981 -9.95218 0
    endloop
  endfacet
  facet normal 0 0 -1
    outer loop
      vertex -19.9711 -10.2002 0
      vertex -19.9711 10.2002 0
      vertex -18.981 9.95218 0
    endloop
  endfacet
  facet normal 0 0 -1
    outer loop
      vertex -20.9806 -10.3499 0
      vertex -19.9711 10.2002 0
      vertex -19.9711 -10.2002 0
    endloop
  endfacet
  facet normal 0 0 -1
    outer loop
      vertex -20.9806 -10.3499 0
      vertex -20.9806 10.3499 0
      vertex -19.9711 10.2002 0
    endloop
  endfacet
  facet normal 0 0 -1
    outer loop
      vertex -22 -10.4 0
      vertex -20.9806 10.3499 0
      vertex -20.9806 -10.3499 0
    endloop
  endfacet
  facet normal 0 0 -1
    outer loop
      vertex -22 -10.4 0
      vertex -22 10.4 0
      vertex -20.9806 10.3499 0
    endloop
  endfacet
  facet normal 0 0 -1
    outer loop
      vertex -23.0194 -10.3499 0
      vertex -22 10.4 0
      vertex -22 -10.4 0
    endloop
  endfacet
  facet normal 0 0 -1
    outer loop
      vertex -23.0194 -10.3499 0
      vertex -23.0194 10.3499 0
      vertex -22 10.4 0
    endloop
  endfacet
  facet normal 0 0 -1
    outer loop
      vertex -24.0289 -10.2002 0
      vertex -23.0194 10.3499 0
      vertex -23.0194 -10.3499 0
    endloop
  endfacet
  facet normal 0 0 -1
    outer loop
      vertex -24.0289 -10.2002 0
      vertex -24.0289 10.2002 0
      vertex -23.0194 10.3499 0
    endloop
  endfacet
  facet normal 0 0 -1
    outer loop
      vertex -25.019 -9.95218 0
      vertex -24.0289 10.2002 0
      vertex -24.0289 -10.2002 0
    endloop
  endfacet
  facet normal 0 0 -1
    outer loop
      vertex -25.019 -9.95218 0
      vertex -25.019 9.95218 0
      vertex -24.0289 10.2002 0
    endloop
  endfacet
  facet normal 0 0 -1
    outer loop
      vertex -25.9799 -9.60835 0
      vertex -25.019 9.95218 0
      vertex -25.019 -9.95218 0
    endloop
  endfacet
  facet normal 0 0 -1
    outer loop
      vertex -25.9799 -9.60835 0
      vertex -25.9799 9.60835 0
      vertex -25.019 9.95218 0
    endloop
  endfacet
  facet normal 0 0 -1
    outer loop
      vertex -26.9025 -9.17198 0
      vertex -25.9799 9.60835 0
      vertex -25.9799 -9.60835 0
    endloop
  endfacet
  facet normal 0 0 -1
    outer loop
      vertex -26.9025 -9.17198 0
      vertex -26.9025 9.17198 0
      vertex -25.9799 9.60835 0
    endloop
  endfacet
  facet normal 0 0 -1
    outer loop
      vertex -27.7779 -8.64728 0
      vertex -26.9025 9.17198 0
      vertex -26.9025 -9.17198 0
    endloop
  endfacet
  facet normal 0 0 -1
    outer loop
      vertex -27.7779 -8.64728 0
      vertex -27.7779 8.64728 0
      vertex -26.9025 9.17198 0
    endloop
  endfacet
  facet normal 0 0 -1
    outer loop
      vertex -28.5977 -8.03931 0
      vertex -27.7779 8.64728 0
      vertex -27.7779 -8.64728 0
    endloop
  endfacet
  facet normal 0 0 -1
    outer loop
      vertex -28.5977 -8.03931 0
      vertex -28.5977 8.03931 0
      vertex -27.7779 8.64728 0
    endloop
  endfacet
  facet normal 0 0 -1
    outer loop
      vertex -29.3539 -7.35391 0
      vertex -28.5977 8.03931 0
      vertex -28.5977 -8.03931 0
    endloop
  endfacet
  facet normal 0 0 -1
    outer loop
      vertex -29.3539 -7.35391 0
      vertex -29.3539 7.35391 0
      vertex -28.5977 8.03931 0
    endloop
  endfacet
  facet normal 0 0 -1
    outer loop
      vertex -30.0393 -6.59769 0
      vertex -29.3539 7.35391 0
      vertex -29.3539 -7.35391 0
    endloop
  endfacet
  facet normal 0 0 -1
    outer loop
      vertex -30.0393 -6.59769 0
      vertex -30.0393 6.59769 0
      vertex -29.3539 7.35391 0
    endloop
  endfacet
  facet normal 0 0 -1
    outer loop
      vertex -30.6473 -5.77793 0
      vertex -30.0393 6.59769 0
      vertex -30.0393 -6.59769 0
    endloop
  endfacet
  facet normal 0 0 -1
    outer loop
      vertex -30.6473 -5.77793 0
      vertex -30.6473 5.77793 0
      vertex -30.0393 6.59769 0
    endloop
  endfacet
  facet normal 0 0 -1
    outer loop
      vertex -31.172 -4.90253 0
      vertex -30.6473 5.77793 0
      vertex -30.6473 -5.77793 0
    endloop
  endfacet
  facet normal 0 0 -1
    outer loop
      vertex -31.172 -4.90253 0
      vertex -31.172 4.90253 0
      vertex -30.6473 5.77793 0
    endloop
  endfacet
  facet normal 0 0 -1
    outer loop
      vertex -31.6083 -3.97991 0
      vertex -31.172 4.90253 0
      vertex -31.172 -4.90253 0
    endloop
  endfacet
  facet normal 0 0 -1
    outer loop
      vertex -31.6083 -3.97991 0
      vertex -31.6083 3.97991 0
      vertex -31.172 4.90253 0
    endloop
  endfacet
  facet normal 0 0 -1
    outer loop
      vertex -31.9522 -3.01896 0
      vertex -31.6083 3.97991 0
      vertex -31.6083 -3.97991 0
    endloop
  endfacet
  facet normal 0 0 -1
    outer loop
      vertex -31.9522 -3.01896 0
      vertex -31.9522 3.01896 0
      vertex -31.6083 3.97991 0
    endloop
  endfacet
  facet normal 0 0 -1
    outer loop
      vertex -32.2002 -2.02894 0
      vertex -31.9522 3.01896 0
      vertex -31.9522 -3.01896 0
    endloop
  endfacet
  facet normal 0 0 -1
    outer loop
      vertex -32.2002 -2.02894 0
      vertex -32.2002 2.02894 0
      vertex -31.9522 3.01896 0
    endloop
  endfacet
  facet normal 0 0 -1
    outer loop
      vertex -32.3499 -1.01938 0
      vertex -32.2002 2.02894 0
      vertex -32.2002 -2.02894 0
    endloop
  endfacet
  facet normal 0 0 -1
    outer loop
      vertex -32.3499 -1.01938 0
      vertex -32.3499 1.01938 0
      vertex -32.2002 2.02894 0
    endloop
  endfacet
  facet normal 0 -0 -1
    outer loop
      vertex -32.3499 1.01938 0
      vertex -32.3499 -1.01938 0
      vertex -32.4 0 0
    endloop
  endfacet
  facet normal -0.741015 -0.671488 0
    outer loop
      vertex -49.182 30.318 0
      vertex -49.4785 30.6452 3
      vertex -49.4785 30.6452 0
    endloop
  endfacet
  facet normal -0.741015 -0.671488 0
    outer loop
      vertex -49.4785 30.6452 3
      vertex -49.182 30.318 0
      vertex -49.182 30.318 3
    endloop
  endfacet
  facet normal -0.998792 -0.0491358 0
    outer loop
      vertex -50.4783 33.0589 0
      vertex -50.5 33.5 3
      vertex -50.5 33.5 0
    endloop
  endfacet
  facet normal -0.998792 -0.0491358 0
    outer loop
      vertex -50.5 33.5 3
      vertex -50.4783 33.0589 0
      vertex -50.4783 33.0589 3
    endloop
  endfacet
  facet normal -0.970036 -0.242962 0
    outer loop
      vertex -50.3062 32.1937 0
      vertex -50.4135 32.6221 3
      vertex -50.4135 32.6221 0
    endloop
  endfacet
  facet normal -0.970036 -0.242962 0
    outer loop
      vertex -50.4135 32.6221 3
      vertex -50.3062 32.1937 0
      vertex -50.3062 32.1937 3
    endloop
  endfacet
  facet normal 0 0 1
    outer loop
      vertex 49.2 33.5 3
      vertex 50.5 33.5 3
      vertex 50.4783 33.9411 3
    endloop
  endfacet
  facet normal 0 0 1
    outer loop
      vertex 49.1846 33.8137 3
      vertex 50.4783 33.9411 3
      vertex 50.4135 34.3779 3
    endloop
  endfacet
  facet normal 0 0 1
    outer loop
      vertex 50.5 33.5 3
      vertex 49.2 33.5 3
      vertex 50.4783 33.0589 3
    endloop
  endfacet
  facet normal 0 0 1
    outer loop
      vertex 49.1385 34.1243 3
      vertex 50.4135 34.3779 3
      vertex 50.3062 34.8063 3
    endloop
  endfacet
  facet normal -0 0 1
    outer loop
      vertex 49.1846 33.1863 3
      vertex 50.4783 33.0589 3
      vertex 49.2 33.5 3
    endloop
  endfacet
  facet normal 0 0 1
    outer loop
      vertex 49.0622 34.4289 3
      vertex 50.3062 34.8063 3
      vertex 50.1575 35.2221 3
    endloop
  endfacet
  facet normal 0 0 1
    outer loop
      vertex 50.4783 33.0589 3
      vertex 49.1846 33.1863 3
      vertex 50.4135 32.6221 3
    endloop
  endfacet
  facet normal 0 0 1
    outer loop
      vertex 48.9564 34.7246 3
      vertex 50.1575 35.2221 3
      vertex 49.9686 35.6213 3
    endloop
  endfacet
  facet normal -0 0 1
    outer loop
      vertex 49.1385 32.8757 3
      vertex 50.4135 32.6221 3
      vertex 49.1846 33.1863 3
    endloop
  endfacet
  facet normal 0 0 1
    outer loop
      vertex 48.8221 35.0085 3
      vertex 49.9686 35.6213 3
      vertex 49.7416 36.0001 3
    endloop
  endfacet
  facet normal 0 0 1
    outer loop
      vertex 50.4135 32.6221 3
      vertex 49.1385 32.8757 3
      vertex 50.3062 32.1937 3
    endloop
  endfacet
  facet normal 0 0 1
    outer loop
      vertex 48.6607 35.2778 3
      vertex 49.7416 36.0001 3
      vertex 49.4785 36.3548 3
    endloop
  endfacet
  facet normal -0 0 1
    outer loop
      vertex 49.0622 32.5711 3
      vertex 50.3062 32.1937 3
      vertex 49.1385 32.8757 3
    endloop
  endfacet
  facet normal 0 0 1
    outer loop
      vertex 50.3062 32.1937 3
      vertex 49.0622 32.5711 3
      vertex 50.1575 31.7779 3
    endloop
  endfacet
  facet normal 0 0 1
    outer loop
      vertex 50.4783 33.9411 3
      vertex 49.1846 33.8137 3
      vertex 49.2 33.5 3
    endloop
  endfacet
  facet normal 0 0 1
    outer loop
      vertex 48.4736 35.5301 3
      vertex 49.4785 36.3548 3
      vertex 49.182 36.682 3
    endloop
  endfacet
  facet normal 0 0 1
    outer loop
      vertex 50.4135 34.3779 3
      vertex 49.1385 34.1243 3
      vertex 49.1846 33.8137 3
    endloop
  endfacet
  facet normal 0 0 1
    outer loop
      vertex 50.3062 34.8063 3
      vertex 49.0622 34.4289 3
      vertex 49.1385 34.1243 3
    endloop
  endfacet
  facet normal 0 0 1
    outer loop
      vertex 50.1575 35.2221 3
      vertex 48.9564 34.7246 3
      vertex 49.0622 34.4289 3
    endloop
  endfacet
  facet normal 0 0 1
    outer loop
      vertex 48.2627 35.7627 3
      vertex 49.182 36.682 3
      vertex 48.8548 36.9785 3
    endloop
  endfacet
  facet normal 0 0 1
    outer loop
      vertex 49.9686 35.6213 3
      vertex 48.8221 35.0085 3
      vertex 48.9564 34.7246 3
    endloop
  endfacet
  facet normal 0 0 1
    outer loop
      vertex 49.7416 36.0001 3
      vertex 48.6607 35.2778 3
      vertex 48.8221 35.0085 3
    endloop
  endfacet
  facet normal 0 0 1
    outer loop
      vertex 48.0301 35.9736 3
      vertex 48.8548 36.9785 3
      vertex 48.5001 37.2416 3
    endloop
  endfacet
  facet normal 0 0 1
    outer loop
      vertex 49.4785 36.3548 3
      vertex 48.4736 35.5301 3
      vertex 48.6607 35.2778 3
    endloop
  endfacet
  facet normal 0 0 1
    outer loop
      vertex 49.182 36.682 3
      vertex 48.2627 35.7627 3
      vertex 48.4736 35.5301 3
    endloop
  endfacet
  facet normal 0 0 1
    outer loop
      vertex 47.7778 36.1607 3
      vertex 48.5001 37.2416 3
      vertex 48.1213 37.4686 3
    endloop
  endfacet
  facet normal 0 0 1
    outer loop
      vertex 48.8548 36.9785 3
      vertex 48.0301 35.9736 3
      vertex 48.2627 35.7627 3
    endloop
  endfacet
  facet normal 0 0 1
    outer loop
      vertex 48.5001 37.2416 3
      vertex 47.7778 36.1607 3
      vertex 48.0301 35.9736 3
    endloop
  endfacet
  facet normal 0 0 1
    outer loop
      vertex 47.5085 36.3221 3
      vertex 48.1213 37.4686 3
      vertex 47.7221 37.6575 3
    endloop
  endfacet
  facet normal 0 0 1
    outer loop
      vertex 48.1213 37.4686 3
      vertex 47.5085 36.3221 3
      vertex 47.7778 36.1607 3
    endloop
  endfacet
  facet normal 0 0 1
    outer loop
      vertex 47.2246 36.4564 3
      vertex 47.7221 37.6575 3
      vertex 47.3063 37.8062 3
    endloop
  endfacet
  facet normal 0 0 1
    outer loop
      vertex 47.7221 37.6575 3
      vertex 47.2246 36.4564 3
      vertex 47.5085 36.3221 3
    endloop
  endfacet
  facet normal 0 0 1
    outer loop
      vertex 47.3063 37.8062 3
      vertex 46.9289 36.5622 3
      vertex 47.2246 36.4564 3
    endloop
  endfacet
  facet normal 0 0 1
    outer loop
      vertex 46.8779 37.9135 3
      vertex 46.9289 36.5622 3
      vertex 47.3063 37.8062 3
    endloop
  endfacet
  facet normal 0 0 1
    outer loop
      vertex 46.8779 37.9135 3
      vertex 46.6243 36.6385 3
      vertex 46.9289 36.5622 3
    endloop
  endfacet
  facet normal 0 0 1
    outer loop
      vertex 46.4411 37.9783 3
      vertex 46.6243 36.6385 3
      vertex 46.8779 37.9135 3
    endloop
  endfacet
  facet normal 0 0 1
    outer loop
      vertex 46.4411 37.9783 3
      vertex 46.3137 36.6846 3
      vertex 46.6243 36.6385 3
    endloop
  endfacet
  facet normal 0 0 1
    outer loop
      vertex 46 38 3
      vertex 46.3137 36.6846 3
      vertex 46.4411 37.9783 3
    endloop
  endfacet
  facet normal 0 0 1
    outer loop
      vertex 46 38 3
      vertex 46 36.7 3
      vertex 46.3137 36.6846 3
    endloop
  endfacet
  facet normal 0 0 1
    outer loop
      vertex 46 38 3
      vertex 45.6863 36.6846 3
      vertex 46 36.7 3
    endloop
  endfacet
  facet normal -0 0 1
    outer loop
      vertex 45.5589 37.9783 3
      vertex 45.6863 36.6846 3
      vertex 46 38 3
    endloop
  endfacet
  facet normal 0 0 1
    outer loop
      vertex 45.5589 37.9783 3
      vertex 45.3757 36.6385 3
      vertex 45.6863 36.6846 3
    endloop
  endfacet
  facet normal -0 0 1
    outer loop
      vertex 45.1221 37.9135 3
      vertex 45.3757 36.6385 3
      vertex 45.5589 37.9783 3
    endloop
  endfacet
  facet normal 0 0 1
    outer loop
      vertex 45.1221 37.9135 3
      vertex 45.0711 36.5622 3
      vertex 45.3757 36.6385 3
    endloop
  endfacet
  facet normal -0 0 1
    outer loop
      vertex 44.6937 37.8062 3
      vertex 45.0711 36.5622 3
      vertex 45.1221 37.9135 3
    endloop
  endfacet
  facet normal 0 0 1
    outer loop
      vertex 45.0711 36.5622 3
      vertex 44.6937 37.8062 3
      vertex 44.7754 36.4564 3
    endloop
  endfacet
  facet normal -0 0 1
    outer loop
      vertex 44.2779 37.6575 3
      vertex 44.7754 36.4564 3
      vertex 44.6937 37.8062 3
    endloop
  endfacet
  facet normal 0 0 1
    outer loop
      vertex 44.7754 36.4564 3
      vertex 44.2779 37.6575 3
      vertex 44.4915 36.3221 3
    endloop
  endfacet
  facet normal -0 0 1
    outer loop
      vertex 43.8787 37.4686 3
      vertex 44.4915 36.3221 3
      vertex 44.2779 37.6575 3
    endloop
  endfacet
  facet normal 0 0 1
    outer loop
      vertex 44.4915 36.3221 3
      vertex 43.8787 37.4686 3
      vertex 44.2222 36.1607 3
    endloop
  endfacet
  facet normal -0 0 1
    outer loop
      vertex 43.4999 37.2416 3
      vertex 44.2222 36.1607 3
      vertex 43.8787 37.4686 3
    endloop
  endfacet
  facet normal 0 0 1
    outer loop
      vertex 44.2222 36.1607 3
      vertex 43.4999 37.2416 3
      vertex 43.9699 35.9736 3
    endloop
  endfacet
  facet normal -0 0 1
    outer loop
      vertex 43.1452 36.9785 3
      vertex 43.9699 35.9736 3
      vertex 43.4999 37.2416 3
    endloop
  endfacet
  facet normal 0 0 1
    outer loop
      vertex 43.9699 35.9736 3
      vertex 43.1452 36.9785 3
      vertex 43.7373 35.7627 3
    endloop
  endfacet
  facet normal -0 0 1
    outer loop
      vertex 42.818 36.682 3
      vertex 43.7373 35.7627 3
      vertex 43.1452 36.9785 3
    endloop
  endfacet
  facet normal 0 0 1
    outer loop
      vertex 43.7373 35.7627 3
      vertex 42.818 36.682 3
      vertex 43.5264 35.5301 3
    endloop
  endfacet
  facet normal 0 0 1
    outer loop
      vertex 43.5264 35.5301 3
      vertex 42.818 36.682 3
      vertex 43.3393 35.2778 3
    endloop
  endfacet
  facet normal 0 0 1
    outer loop
      vertex 43.3393 35.2778 3
      vertex 42.818 36.682 3
      vertex 43.1779 35.0085 3
    endloop
  endfacet
  facet normal 0 0 1
    outer loop
      vertex 43.1779 35.0085 3
      vertex 42.818 36.682 3
      vertex 43.0436 34.7246 3
    endloop
  endfacet
  facet normal 0 0 1
    outer loop
      vertex 43.0436 34.7246 3
      vertex 42.818 36.682 3
      vertex 42.9378 34.4289 3
    endloop
  endfacet
  facet normal 0 0 1
    outer loop
      vertex 42.9378 34.4289 3
      vertex 42.818 36.682 3
      vertex 42.8615 34.1243 3
    endloop
  endfacet
  facet normal 0 0 1
    outer loop
      vertex 35.7496 29 3
      vertex 42.8615 34.1243 3
      vertex 42.818 36.682 3
    endloop
  endfacet
  facet normal 0 0 1
    outer loop
      vertex 42.8615 34.1243 3
      vertex 35.7496 29 3
      vertex 42.8154 33.8137 3
    endloop
  endfacet
  facet normal 0 0 1
    outer loop
      vertex 42.8154 33.8137 3
      vertex 35.7496 29 3
      vertex 42.8 33.5 3
    endloop
  endfacet
  facet normal 0 0 1
    outer loop
      vertex 33.2713 20.7713 3
      vertex 41.5 23.2496 3
      vertex 35.7496 29 3
    endloop
  endfacet
  facet normal 0 0 1
    outer loop
      vertex 42.8 33.5 3
      vertex 35.7496 29 3
      vertex 41.5 23.2496 3
    endloop
  endfacet
  facet normal -0 0 1
    outer loop
      vertex 48.9564 32.2754 3
      vertex 50.1575 31.7779 3
      vertex 49.0622 32.5711 3
    endloop
  endfacet
  facet normal 0 0 1
    outer loop
      vertex 50.1575 31.7779 3
      vertex 48.9564 32.2754 3
      vertex 49.9686 31.3787 3
    endloop
  endfacet
  facet normal -0 0 1
    outer loop
      vertex 48.8221 31.9915 3
      vertex 49.9686 31.3787 3
      vertex 48.9564 32.2754 3
    endloop
  endfacet
  facet normal 0 0 1
    outer loop
      vertex 49.9686 31.3787 3
      vertex 48.8221 31.9915 3
      vertex 49.7416 30.9999 3
    endloop
  endfacet
  facet normal -0 0 1
    outer loop
      vertex 48.6607 31.7222 3
      vertex 49.7416 30.9999 3
      vertex 48.8221 31.9915 3
    endloop
  endfacet
  facet normal 0 0 1
    outer loop
      vertex 49.7416 30.9999 3
      vertex 48.6607 31.7222 3
      vertex 49.4785 30.6452 3
    endloop
  endfacet
  facet normal -0 0 1
    outer loop
      vertex 48.4736 31.4699 3
      vertex 49.4785 30.6452 3
      vertex 48.6607 31.7222 3
    endloop
  endfacet
  facet normal 0 0 1
    outer loop
      vertex 49.4785 30.6452 3
      vertex 48.4736 31.4699 3
      vertex 49.182 30.318 3
    endloop
  endfacet
  facet normal -0 0 1
    outer loop
      vertex 48.2627 31.2373 3
      vertex 49.182 30.318 3
      vertex 48.4736 31.4699 3
    endloop
  endfacet
  facet normal -0 0 1
    outer loop
      vertex 48.0301 31.0264 3
      vertex 49.182 30.318 3
      vertex 48.2627 31.2373 3
    endloop
  endfacet
  facet normal -0 0 1
    outer loop
      vertex 47.7778 30.8393 3
      vertex 49.182 30.318 3
      vertex 48.0301 31.0264 3
    endloop
  endfacet
  facet normal -0 0 1
    outer loop
      vertex 47.5085 30.6779 3
      vertex 49.182 30.318 3
      vertex 47.7778 30.8393 3
    endloop
  endfacet
  facet normal -0 0 1
    outer loop
      vertex 47.2246 30.5436 3
      vertex 49.182 30.318 3
      vertex 47.5085 30.6779 3
    endloop
  endfacet
  facet normal -0 0 1
    outer loop
      vertex 46.9289 30.4378 3
      vertex 49.182 30.318 3
      vertex 47.2246 30.5436 3
    endloop
  endfacet
  facet normal -0 0 1
    outer loop
      vertex 46.6243 30.3615 3
      vertex 49.182 30.318 3
      vertex 46.9289 30.4378 3
    endloop
  endfacet
  facet normal 0 0 1
    outer loop
      vertex 41.5 23.2496 3
      vertex 46.6243 30.3615 3
      vertex 46.3137 30.3154 3
    endloop
  endfacet
  facet normal 0 0 1
    outer loop
      vertex 41.5 23.2496 3
      vertex 46.3137 30.3154 3
      vertex 46 30.3 3
    endloop
  endfacet
  facet normal 0 0 1
    outer loop
      vertex 46.6243 30.3615 3
      vertex 41.5 23.2496 3
      vertex 49.182 30.318 3
    endloop
  endfacet
  facet normal 0 0 1
    outer loop
      vertex 45.6863 30.3154 3
      vertex 41.5 23.2496 3
      vertex 46 30.3 3
    endloop
  endfacet
  facet normal 0 0 1
    outer loop
      vertex 45.3757 30.3615 3
      vertex 41.5 23.2496 3
      vertex 45.6863 30.3154 3
    endloop
  endfacet
  facet normal 0 0 1
    outer loop
      vertex 45.0711 30.4378 3
      vertex 41.5 23.2496 3
      vertex 45.3757 30.3615 3
    endloop
  endfacet
  facet normal 0 0 1
    outer loop
      vertex 44.7754 30.5436 3
      vertex 41.5 23.2496 3
      vertex 45.0711 30.4378 3
    endloop
  endfacet
  facet normal 0 0 1
    outer loop
      vertex 44.4915 30.6779 3
      vertex 41.5 23.2496 3
      vertex 44.7754 30.5436 3
    endloop
  endfacet
  facet normal 0 0 1
    outer loop
      vertex 44.2222 30.8393 3
      vertex 41.5 23.2496 3
      vertex 44.4915 30.6779 3
    endloop
  endfacet
  facet normal 0 0 1
    outer loop
      vertex 43.9699 31.0264 3
      vertex 41.5 23.2496 3
      vertex 44.2222 30.8393 3
    endloop
  endfacet
  facet normal 0 0 1
    outer loop
      vertex 43.7373 31.2373 3
      vertex 41.5 23.2496 3
      vertex 43.9699 31.0264 3
    endloop
  endfacet
  facet normal 0 0 1
    outer loop
      vertex 43.5264 31.4699 3
      vertex 41.5 23.2496 3
      vertex 43.7373 31.2373 3
    endloop
  endfacet
  facet normal 0 0 1
    outer loop
      vertex 43.3393 31.7222 3
      vertex 41.5 23.2496 3
      vertex 43.5264 31.4699 3
    endloop
  endfacet
  facet normal 0 0 1
    outer loop
      vertex 43.1779 31.9915 3
      vertex 41.5 23.2496 3
      vertex 43.3393 31.7222 3
    endloop
  endfacet
  facet normal 0 0 1
    outer loop
      vertex 43.0436 32.2754 3
      vertex 41.5 23.2496 3
      vertex 43.1779 31.9915 3
    endloop
  endfacet
  facet normal 0 0 1
    outer loop
      vertex 42.9378 32.5711 3
      vertex 41.5 23.2496 3
      vertex 43.0436 32.2754 3
    endloop
  endfacet
  facet normal 0 0 1
    outer loop
      vertex 42.8615 32.8757 3
      vertex 41.5 23.2496 3
      vertex 42.9378 32.5711 3
    endloop
  endfacet
  facet normal 0 0 1
    outer loop
      vertex 42.8154 33.1863 3
      vertex 41.5 23.2496 3
      vertex 42.8615 32.8757 3
    endloop
  endfacet
  facet normal 0 0 1
    outer loop
      vertex 41.5 23.2496 3
      vertex 42.8154 33.1863 3
      vertex 42.8 33.5 3
    endloop
  endfacet
  facet normal 0 0 1
    outer loop
      vertex -35.7496 -29 3
      vertex -42.8154 -33.1863 3
      vertex -42.8 -33.5 3
    endloop
  endfacet
  facet normal 0 0 1
    outer loop
      vertex -35.7496 -29 3
      vertex -42.8615 -32.8757 3
      vertex -42.8154 -33.1863 3
    endloop
  endfacet
  facet normal 0 0 1
    outer loop
      vertex -35.7496 -29 3
      vertex -42.9378 -32.5711 3
      vertex -42.8615 -32.8757 3
    endloop
  endfacet
  facet normal 0 0 1
    outer loop
      vertex -35.7496 -29 3
      vertex -43.0436 -32.2754 3
      vertex -42.9378 -32.5711 3
    endloop
  endfacet
  facet normal 0 0 1
    outer loop
      vertex -35.7496 -29 3
      vertex -43.1779 -31.9915 3
      vertex -43.0436 -32.2754 3
    endloop
  endfacet
  facet normal 0 0 1
    outer loop
      vertex -35.7496 -29 3
      vertex -43.3393 -31.7222 3
      vertex -43.1779 -31.9915 3
    endloop
  endfacet
  facet normal 0 0 1
    outer loop
      vertex -35.7496 -29 3
      vertex -43.5264 -31.4699 3
      vertex -43.3393 -31.7222 3
    endloop
  endfacet
  facet normal 0 0 1
    outer loop
      vertex -35.7496 -29 3
      vertex -43.7373 -31.2373 3
      vertex -43.5264 -31.4699 3
    endloop
  endfacet
  facet normal 0 0 1
    outer loop
      vertex -41.5 -23.2496 3
      vertex -43.9699 -31.0264 3
      vertex -43.7373 -31.2373 3
    endloop
  endfacet
  facet normal 0 0 1
    outer loop
      vertex -41.5 -23.2496 3
      vertex -44.2222 -30.8393 3
      vertex -43.9699 -31.0264 3
    endloop
  endfacet
  facet normal 0 0 1
    outer loop
      vertex -41.5 -23.2496 3
      vertex -44.4915 -30.6779 3
      vertex -44.2222 -30.8393 3
    endloop
  endfacet
  facet normal 0 0 1
    outer loop
      vertex -41.5 -23.2496 3
      vertex -44.7754 -30.5436 3
      vertex -44.4915 -30.6779 3
    endloop
  endfacet
  facet normal 0 0 1
    outer loop
      vertex -41.5 -23.2496 3
      vertex -45.0711 -30.4378 3
      vertex -44.7754 -30.5436 3
    endloop
  endfacet
  facet normal 0 0 1
    outer loop
      vertex -41.5 -23.2496 3
      vertex -45.3757 -30.3615 3
      vertex -45.0711 -30.4378 3
    endloop
  endfacet
  facet normal 0 0 1
    outer loop
      vertex -41.5 -23.2496 3
      vertex -45.6863 -30.3154 3
      vertex -45.3757 -30.3615 3
    endloop
  endfacet
  facet normal 0 0 1
    outer loop
      vertex -41.5 -23.2496 3
      vertex -46 -30.3 3
      vertex -45.6863 -30.3154 3
    endloop
  endfacet
  facet normal 0 0 1
    outer loop
      vertex -41.5 -23.2496 3
      vertex -46.3137 -30.3154 3
      vertex -46 -30.3 3
    endloop
  endfacet
  facet normal 0 0 1
    outer loop
      vertex -41.5 -23.2496 3
      vertex -46.6243 -30.3615 3
      vertex -46.3137 -30.3154 3
    endloop
  endfacet
  facet normal -0 0 1
    outer loop
      vertex -49.182 -30.318 3
      vertex -46.6243 -30.3615 3
      vertex -41.5 -23.2496 3
    endloop
  endfacet
  facet normal 0 0 1
    outer loop
      vertex -46.6243 -30.3615 3
      vertex -49.182 -30.318 3
      vertex -46.9289 -30.4378 3
    endloop
  endfacet
  facet normal 0 0 1
    outer loop
      vertex -46.9289 -30.4378 3
      vertex -49.182 -30.318 3
      vertex -47.2246 -30.5436 3
    endloop
  endfacet
  facet normal 0 0 1
    outer loop
      vertex -47.2246 -30.5436 3
      vertex -49.182 -30.318 3
      vertex -47.5085 -30.6779 3
    endloop
  endfacet
  facet normal 0 0 1
    outer loop
      vertex -47.5085 -30.6779 3
      vertex -49.182 -30.318 3
      vertex -47.7778 -30.8393 3
    endloop
  endfacet
  facet normal 0 0 1
    outer loop
      vertex -47.7778 -30.8393 3
      vertex -49.182 -30.318 3
      vertex -48.0301 -31.0264 3
    endloop
  endfacet
  facet normal 0 0 1
    outer loop
      vertex -48.0301 -31.0264 3
      vertex -49.182 -30.318 3
      vertex -48.2627 -31.2373 3
    endloop
  endfacet
  facet normal 0 0 1
    outer loop
      vertex -48.2627 -31.2373 3
      vertex -49.182 -30.318 3
      vertex -48.4736 -31.4699 3
    endloop
  endfacet
  facet normal -0 0 1
    outer loop
      vertex -49.4785 -30.6452 3
      vertex -48.4736 -31.4699 3
      vertex -49.182 -30.318 3
    endloop
  endfacet
  facet normal 0 0 1
    outer loop
      vertex -48.4736 -31.4699 3
      vertex -49.4785 -30.6452 3
      vertex -48.6607 -31.7222 3
    endloop
  endfacet
  facet normal -0 0 1
    outer loop
      vertex -49.7416 -30.9999 3
      vertex -48.6607 -31.7222 3
      vertex -49.4785 -30.6452 3
    endloop
  endfacet
  facet normal 0 0 1
    outer loop
      vertex -48.6607 -31.7222 3
      vertex -49.7416 -30.9999 3
      vertex -48.8221 -31.9915 3
    endloop
  endfacet
  facet normal -0 0 1
    outer loop
      vertex -49.9686 -31.3787 3
      vertex -48.8221 -31.9915 3
      vertex -49.7416 -30.9999 3
    endloop
  endfacet
  facet normal 0 0 1
    outer loop
      vertex -48.8221 -31.9915 3
      vertex -49.9686 -31.3787 3
      vertex -48.9564 -32.2754 3
    endloop
  endfacet
  facet normal -0 0 1
    outer loop
      vertex -50.1575 -31.7779 3
      vertex -48.9564 -32.2754 3
      vertex -49.9686 -31.3787 3
    endloop
  endfacet
  facet normal 0 0 1
    outer loop
      vertex -48.9564 -32.2754 3
      vertex -50.1575 -31.7779 3
      vertex -49.0622 -32.5711 3
    endloop
  endfacet
  facet normal 0 0 1
    outer loop
      vertex -33.2713 -20.7713 3
      vertex -41.5 -23.2496 3
      vertex -35.7496 -29 3
    endloop
  endfacet
  facet normal 0 0 1
    outer loop
      vertex -43.7373 -31.2373 3
      vertex -35.7496 -29 3
      vertex -41.5 -23.2496 3
    endloop
  endfacet
  facet normal 0 0 1
    outer loop
      vertex -42.8154 -33.8137 3
      vertex -35.7496 -29 3
      vertex -42.8 -33.5 3
    endloop
  endfacet
  facet normal 0 0 1
    outer loop
      vertex -42.8615 -34.1243 3
      vertex -35.7496 -29 3
      vertex -42.8154 -33.8137 3
    endloop
  endfacet
  facet normal 0 0 1
    outer loop
      vertex -35.7496 -29 3
      vertex -42.8615 -34.1243 3
      vertex -42.818 -36.682 3
    endloop
  endfacet
  facet normal -0 0 1
    outer loop
      vertex -42.9378 -34.4289 3
      vertex -42.818 -36.682 3
      vertex -42.8615 -34.1243 3
    endloop
  endfacet
  facet normal -0 0 1
    outer loop
      vertex -43.0436 -34.7246 3
      vertex -42.818 -36.682 3
      vertex -42.9378 -34.4289 3
    endloop
  endfacet
  facet normal -0 0 1
    outer loop
      vertex -43.1779 -35.0085 3
      vertex -42.818 -36.682 3
      vertex -43.0436 -34.7246 3
    endloop
  endfacet
  facet normal -0 0 1
    outer loop
      vertex -43.3393 -35.2778 3
      vertex -42.818 -36.682 3
      vertex -43.1779 -35.0085 3
    endloop
  endfacet
  facet normal -0 0 1
    outer loop
      vertex -43.5264 -35.5301 3
      vertex -42.818 -36.682 3
      vertex -43.3393 -35.2778 3
    endloop
  endfacet
  facet normal -0 0 1
    outer loop
      vertex -43.7373 -35.7627 3
      vertex -42.818 -36.682 3
      vertex -43.5264 -35.5301 3
    endloop
  endfacet
  facet normal 0 0 1
    outer loop
      vertex -42.818 -36.682 3
      vertex -43.7373 -35.7627 3
      vertex -43.1452 -36.9785 3
    endloop
  endfacet
  facet normal -0 0 1
    outer loop
      vertex -43.9699 -35.9736 3
      vertex -43.1452 -36.9785 3
      vertex -43.7373 -35.7627 3
    endloop
  endfacet
  facet normal 0 0 1
    outer loop
      vertex -43.1452 -36.9785 3
      vertex -43.9699 -35.9736 3
      vertex -43.4999 -37.2416 3
    endloop
  endfacet
  facet normal -0 0 1
    outer loop
      vertex -44.2222 -36.1607 3
      vertex -43.4999 -37.2416 3
      vertex -43.9699 -35.9736 3
    endloop
  endfacet
  facet normal 0 0 1
    outer loop
      vertex -43.4999 -37.2416 3
      vertex -44.2222 -36.1607 3
      vertex -43.8787 -37.4686 3
    endloop
  endfacet
  facet normal -0 0 1
    outer loop
      vertex -44.4915 -36.3221 3
      vertex -43.8787 -37.4686 3
      vertex -44.2222 -36.1607 3
    endloop
  endfacet
  facet normal 0 0 1
    outer loop
      vertex -43.8787 -37.4686 3
      vertex -44.4915 -36.3221 3
      vertex -44.2779 -37.6575 3
    endloop
  endfacet
  facet normal -0 0 1
    outer loop
      vertex -44.7754 -36.4564 3
      vertex -44.2779 -37.6575 3
      vertex -44.4915 -36.3221 3
    endloop
  endfacet
  facet normal 0 0 1
    outer loop
      vertex -44.2779 -37.6575 3
      vertex -44.7754 -36.4564 3
      vertex -44.6937 -37.8062 3
    endloop
  endfacet
  facet normal -0 0 1
    outer loop
      vertex -45.0711 -36.5622 3
      vertex -44.6937 -37.8062 3
      vertex -44.7754 -36.4564 3
    endloop
  endfacet
  facet normal 0 0 1
    outer loop
      vertex -45.0711 -36.5622 3
      vertex -45.1221 -37.9135 3
      vertex -44.6937 -37.8062 3
    endloop
  endfacet
  facet normal -0 0 1
    outer loop
      vertex -45.3757 -36.6385 3
      vertex -45.1221 -37.9135 3
      vertex -45.0711 -36.5622 3
    endloop
  endfacet
  facet normal 0 0 1
    outer loop
      vertex -45.3757 -36.6385 3
      vertex -45.5589 -37.9783 3
      vertex -45.1221 -37.9135 3
    endloop
  endfacet
  facet normal -0 0 1
    outer loop
      vertex -45.6863 -36.6846 3
      vertex -45.5589 -37.9783 3
      vertex -45.3757 -36.6385 3
    endloop
  endfacet
  facet normal -0 0 1
    outer loop
      vertex -46 -36.7 3
      vertex -45.5589 -37.9783 3
      vertex -45.6863 -36.6846 3
    endloop
  endfacet
  facet normal 0 0 1
    outer loop
      vertex -46 -36.7 3
      vertex -46 -38 3
      vertex -45.5589 -37.9783 3
    endloop
  endfacet
  facet normal 0 0 1
    outer loop
      vertex -46.3137 -36.6846 3
      vertex -46 -38 3
      vertex -46 -36.7 3
    endloop
  endfacet
  facet normal 0 0 1
    outer loop
      vertex -46.3137 -36.6846 3
      vertex -46.4411 -37.9783 3
      vertex -46 -38 3
    endloop
  endfacet
  facet normal 0 0 1
    outer loop
      vertex -46.6243 -36.6385 3
      vertex -46.4411 -37.9783 3
      vertex -46.3137 -36.6846 3
    endloop
  endfacet
  facet normal 0 0 1
    outer loop
      vertex -46.6243 -36.6385 3
      vertex -46.8779 -37.9135 3
      vertex -46.4411 -37.9783 3
    endloop
  endfacet
  facet normal 0 0 1
    outer loop
      vertex -46.9289 -36.5622 3
      vertex -46.8779 -37.9135 3
      vertex -46.6243 -36.6385 3
    endloop
  endfacet
  facet normal 0 0 1
    outer loop
      vertex -47.3063 -37.8062 3
      vertex -46.9289 -36.5622 3
      vertex -47.2246 -36.4564 3
    endloop
  endfacet
  facet normal 0 0 1
    outer loop
      vertex -46.9289 -36.5622 3
      vertex -47.3063 -37.8062 3
      vertex -46.8779 -37.9135 3
    endloop
  endfacet
  facet normal 0 0 1
    outer loop
      vertex -47.7221 -37.6575 3
      vertex -47.2246 -36.4564 3
      vertex -47.5085 -36.3221 3
    endloop
  endfacet
  facet normal 0 0 1
    outer loop
      vertex -47.2246 -36.4564 3
      vertex -47.7221 -37.6575 3
      vertex -47.3063 -37.8062 3
    endloop
  endfacet
  facet normal 0 0 1
    outer loop
      vertex -48.1213 -37.4686 3
      vertex -47.5085 -36.3221 3
      vertex -47.7778 -36.1607 3
    endloop
  endfacet
  facet normal 0 0 1
    outer loop
      vertex -48.5001 -37.2416 3
      vertex -47.7778 -36.1607 3
      vertex -48.0301 -35.9736 3
    endloop
  endfacet
  facet normal 0 0 1
    outer loop
      vertex -47.5085 -36.3221 3
      vertex -48.1213 -37.4686 3
      vertex -47.7221 -37.6575 3
    endloop
  endfacet
  facet normal 0 0 1
    outer loop
      vertex -48.8548 -36.9785 3
      vertex -48.0301 -35.9736 3
      vertex -48.2627 -35.7627 3
    endloop
  endfacet
  facet normal 0 0 1
    outer loop
      vertex -49.182 -36.682 3
      vertex -48.2627 -35.7627 3
      vertex -48.4736 -35.5301 3
    endloop
  endfacet
  facet normal 0 0 1
    outer loop
      vertex -47.7778 -36.1607 3
      vertex -48.5001 -37.2416 3
      vertex -48.1213 -37.4686 3
    endloop
  endfacet
  facet normal 0 0 1
    outer loop
      vertex -49.4785 -36.3548 3
      vertex -48.4736 -35.5301 3
      vertex -48.6607 -35.2778 3
    endloop
  endfacet
  facet normal 0 0 1
    outer loop
      vertex -49.7416 -36.0001 3
      vertex -48.6607 -35.2778 3
      vertex -48.8221 -35.0085 3
    endloop
  endfacet
  facet normal 0 0 1
    outer loop
      vertex -48.0301 -35.9736 3
      vertex -48.8548 -36.9785 3
      vertex -48.5001 -37.2416 3
    endloop
  endfacet
  facet normal 0 0 1
    outer loop
      vertex -49.9686 -35.6213 3
      vertex -48.8221 -35.0085 3
      vertex -48.9564 -34.7246 3
    endloop
  endfacet
  facet normal 0 0 1
    outer loop
      vertex -50.1575 -35.2221 3
      vertex -48.9564 -34.7246 3
      vertex -49.0622 -34.4289 3
    endloop
  endfacet
  facet normal 0 0 1
    outer loop
      vertex -50.3062 -34.8063 3
      vertex -49.0622 -34.4289 3
      vertex -49.1385 -34.1243 3
    endloop
  endfacet
  facet normal 0 0 1
    outer loop
      vertex -48.2627 -35.7627 3
      vertex -49.182 -36.682 3
      vertex -48.8548 -36.9785 3
    endloop
  endfacet
  facet normal 0 0 1
    outer loop
      vertex -50.4135 -34.3779 3
      vertex -49.1385 -34.1243 3
      vertex -49.1846 -33.8137 3
    endloop
  endfacet
  facet normal 0 0 1
    outer loop
      vertex -50.4783 -33.9411 3
      vertex -49.1846 -33.8137 3
      vertex -49.2 -33.5 3
    endloop
  endfacet
  facet normal -0 0 1
    outer loop
      vertex -50.3062 -32.1937 3
      vertex -49.0622 -32.5711 3
      vertex -50.1575 -31.7779 3
    endloop
  endfacet
  facet normal 0 0 1
    outer loop
      vertex -48.4736 -35.5301 3
      vertex -49.4785 -36.3548 3
      vertex -49.182 -36.682 3
    endloop
  endfacet
  facet normal 0 0 1
    outer loop
      vertex -49.0622 -32.5711 3
      vertex -50.3062 -32.1937 3
      vertex -49.1385 -32.8757 3
    endloop
  endfacet
  facet normal 0 0 1
    outer loop
      vertex -48.6607 -35.2778 3
      vertex -49.7416 -36.0001 3
      vertex -49.4785 -36.3548 3
    endloop
  endfacet
  facet normal -0 0 1
    outer loop
      vertex -50.4135 -32.6221 3
      vertex -49.1385 -32.8757 3
      vertex -50.3062 -32.1937 3
    endloop
  endfacet
  facet normal 0 0 1
    outer loop
      vertex -48.8221 -35.0085 3
      vertex -49.9686 -35.6213 3
      vertex -49.7416 -36.0001 3
    endloop
  endfacet
  facet normal 0 0 1
    outer loop
      vertex -49.1385 -32.8757 3
      vertex -50.4135 -32.6221 3
      vertex -49.1846 -33.1863 3
    endloop
  endfacet
  facet normal 0 0 1
    outer loop
      vertex -48.9564 -34.7246 3
      vertex -50.1575 -35.2221 3
      vertex -49.9686 -35.6213 3
    endloop
  endfacet
  facet normal -0 0 1
    outer loop
      vertex -50.4783 -33.0589 3
      vertex -49.1846 -33.1863 3
      vertex -50.4135 -32.6221 3
    endloop
  endfacet
  facet normal 0 0 1
    outer loop
      vertex -49.0622 -34.4289 3
      vertex -50.3062 -34.8063 3
      vertex -50.1575 -35.2221 3
    endloop
  endfacet
  facet normal 0 0 1
    outer loop
      vertex -49.1846 -33.1863 3
      vertex -50.4783 -33.0589 3
      vertex -49.2 -33.5 3
    endloop
  endfacet
  facet normal 0 0 1
    outer loop
      vertex -49.1385 -34.1243 3
      vertex -50.4135 -34.3779 3
      vertex -50.3062 -34.8063 3
    endloop
  endfacet
  facet normal 0 0 1
    outer loop
      vertex -50.5 -33.5 3
      vertex -49.2 -33.5 3
      vertex -50.4783 -33.0589 3
    endloop
  endfacet
  facet normal 0 0 1
    outer loop
      vertex -49.1846 -33.8137 3
      vertex -50.4783 -33.9411 3
      vertex -50.4135 -34.3779 3
    endloop
  endfacet
  facet normal 0 0 1
    outer loop
      vertex -49.2 -33.5 3
      vertex -50.5 -33.5 3
      vertex -50.4783 -33.9411 3
    endloop
  endfacet
  facet normal -0 0 1
    outer loop
      vertex -42.8615 32.8757 3
      vertex -35.7496 29 3
      vertex -42.8154 33.1863 3
    endloop
  endfacet
  facet normal -0 0 1
    outer loop
      vertex -42.9378 32.5711 3
      vertex -35.7496 29 3
      vertex -42.8615 32.8757 3
    endloop
  endfacet
  facet normal -0 0 1
    outer loop
      vertex -43.0436 32.2754 3
      vertex -35.7496 29 3
      vertex -42.9378 32.5711 3
    endloop
  endfacet
  facet normal -0 0 1
    outer loop
      vertex -43.1779 31.9915 3
      vertex -35.7496 29 3
      vertex -43.0436 32.2754 3
    endloop
  endfacet
  facet normal -0 0 1
    outer loop
      vertex -43.3393 31.7222 3
      vertex -35.7496 29 3
      vertex -43.1779 31.9915 3
    endloop
  endfacet
  facet normal -0 0 1
    outer loop
      vertex -43.5264 31.4699 3
      vertex -35.7496 29 3
      vertex -43.3393 31.7222 3
    endloop
  endfacet
  facet normal -0 0 1
    outer loop
      vertex -43.7373 31.2373 3
      vertex -35.7496 29 3
      vertex -43.5264 31.4699 3
    endloop
  endfacet
  facet normal 0 0 1
    outer loop
      vertex -35.7496 29 3
      vertex -43.7373 31.2373 3
      vertex -41.5 23.2496 3
    endloop
  endfacet
  facet normal -0 0 1
    outer loop
      vertex -43.9699 31.0264 3
      vertex -41.5 23.2496 3
      vertex -43.7373 31.2373 3
    endloop
  endfacet
  facet normal -0 0 1
    outer loop
      vertex -44.2222 30.8393 3
      vertex -41.5 23.2496 3
      vertex -43.9699 31.0264 3
    endloop
  endfacet
  facet normal -0 0 1
    outer loop
      vertex -44.4915 30.6779 3
      vertex -41.5 23.2496 3
      vertex -44.2222 30.8393 3
    endloop
  endfacet
  facet normal -0 0 1
    outer loop
      vertex -44.7754 30.5436 3
      vertex -41.5 23.2496 3
      vertex -44.4915 30.6779 3
    endloop
  endfacet
  facet normal -0 0 1
    outer loop
      vertex -45.0711 30.4378 3
      vertex -41.5 23.2496 3
      vertex -44.7754 30.5436 3
    endloop
  endfacet
  facet normal -0 0 1
    outer loop
      vertex -45.3757 30.3615 3
      vertex -41.5 23.2496 3
      vertex -45.0711 30.4378 3
    endloop
  endfacet
  facet normal -0 0 1
    outer loop
      vertex -45.6863 30.3154 3
      vertex -41.5 23.2496 3
      vertex -45.3757 30.3615 3
    endloop
  endfacet
  facet normal -0 0 1
    outer loop
      vertex -46 30.3 3
      vertex -41.5 23.2496 3
      vertex -45.6863 30.3154 3
    endloop
  endfacet
  facet normal 0 0 1
    outer loop
      vertex -46.3137 30.3154 3
      vertex -41.5 23.2496 3
      vertex -46 30.3 3
    endloop
  endfacet
  facet normal 0 0 1
    outer loop
      vertex -46.6243 30.3615 3
      vertex -41.5 23.2496 3
      vertex -46.3137 30.3154 3
    endloop
  endfacet
  facet normal 0 0 1
    outer loop
      vertex -49.182 30.318 3
      vertex -46.6243 30.3615 3
      vertex -46.9289 30.4378 3
    endloop
  endfacet
  facet normal 0 0 1
    outer loop
      vertex -49.182 30.318 3
      vertex -46.9289 30.4378 3
      vertex -47.2246 30.5436 3
    endloop
  endfacet
  facet normal 0 0 1
    outer loop
      vertex -49.182 30.318 3
      vertex -47.2246 30.5436 3
      vertex -47.5085 30.6779 3
    endloop
  endfacet
  facet normal 0 0 1
    outer loop
      vertex -49.182 30.318 3
      vertex -47.5085 30.6779 3
      vertex -47.7778 30.8393 3
    endloop
  endfacet
  facet normal 0 0 1
    outer loop
      vertex -49.182 30.318 3
      vertex -47.7778 30.8393 3
      vertex -48.0301 31.0264 3
    endloop
  endfacet
  facet normal 0 0 1
    outer loop
      vertex -49.182 30.318 3
      vertex -48.0301 31.0264 3
      vertex -48.2627 31.2373 3
    endloop
  endfacet
  facet normal 0 0 1
    outer loop
      vertex -49.182 30.318 3
      vertex -48.2627 31.2373 3
      vertex -48.4736 31.4699 3
    endloop
  endfacet
  facet normal 0 0 1
    outer loop
      vertex -46.6243 30.3615 3
      vertex -49.182 30.318 3
      vertex -41.5 23.2496 3
    endloop
  endfacet
  facet normal 0 0 1
    outer loop
      vertex -49.4785 30.6452 3
      vertex -48.4736 31.4699 3
      vertex -48.6607 31.7222 3
    endloop
  endfacet
  facet normal 0 0 1
    outer loop
      vertex -49.7416 30.9999 3
      vertex -48.6607 31.7222 3
      vertex -48.8221 31.9915 3
    endloop
  endfacet
  facet normal 0 0 1
    outer loop
      vertex -49.9686 31.3787 3
      vertex -48.8221 31.9915 3
      vertex -48.9564 32.2754 3
    endloop
  endfacet
  facet normal 0 0 1
    outer loop
      vertex -50.1575 31.7779 3
      vertex -48.9564 32.2754 3
      vertex -49.0622 32.5711 3
    endloop
  endfacet
  facet normal 0 0 1
    outer loop
      vertex -50.3062 32.1937 3
      vertex -49.0622 32.5711 3
      vertex -49.1385 32.8757 3
    endloop
  endfacet
  facet normal 0 0 1
    outer loop
      vertex -50.4135 32.6221 3
      vertex -49.1385 32.8757 3
      vertex -49.1846 33.1863 3
    endloop
  endfacet
  facet normal 0 0 1
    outer loop
      vertex -50.4783 33.0589 3
      vertex -49.1846 33.1863 3
      vertex -49.2 33.5 3
    endloop
  endfacet
  facet normal -0 0 1
    outer loop
      vertex -50.3062 34.8063 3
      vertex -49.0622 34.4289 3
      vertex -50.1575 35.2221 3
    endloop
  endfacet
  facet normal 0 0 1
    outer loop
      vertex -48.4736 31.4699 3
      vertex -49.4785 30.6452 3
      vertex -49.182 30.318 3
    endloop
  endfacet
  facet normal 0 0 1
    outer loop
      vertex -49.0622 34.4289 3
      vertex -50.3062 34.8063 3
      vertex -49.1385 34.1243 3
    endloop
  endfacet
  facet normal 0 0 1
    outer loop
      vertex -48.6607 31.7222 3
      vertex -49.7416 30.9999 3
      vertex -49.4785 30.6452 3
    endloop
  endfacet
  facet normal -0 0 1
    outer loop
      vertex -50.4135 34.3779 3
      vertex -49.1385 34.1243 3
      vertex -50.3062 34.8063 3
    endloop
  endfacet
  facet normal 0 0 1
    outer loop
      vertex -48.8221 31.9915 3
      vertex -49.9686 31.3787 3
      vertex -49.7416 30.9999 3
    endloop
  endfacet
  facet normal 0 0 1
    outer loop
      vertex -49.1385 34.1243 3
      vertex -50.4135 34.3779 3
      vertex -49.1846 33.8137 3
    endloop
  endfacet
  facet normal 0 0 1
    outer loop
      vertex -48.9564 32.2754 3
      vertex -50.1575 31.7779 3
      vertex -49.9686 31.3787 3
    endloop
  endfacet
  facet normal -0 0 1
    outer loop
      vertex -50.4783 33.9411 3
      vertex -49.1846 33.8137 3
      vertex -50.4135 34.3779 3
    endloop
  endfacet
  facet normal 0 0 1
    outer loop
      vertex -49.0622 32.5711 3
      vertex -50.3062 32.1937 3
      vertex -50.1575 31.7779 3
    endloop
  endfacet
  facet normal 0 0 1
    outer loop
      vertex -49.1846 33.8137 3
      vertex -50.4783 33.9411 3
      vertex -49.2 33.5 3
    endloop
  endfacet
  facet normal 0 0 1
    outer loop
      vertex -49.1385 32.8757 3
      vertex -50.4135 32.6221 3
      vertex -50.3062 32.1937 3
    endloop
  endfacet
  facet normal 0 0 1
    outer loop
      vertex -50.5 33.5 3
      vertex -49.2 33.5 3
      vertex -50.4783 33.9411 3
    endloop
  endfacet
  facet normal 0 0 1
    outer loop
      vertex -49.1846 33.1863 3
      vertex -50.4783 33.0589 3
      vertex -50.4135 32.6221 3
    endloop
  endfacet
  facet normal 0 0 1
    outer loop
      vertex -49.2 33.5 3
      vertex -50.5 33.5 3
      vertex -50.4783 33.0589 3
    endloop
  endfacet
  facet normal -0 0 1
    outer loop
      vertex 34.1356 -18.944 3
      vertex 41.5 -23.2496 3
      vertex 34.15 -18.65 3
    endloop
  endfacet
  facet normal -0 0 1
    outer loop
      vertex 34.0924 -19.2353 3
      vertex 41.5 -23.2496 3
      vertex 34.1356 -18.944 3
    endloop
  endfacet
  facet normal -0 0 1
    outer loop
      vertex 34.0208 -19.5209 3
      vertex 41.5 -23.2496 3
      vertex 34.0924 -19.2353 3
    endloop
  endfacet
  facet normal -0 0 1
    outer loop
      vertex 33.9216 -19.798 3
      vertex 41.5 -23.2496 3
      vertex 34.0208 -19.5209 3
    endloop
  endfacet
  facet normal -0 0 1
    outer loop
      vertex 33.7958 -20.0642 3
      vertex 41.5 -23.2496 3
      vertex 33.9216 -19.798 3
    endloop
  endfacet
  facet normal -0 0 1
    outer loop
      vertex 33.6444 -20.3167 3
      vertex 41.5 -23.2496 3
      vertex 33.7958 -20.0642 3
    endloop
  endfacet
  facet normal -0 0 1
    outer loop
      vertex 33.469 -20.5532 3
      vertex 41.5 -23.2496 3
      vertex 33.6444 -20.3167 3
    endloop
  endfacet
  facet normal -0 0 1
    outer loop
      vertex 33.2713 -20.7713 3
      vertex 41.5 -23.2496 3
      vertex 33.469 -20.5532 3
    endloop
  endfacet
  facet normal 0 0 1
    outer loop
      vertex 41.5 -23.2496 3
      vertex 33.2713 -20.7713 3
      vertex 35.7496 -29 3
    endloop
  endfacet
  facet normal -0 0 1
    outer loop
      vertex 33.0532 -20.969 3
      vertex 35.7496 -29 3
      vertex 33.2713 -20.7713 3
    endloop
  endfacet
  facet normal -0 0 1
    outer loop
      vertex 32.8167 -21.1444 3
      vertex 35.7496 -29 3
      vertex 33.0532 -20.969 3
    endloop
  endfacet
  facet normal -0 0 1
    outer loop
      vertex 32.5642 -21.2958 3
      vertex 35.7496 -29 3
      vertex 32.8167 -21.1444 3
    endloop
  endfacet
  facet normal -0 0 1
    outer loop
      vertex 32.298 -21.4216 3
      vertex 35.7496 -29 3
      vertex 32.5642 -21.2958 3
    endloop
  endfacet
  facet normal -0 0 1
    outer loop
      vertex 32.0209 -21.5208 3
      vertex 35.7496 -29 3
      vertex 32.298 -21.4216 3
    endloop
  endfacet
  facet normal -0 0 1
    outer loop
      vertex 31.7353 -21.5924 3
      vertex 35.7496 -29 3
      vertex 32.0209 -21.5208 3
    endloop
  endfacet
  facet normal -0 0 1
    outer loop
      vertex 31.444 -21.6356 3
      vertex 35.7496 -29 3
      vertex 31.7353 -21.5924 3
    endloop
  endfacet
  facet normal -0 0 1
    outer loop
      vertex 31.15 -21.65 3
      vertex 35.7496 -29 3
      vertex 31.444 -21.6356 3
    endloop
  endfacet
  facet normal -0 0 1
    outer loop
      vertex -31.15 -21.65 3
      vertex 35.7496 -29 3
      vertex 31.15 -21.65 3
    endloop
  endfacet
  facet normal 0 0 1
    outer loop
      vertex -35.7496 -29 3
      vertex -31.15 -21.65 3
      vertex -31.444 -21.6356 3
    endloop
  endfacet
  facet normal 0 0 1
    outer loop
      vertex -31.15 -21.65 3
      vertex -35.7496 -29 3
      vertex 35.7496 -29 3
    endloop
  endfacet
  facet normal 0 0 1
    outer loop
      vertex -31.7353 -21.5924 3
      vertex -35.7496 -29 3
      vertex -31.444 -21.6356 3
    endloop
  endfacet
  facet normal 0 0 1
    outer loop
      vertex -32.0209 -21.5208 3
      vertex -35.7496 -29 3
      vertex -31.7353 -21.5924 3
    endloop
  endfacet
  facet normal 0 0 1
    outer loop
      vertex -32.298 -21.4216 3
      vertex -35.7496 -29 3
      vertex -32.0209 -21.5208 3
    endloop
  endfacet
  facet normal 0 0 1
    outer loop
      vertex -32.5642 -21.2958 3
      vertex -35.7496 -29 3
      vertex -32.298 -21.4216 3
    endloop
  endfacet
  facet normal 0 0 1
    outer loop
      vertex -32.8167 -21.1444 3
      vertex -35.7496 -29 3
      vertex -32.5642 -21.2958 3
    endloop
  endfacet
  facet normal 0 0 1
    outer loop
      vertex -33.0532 -20.969 3
      vertex -35.7496 -29 3
      vertex -32.8167 -21.1444 3
    endloop
  endfacet
  facet normal 0 0 1
    outer loop
      vertex -33.2713 -20.7713 3
      vertex -35.7496 -29 3
      vertex -33.0532 -20.969 3
    endloop
  endfacet
  facet normal 0 0 1
    outer loop
      vertex -41.5 -23.2496 3
      vertex -33.2713 -20.7713 3
      vertex -33.469 -20.5532 3
    endloop
  endfacet
  facet normal 0 0 1
    outer loop
      vertex -41.5 -23.2496 3
      vertex -33.469 -20.5532 3
      vertex -33.6444 -20.3167 3
    endloop
  endfacet
  facet normal 0 0 1
    outer loop
      vertex -41.5 -23.2496 3
      vertex -33.6444 -20.3167 3
      vertex -33.7958 -20.0642 3
    endloop
  endfacet
  facet normal 0 0 1
    outer loop
      vertex -41.5 -23.2496 3
      vertex -33.7958 -20.0642 3
      vertex -33.9216 -19.798 3
    endloop
  endfacet
  facet normal 0 0 1
    outer loop
      vertex -41.5 -23.2496 3
      vertex -33.9216 -19.798 3
      vertex -34.0208 -19.5209 3
    endloop
  endfacet
  facet normal 0 0 1
    outer loop
      vertex -41.5 -23.2496 3
      vertex -34.0208 -19.5209 3
      vertex -34.0924 -19.2353 3
    endloop
  endfacet
  facet normal 0 0 1
    outer loop
      vertex -41.5 -23.2496 3
      vertex -34.0924 -19.2353 3
      vertex -34.1356 -18.944 3
    endloop
  endfacet
  facet normal 0 0 1
    outer loop
      vertex -41.5 -23.2496 3
      vertex -34.1356 -18.944 3
      vertex -34.15 -18.65 3
    endloop
  endfacet
  facet normal 0 0 1
    outer loop
      vertex -34.15 18.65 3
      vertex -41.5 23.2496 3
      vertex -34.15 -18.65 3
    endloop
  endfacet
  facet normal 0 0 1
    outer loop
      vertex -41.5 -23.2496 3
      vertex -34.15 -18.65 3
      vertex -41.5 23.2496 3
    endloop
  endfacet
  facet normal -0 0 1
    outer loop
      vertex -42.8154 33.1863 3
      vertex -35.7496 29 3
      vertex -42.8 33.5 3
    endloop
  endfacet
  facet normal 0 0 1
    outer loop
      vertex -35.7496 29 3
      vertex -42.8154 33.8137 3
      vertex -42.8 33.5 3
    endloop
  endfacet
  facet normal -0 0 1
    outer loop
      vertex -42.8615 34.1243 3
      vertex -35.7496 29 3
      vertex -42.818 36.682 3
    endloop
  endfacet
  facet normal 0 0 1
    outer loop
      vertex -35.7496 29 3
      vertex -42.8615 34.1243 3
      vertex -42.8154 33.8137 3
    endloop
  endfacet
  facet normal 0 0 1
    outer loop
      vertex -42.818 36.682 3
      vertex -42.9378 34.4289 3
      vertex -42.8615 34.1243 3
    endloop
  endfacet
  facet normal 0 0 1
    outer loop
      vertex -42.818 36.682 3
      vertex -43.0436 34.7246 3
      vertex -42.9378 34.4289 3
    endloop
  endfacet
  facet normal 0 0 1
    outer loop
      vertex -43.7373 35.7627 3
      vertex -42.818 36.682 3
      vertex -43.1452 36.9785 3
    endloop
  endfacet
  facet normal 0 0 1
    outer loop
      vertex -42.818 36.682 3
      vertex -43.1779 35.0085 3
      vertex -43.0436 34.7246 3
    endloop
  endfacet
  facet normal 0 0 1
    outer loop
      vertex -42.818 36.682 3
      vertex -43.3393 35.2778 3
      vertex -43.1779 35.0085 3
    endloop
  endfacet
  facet normal 0 0 1
    outer loop
      vertex -43.9699 35.9736 3
      vertex -43.1452 36.9785 3
      vertex -43.4999 37.2416 3
    endloop
  endfacet
  facet normal 0 0 1
    outer loop
      vertex -42.818 36.682 3
      vertex -43.5264 35.5301 3
      vertex -43.3393 35.2778 3
    endloop
  endfacet
  facet normal 0 0 1
    outer loop
      vertex -42.818 36.682 3
      vertex -43.7373 35.7627 3
      vertex -43.5264 35.5301 3
    endloop
  endfacet
  facet normal 0 0 1
    outer loop
      vertex -44.2222 36.1607 3
      vertex -43.4999 37.2416 3
      vertex -43.8787 37.4686 3
    endloop
  endfacet
  facet normal 0 0 1
    outer loop
      vertex -43.1452 36.9785 3
      vertex -43.9699 35.9736 3
      vertex -43.7373 35.7627 3
    endloop
  endfacet
  facet normal 0 0 1
    outer loop
      vertex -43.4999 37.2416 3
      vertex -44.2222 36.1607 3
      vertex -43.9699 35.9736 3
    endloop
  endfacet
  facet normal 0 0 1
    outer loop
      vertex -44.4915 36.3221 3
      vertex -43.8787 37.4686 3
      vertex -44.2779 37.6575 3
    endloop
  endfacet
  facet normal 0 0 1
    outer loop
      vertex -43.8787 37.4686 3
      vertex -44.4915 36.3221 3
      vertex -44.2222 36.1607 3
    endloop
  endfacet
  facet normal 0 0 1
    outer loop
      vertex -44.7754 36.4564 3
      vertex -44.2779 37.6575 3
      vertex -44.6937 37.8062 3
    endloop
  endfacet
  facet normal 0 0 1
    outer loop
      vertex -44.2779 37.6575 3
      vertex -44.7754 36.4564 3
      vertex -44.4915 36.3221 3
    endloop
  endfacet
  facet normal 0 0 1
    outer loop
      vertex -44.6937 37.8062 3
      vertex -45.0711 36.5622 3
      vertex -44.7754 36.4564 3
    endloop
  endfacet
  facet normal 0 0 1
    outer loop
      vertex -45.1221 37.9135 3
      vertex -45.0711 36.5622 3
      vertex -44.6937 37.8062 3
    endloop
  endfacet
  facet normal 0 0 1
    outer loop
      vertex -45.1221 37.9135 3
      vertex -45.3757 36.6385 3
      vertex -45.0711 36.5622 3
    endloop
  endfacet
  facet normal 0 0 1
    outer loop
      vertex -45.5589 37.9783 3
      vertex -45.3757 36.6385 3
      vertex -45.1221 37.9135 3
    endloop
  endfacet
  facet normal 0 0 1
    outer loop
      vertex -45.5589 37.9783 3
      vertex -45.6863 36.6846 3
      vertex -45.3757 36.6385 3
    endloop
  endfacet
  facet normal 0 0 1
    outer loop
      vertex -46 38 3
      vertex -45.6863 36.6846 3
      vertex -45.5589 37.9783 3
    endloop
  endfacet
  facet normal 0 0 1
    outer loop
      vertex -46 38 3
      vertex -46 36.7 3
      vertex -45.6863 36.6846 3
    endloop
  endfacet
  facet normal 0 0 1
    outer loop
      vertex -46 38 3
      vertex -46.3137 36.6846 3
      vertex -46 36.7 3
    endloop
  endfacet
  facet normal -0 0 1
    outer loop
      vertex -46.4411 37.9783 3
      vertex -46.3137 36.6846 3
      vertex -46 38 3
    endloop
  endfacet
  facet normal 0 0 1
    outer loop
      vertex -46.4411 37.9783 3
      vertex -46.6243 36.6385 3
      vertex -46.3137 36.6846 3
    endloop
  endfacet
  facet normal -0 0 1
    outer loop
      vertex -46.8779 37.9135 3
      vertex -46.6243 36.6385 3
      vertex -46.4411 37.9783 3
    endloop
  endfacet
  facet normal 0 0 1
    outer loop
      vertex -46.8779 37.9135 3
      vertex -46.9289 36.5622 3
      vertex -46.6243 36.6385 3
    endloop
  endfacet
  facet normal -0 0 1
    outer loop
      vertex -47.3063 37.8062 3
      vertex -46.9289 36.5622 3
      vertex -46.8779 37.9135 3
    endloop
  endfacet
  facet normal 0 0 1
    outer loop
      vertex -46.9289 36.5622 3
      vertex -47.3063 37.8062 3
      vertex -47.2246 36.4564 3
    endloop
  endfacet
  facet normal -0 0 1
    outer loop
      vertex -47.7221 37.6575 3
      vertex -47.2246 36.4564 3
      vertex -47.3063 37.8062 3
    endloop
  endfacet
  facet normal 0 0 1
    outer loop
      vertex -47.2246 36.4564 3
      vertex -47.7221 37.6575 3
      vertex -47.5085 36.3221 3
    endloop
  endfacet
  facet normal -0 0 1
    outer loop
      vertex -48.1213 37.4686 3
      vertex -47.5085 36.3221 3
      vertex -47.7221 37.6575 3
    endloop
  endfacet
  facet normal 0 0 1
    outer loop
      vertex -47.5085 36.3221 3
      vertex -48.1213 37.4686 3
      vertex -47.7778 36.1607 3
    endloop
  endfacet
  facet normal -0 0 1
    outer loop
      vertex -48.5001 37.2416 3
      vertex -47.7778 36.1607 3
      vertex -48.1213 37.4686 3
    endloop
  endfacet
  facet normal 0 0 1
    outer loop
      vertex -47.7778 36.1607 3
      vertex -48.5001 37.2416 3
      vertex -48.0301 35.9736 3
    endloop
  endfacet
  facet normal -0 0 1
    outer loop
      vertex -48.8548 36.9785 3
      vertex -48.0301 35.9736 3
      vertex -48.5001 37.2416 3
    endloop
  endfacet
  facet normal 0 0 1
    outer loop
      vertex -48.0301 35.9736 3
      vertex -48.8548 36.9785 3
      vertex -48.2627 35.7627 3
    endloop
  endfacet
  facet normal -0 0 1
    outer loop
      vertex -49.182 36.682 3
      vertex -48.2627 35.7627 3
      vertex -48.8548 36.9785 3
    endloop
  endfacet
  facet normal 0 0 1
    outer loop
      vertex -48.2627 35.7627 3
      vertex -49.182 36.682 3
      vertex -48.4736 35.5301 3
    endloop
  endfacet
  facet normal -0 0 1
    outer loop
      vertex -49.4785 36.3548 3
      vertex -48.4736 35.5301 3
      vertex -49.182 36.682 3
    endloop
  endfacet
  facet normal 0 0 1
    outer loop
      vertex -48.4736 35.5301 3
      vertex -49.4785 36.3548 3
      vertex -48.6607 35.2778 3
    endloop
  endfacet
  facet normal -0 0 1
    outer loop
      vertex -49.7416 36.0001 3
      vertex -48.6607 35.2778 3
      vertex -49.4785 36.3548 3
    endloop
  endfacet
  facet normal 0 0 1
    outer loop
      vertex -48.6607 35.2778 3
      vertex -49.7416 36.0001 3
      vertex -48.8221 35.0085 3
    endloop
  endfacet
  facet normal -0 0 1
    outer loop
      vertex -49.9686 35.6213 3
      vertex -48.8221 35.0085 3
      vertex -49.7416 36.0001 3
    endloop
  endfacet
  facet normal 0 0 1
    outer loop
      vertex -48.8221 35.0085 3
      vertex -49.9686 35.6213 3
      vertex -48.9564 34.7246 3
    endloop
  endfacet
  facet normal -0 0 1
    outer loop
      vertex -50.1575 35.2221 3
      vertex -48.9564 34.7246 3
      vertex -49.9686 35.6213 3
    endloop
  endfacet
  facet normal 0 0 1
    outer loop
      vertex -48.9564 34.7246 3
      vertex -50.1575 35.2221 3
      vertex -49.0622 34.4289 3
    endloop
  endfacet
  facet normal 0 0 1
    outer loop
      vertex 49.2 -33.5 3
      vertex 50.5 -33.5 3
      vertex 50.4783 -33.0589 3
    endloop
  endfacet
  facet normal 0 0 1
    outer loop
      vertex 49.1846 -33.1863 3
      vertex 50.4783 -33.0589 3
      vertex 50.4135 -32.6221 3
    endloop
  endfacet
  facet normal 0 0 1
    outer loop
      vertex 50.5 -33.5 3
      vertex 49.2 -33.5 3
      vertex 50.4783 -33.9411 3
    endloop
  endfacet
  facet normal 0 0 1
    outer loop
      vertex 49.1385 -32.8757 3
      vertex 50.4135 -32.6221 3
      vertex 50.3062 -32.1937 3
    endloop
  endfacet
  facet normal -0 0 1
    outer loop
      vertex 49.1846 -33.8137 3
      vertex 50.4783 -33.9411 3
      vertex 49.2 -33.5 3
    endloop
  endfacet
  facet normal 0 0 1
    outer loop
      vertex 49.0622 -32.5711 3
      vertex 50.3062 -32.1937 3
      vertex 50.1575 -31.7779 3
    endloop
  endfacet
  facet normal 0 0 1
    outer loop
      vertex 50.4783 -33.9411 3
      vertex 49.1846 -33.8137 3
      vertex 50.4135 -34.3779 3
    endloop
  endfacet
  facet normal 0 0 1
    outer loop
      vertex 48.9564 -32.2754 3
      vertex 50.1575 -31.7779 3
      vertex 49.9686 -31.3787 3
    endloop
  endfacet
  facet normal -0 0 1
    outer loop
      vertex 49.1385 -34.1243 3
      vertex 50.4135 -34.3779 3
      vertex 49.1846 -33.8137 3
    endloop
  endfacet
  facet normal 0 0 1
    outer loop
      vertex 48.8221 -31.9915 3
      vertex 49.9686 -31.3787 3
      vertex 49.7416 -30.9999 3
    endloop
  endfacet
  facet normal 0 0 1
    outer loop
      vertex 50.4135 -34.3779 3
      vertex 49.1385 -34.1243 3
      vertex 50.3062 -34.8063 3
    endloop
  endfacet
  facet normal 0 0 1
    outer loop
      vertex 48.6607 -31.7222 3
      vertex 49.7416 -30.9999 3
      vertex 49.4785 -30.6452 3
    endloop
  endfacet
  facet normal -0 0 1
    outer loop
      vertex 49.0622 -34.4289 3
      vertex 50.3062 -34.8063 3
      vertex 49.1385 -34.1243 3
    endloop
  endfacet
  facet normal 0 0 1
    outer loop
      vertex 50.3062 -34.8063 3
      vertex 49.0622 -34.4289 3
      vertex 50.1575 -35.2221 3
    endloop
  endfacet
  facet normal 0 0 1
    outer loop
      vertex 50.4783 -33.0589 3
      vertex 49.1846 -33.1863 3
      vertex 49.2 -33.5 3
    endloop
  endfacet
  facet normal 0 0 1
    outer loop
      vertex 48.4736 -31.4699 3
      vertex 49.4785 -30.6452 3
      vertex 49.182 -30.318 3
    endloop
  endfacet
  facet normal 0 0 1
    outer loop
      vertex 50.4135 -32.6221 3
      vertex 49.1385 -32.8757 3
      vertex 49.1846 -33.1863 3
    endloop
  endfacet
  facet normal 0 0 1
    outer loop
      vertex 50.3062 -32.1937 3
      vertex 49.0622 -32.5711 3
      vertex 49.1385 -32.8757 3
    endloop
  endfacet
  facet normal 0 0 1
    outer loop
      vertex 50.1575 -31.7779 3
      vertex 48.9564 -32.2754 3
      vertex 49.0622 -32.5711 3
    endloop
  endfacet
  facet normal 0 0 1
    outer loop
      vertex 49.9686 -31.3787 3
      vertex 48.8221 -31.9915 3
      vertex 48.9564 -32.2754 3
    endloop
  endfacet
  facet normal 0 0 1
    outer loop
      vertex 49.7416 -30.9999 3
      vertex 48.6607 -31.7222 3
      vertex 48.8221 -31.9915 3
    endloop
  endfacet
  facet normal 0 0 1
    outer loop
      vertex 49.4785 -30.6452 3
      vertex 48.4736 -31.4699 3
      vertex 48.6607 -31.7222 3
    endloop
  endfacet
  facet normal 0 0 1
    outer loop
      vertex 49.182 -30.318 3
      vertex 48.2627 -31.2373 3
      vertex 48.4736 -31.4699 3
    endloop
  endfacet
  facet normal 0 0 1
    outer loop
      vertex 49.182 -30.318 3
      vertex 48.0301 -31.0264 3
      vertex 48.2627 -31.2373 3
    endloop
  endfacet
  facet normal 0 0 1
    outer loop
      vertex 49.182 -30.318 3
      vertex 47.7778 -30.8393 3
      vertex 48.0301 -31.0264 3
    endloop
  endfacet
  facet normal 0 0 1
    outer loop
      vertex 49.182 -30.318 3
      vertex 47.5085 -30.6779 3
      vertex 47.7778 -30.8393 3
    endloop
  endfacet
  facet normal 0 0 1
    outer loop
      vertex 49.182 -30.318 3
      vertex 47.2246 -30.5436 3
      vertex 47.5085 -30.6779 3
    endloop
  endfacet
  facet normal 0 0 1
    outer loop
      vertex 49.182 -30.318 3
      vertex 46.9289 -30.4378 3
      vertex 47.2246 -30.5436 3
    endloop
  endfacet
  facet normal 0 0 1
    outer loop
      vertex 49.182 -30.318 3
      vertex 46.6243 -30.3615 3
      vertex 46.9289 -30.4378 3
    endloop
  endfacet
  facet normal 0 0 1
    outer loop
      vertex 41.5 -23.2496 3
      vertex 46.6243 -30.3615 3
      vertex 49.182 -30.318 3
    endloop
  endfacet
  facet normal 0 0 1
    outer loop
      vertex 46.6243 -30.3615 3
      vertex 41.5 -23.2496 3
      vertex 46.3137 -30.3154 3
    endloop
  endfacet
  facet normal 0 0 1
    outer loop
      vertex 42.8615 -32.8757 3
      vertex 35.7496 -29 3
      vertex 42.8154 -33.1863 3
    endloop
  endfacet
  facet normal 0 0 1
    outer loop
      vertex 42.9378 -32.5711 3
      vertex 35.7496 -29 3
      vertex 42.8615 -32.8757 3
    endloop
  endfacet
  facet normal 0 0 1
    outer loop
      vertex 43.0436 -32.2754 3
      vertex 35.7496 -29 3
      vertex 42.9378 -32.5711 3
    endloop
  endfacet
  facet normal 0 0 1
    outer loop
      vertex 43.1779 -31.9915 3
      vertex 35.7496 -29 3
      vertex 43.0436 -32.2754 3
    endloop
  endfacet
  facet normal 0 0 1
    outer loop
      vertex 43.3393 -31.7222 3
      vertex 35.7496 -29 3
      vertex 43.1779 -31.9915 3
    endloop
  endfacet
  facet normal 0 0 1
    outer loop
      vertex 43.5264 -31.4699 3
      vertex 35.7496 -29 3
      vertex 43.3393 -31.7222 3
    endloop
  endfacet
  facet normal 0 0 1
    outer loop
      vertex 43.7373 -31.2373 3
      vertex 35.7496 -29 3
      vertex 43.5264 -31.4699 3
    endloop
  endfacet
  facet normal -0 0 1
    outer loop
      vertex 35.7496 -29 3
      vertex 43.7373 -31.2373 3
      vertex 41.5 -23.2496 3
    endloop
  endfacet
  facet normal 0 0 1
    outer loop
      vertex 43.9699 -31.0264 3
      vertex 41.5 -23.2496 3
      vertex 43.7373 -31.2373 3
    endloop
  endfacet
  facet normal 0 0 1
    outer loop
      vertex 44.2222 -30.8393 3
      vertex 41.5 -23.2496 3
      vertex 43.9699 -31.0264 3
    endloop
  endfacet
  facet normal 0 0 1
    outer loop
      vertex 44.4915 -30.6779 3
      vertex 41.5 -23.2496 3
      vertex 44.2222 -30.8393 3
    endloop
  endfacet
  facet normal 0 0 1
    outer loop
      vertex 44.7754 -30.5436 3
      vertex 41.5 -23.2496 3
      vertex 44.4915 -30.6779 3
    endloop
  endfacet
  facet normal 0 0 1
    outer loop
      vertex 45.0711 -30.4378 3
      vertex 41.5 -23.2496 3
      vertex 44.7754 -30.5436 3
    endloop
  endfacet
  facet normal 0 0 1
    outer loop
      vertex 45.3757 -30.3615 3
      vertex 41.5 -23.2496 3
      vertex 45.0711 -30.4378 3
    endloop
  endfacet
  facet normal 0 0 1
    outer loop
      vertex 45.6863 -30.3154 3
      vertex 41.5 -23.2496 3
      vertex 45.3757 -30.3615 3
    endloop
  endfacet
  facet normal 0 0 1
    outer loop
      vertex 46 -30.3 3
      vertex 41.5 -23.2496 3
      vertex 45.6863 -30.3154 3
    endloop
  endfacet
  facet normal 0 0 1
    outer loop
      vertex 46.3137 -30.3154 3
      vertex 41.5 -23.2496 3
      vertex 46 -30.3 3
    endloop
  endfacet
  facet normal -0 0 1
    outer loop
      vertex 48.9564 -34.7246 3
      vertex 50.1575 -35.2221 3
      vertex 49.0622 -34.4289 3
    endloop
  endfacet
  facet normal 0 0 1
    outer loop
      vertex 50.1575 -35.2221 3
      vertex 48.9564 -34.7246 3
      vertex 49.9686 -35.6213 3
    endloop
  endfacet
  facet normal -0 0 1
    outer loop
      vertex 48.8221 -35.0085 3
      vertex 49.9686 -35.6213 3
      vertex 48.9564 -34.7246 3
    endloop
  endfacet
  facet normal 0 0 1
    outer loop
      vertex 49.9686 -35.6213 3
      vertex 48.8221 -35.0085 3
      vertex 49.7416 -36.0001 3
    endloop
  endfacet
  facet normal -0 0 1
    outer loop
      vertex 48.6607 -35.2778 3
      vertex 49.7416 -36.0001 3
      vertex 48.8221 -35.0085 3
    endloop
  endfacet
  facet normal 0 0 1
    outer loop
      vertex 49.7416 -36.0001 3
      vertex 48.6607 -35.2778 3
      vertex 49.4785 -36.3548 3
    endloop
  endfacet
  facet normal -0 0 1
    outer loop
      vertex 48.4736 -35.5301 3
      vertex 49.4785 -36.3548 3
      vertex 48.6607 -35.2778 3
    endloop
  endfacet
  facet normal 0 0 1
    outer loop
      vertex 49.4785 -36.3548 3
      vertex 48.4736 -35.5301 3
      vertex 49.182 -36.682 3
    endloop
  endfacet
  facet normal -0 0 1
    outer loop
      vertex 48.2627 -35.7627 3
      vertex 49.182 -36.682 3
      vertex 48.4736 -35.5301 3
    endloop
  endfacet
  facet normal 0 0 1
    outer loop
      vertex 49.182 -36.682 3
      vertex 48.2627 -35.7627 3
      vertex 48.8548 -36.9785 3
    endloop
  endfacet
  facet normal -0 0 1
    outer loop
      vertex 48.0301 -35.9736 3
      vertex 48.8548 -36.9785 3
      vertex 48.2627 -35.7627 3
    endloop
  endfacet
  facet normal 0 0 1
    outer loop
      vertex 48.8548 -36.9785 3
      vertex 48.0301 -35.9736 3
      vertex 48.5001 -37.2416 3
    endloop
  endfacet
  facet normal -0 0 1
    outer loop
      vertex 47.7778 -36.1607 3
      vertex 48.5001 -37.2416 3
      vertex 48.0301 -35.9736 3
    endloop
  endfacet
  facet normal 0 0 1
    outer loop
      vertex 48.5001 -37.2416 3
      vertex 47.7778 -36.1607 3
      vertex 48.1213 -37.4686 3
    endloop
  endfacet
  facet normal -0 0 1
    outer loop
      vertex 47.5085 -36.3221 3
      vertex 48.1213 -37.4686 3
      vertex 47.7778 -36.1607 3
    endloop
  endfacet
  facet normal 0 0 1
    outer loop
      vertex 48.1213 -37.4686 3
      vertex 47.5085 -36.3221 3
      vertex 47.7221 -37.6575 3
    endloop
  endfacet
  facet normal -0 0 1
    outer loop
      vertex 47.2246 -36.4564 3
      vertex 47.7221 -37.6575 3
      vertex 47.5085 -36.3221 3
    endloop
  endfacet
  facet normal 0 0 1
    outer loop
      vertex 47.7221 -37.6575 3
      vertex 47.2246 -36.4564 3
      vertex 47.3063 -37.8062 3
    endloop
  endfacet
  facet normal -0 0 1
    outer loop
      vertex 46.9289 -36.5622 3
      vertex 47.3063 -37.8062 3
      vertex 47.2246 -36.4564 3
    endloop
  endfacet
  facet normal 0 0 1
    outer loop
      vertex 46.9289 -36.5622 3
      vertex 46.8779 -37.9135 3
      vertex 47.3063 -37.8062 3
    endloop
  endfacet
  facet normal -0 0 1
    outer loop
      vertex 46.6243 -36.6385 3
      vertex 46.8779 -37.9135 3
      vertex 46.9289 -36.5622 3
    endloop
  endfacet
  facet normal 0 0 1
    outer loop
      vertex 46.6243 -36.6385 3
      vertex 46.4411 -37.9783 3
      vertex 46.8779 -37.9135 3
    endloop
  endfacet
  facet normal -0 0 1
    outer loop
      vertex 46.3137 -36.6846 3
      vertex 46.4411 -37.9783 3
      vertex 46.6243 -36.6385 3
    endloop
  endfacet
  facet normal -0 0 1
    outer loop
      vertex 46 -36.7 3
      vertex 46.4411 -37.9783 3
      vertex 46.3137 -36.6846 3
    endloop
  endfacet
  facet normal 0 0 1
    outer loop
      vertex 46 -36.7 3
      vertex 46 -38 3
      vertex 46.4411 -37.9783 3
    endloop
  endfacet
  facet normal 0 0 1
    outer loop
      vertex 45.6863 -36.6846 3
      vertex 46 -38 3
      vertex 46 -36.7 3
    endloop
  endfacet
  facet normal 0 0 1
    outer loop
      vertex 45.6863 -36.6846 3
      vertex 45.5589 -37.9783 3
      vertex 46 -38 3
    endloop
  endfacet
  facet normal 0 0 1
    outer loop
      vertex 45.3757 -36.6385 3
      vertex 45.5589 -37.9783 3
      vertex 45.6863 -36.6846 3
    endloop
  endfacet
  facet normal 0 0 1
    outer loop
      vertex 45.3757 -36.6385 3
      vertex 45.1221 -37.9135 3
      vertex 45.5589 -37.9783 3
    endloop
  endfacet
  facet normal 0 0 1
    outer loop
      vertex 45.0711 -36.5622 3
      vertex 45.1221 -37.9135 3
      vertex 45.3757 -36.6385 3
    endloop
  endfacet
  facet normal 0 0 1
    outer loop
      vertex 44.6937 -37.8062 3
      vertex 45.0711 -36.5622 3
      vertex 44.7754 -36.4564 3
    endloop
  endfacet
  facet normal 0 0 1
    outer loop
      vertex 45.0711 -36.5622 3
      vertex 44.6937 -37.8062 3
      vertex 45.1221 -37.9135 3
    endloop
  endfacet
  facet normal 0 0 1
    outer loop
      vertex 44.2779 -37.6575 3
      vertex 44.7754 -36.4564 3
      vertex 44.4915 -36.3221 3
    endloop
  endfacet
  facet normal 0 0 1
    outer loop
      vertex 44.7754 -36.4564 3
      vertex 44.2779 -37.6575 3
      vertex 44.6937 -37.8062 3
    endloop
  endfacet
  facet normal 0 0 1
    outer loop
      vertex 43.8787 -37.4686 3
      vertex 44.4915 -36.3221 3
      vertex 44.2222 -36.1607 3
    endloop
  endfacet
  facet normal 0 0 1
    outer loop
      vertex 43.4999 -37.2416 3
      vertex 44.2222 -36.1607 3
      vertex 43.9699 -35.9736 3
    endloop
  endfacet
  facet normal 0 0 1
    outer loop
      vertex 44.4915 -36.3221 3
      vertex 43.8787 -37.4686 3
      vertex 44.2779 -37.6575 3
    endloop
  endfacet
  facet normal 0 0 1
    outer loop
      vertex 43.1452 -36.9785 3
      vertex 43.9699 -35.9736 3
      vertex 43.7373 -35.7627 3
    endloop
  endfacet
  facet normal 0 0 1
    outer loop
      vertex 42.818 -36.682 3
      vertex 43.7373 -35.7627 3
      vertex 43.5264 -35.5301 3
    endloop
  endfacet
  facet normal 0 0 1
    outer loop
      vertex 44.2222 -36.1607 3
      vertex 43.4999 -37.2416 3
      vertex 43.8787 -37.4686 3
    endloop
  endfacet
  facet normal 0 0 1
    outer loop
      vertex 42.818 -36.682 3
      vertex 43.5264 -35.5301 3
      vertex 43.3393 -35.2778 3
    endloop
  endfacet
  facet normal 0 0 1
    outer loop
      vertex 42.818 -36.682 3
      vertex 43.3393 -35.2778 3
      vertex 43.1779 -35.0085 3
    endloop
  endfacet
  facet normal 0 0 1
    outer loop
      vertex 43.9699 -35.9736 3
      vertex 43.1452 -36.9785 3
      vertex 43.4999 -37.2416 3
    endloop
  endfacet
  facet normal 0 0 1
    outer loop
      vertex 42.818 -36.682 3
      vertex 43.1779 -35.0085 3
      vertex 43.0436 -34.7246 3
    endloop
  endfacet
  facet normal 0 0 1
    outer loop
      vertex 42.818 -36.682 3
      vertex 43.0436 -34.7246 3
      vertex 42.9378 -34.4289 3
    endloop
  endfacet
  facet normal 0 0 1
    outer loop
      vertex 42.818 -36.682 3
      vertex 42.9378 -34.4289 3
      vertex 42.8615 -34.1243 3
    endloop
  endfacet
  facet normal 0 0 1
    outer loop
      vertex 43.7373 -35.7627 3
      vertex 42.818 -36.682 3
      vertex 43.1452 -36.9785 3
    endloop
  endfacet
  facet normal 0 0 1
    outer loop
      vertex 35.7496 -29 3
      vertex 42.8615 -34.1243 3
      vertex 42.8154 -33.8137 3
    endloop
  endfacet
  facet normal 0 0 1
    outer loop
      vertex 35.7496 -29 3
      vertex 42.8154 -33.8137 3
      vertex 42.8 -33.5 3
    endloop
  endfacet
  facet normal 0 0 1
    outer loop
      vertex 42.8154 -33.1863 3
      vertex 35.7496 -29 3
      vertex 42.8 -33.5 3
    endloop
  endfacet
  facet normal 0 0 1
    outer loop
      vertex 41.5 23.2496 3
      vertex 34.15 18.65 3
      vertex 41.5 -23.2496 3
    endloop
  endfacet
  facet normal -0 0 1
    outer loop
      vertex 34.15 -18.65 3
      vertex 41.5 -23.2496 3
      vertex 34.15 18.65 3
    endloop
  endfacet
  facet normal 0 0 1
    outer loop
      vertex 42.8615 -34.1243 3
      vertex 35.7496 -29 3
      vertex 42.818 -36.682 3
    endloop
  endfacet
  facet normal 0 0 1
    outer loop
      vertex 41.5 23.2496 3
      vertex 34.1356 18.944 3
      vertex 34.15 18.65 3
    endloop
  endfacet
  facet normal 0 0 1
    outer loop
      vertex 41.5 23.2496 3
      vertex 34.0924 19.2353 3
      vertex 34.1356 18.944 3
    endloop
  endfacet
  facet normal 0 0 1
    outer loop
      vertex 41.5 23.2496 3
      vertex 34.0208 19.5209 3
      vertex 34.0924 19.2353 3
    endloop
  endfacet
  facet normal 0 0 1
    outer loop
      vertex 41.5 23.2496 3
      vertex 33.9216 19.798 3
      vertex 34.0208 19.5209 3
    endloop
  endfacet
  facet normal 0 0 1
    outer loop
      vertex 41.5 23.2496 3
      vertex 33.7958 20.0642 3
      vertex 33.9216 19.798 3
    endloop
  endfacet
  facet normal 0 0 1
    outer loop
      vertex 41.5 23.2496 3
      vertex 33.6444 20.3167 3
      vertex 33.7958 20.0642 3
    endloop
  endfacet
  facet normal 0 0 1
    outer loop
      vertex 41.5 23.2496 3
      vertex 33.469 20.5532 3
      vertex 33.6444 20.3167 3
    endloop
  endfacet
  facet normal 0 0 1
    outer loop
      vertex 41.5 23.2496 3
      vertex 33.2713 20.7713 3
      vertex 33.469 20.5532 3
    endloop
  endfacet
  facet normal 0 0 1
    outer loop
      vertex 35.7496 29 3
      vertex 33.0532 20.969 3
      vertex 33.2713 20.7713 3
    endloop
  endfacet
  facet normal 0 0 1
    outer loop
      vertex 35.7496 29 3
      vertex 32.8167 21.1444 3
      vertex 33.0532 20.969 3
    endloop
  endfacet
  facet normal 0 0 1
    outer loop
      vertex 35.7496 29 3
      vertex 32.5642 21.2958 3
      vertex 32.8167 21.1444 3
    endloop
  endfacet
  facet normal 0 0 1
    outer loop
      vertex 35.7496 29 3
      vertex 32.298 21.4216 3
      vertex 32.5642 21.2958 3
    endloop
  endfacet
  facet normal 0 0 1
    outer loop
      vertex 35.7496 29 3
      vertex 32.0209 21.5208 3
      vertex 32.298 21.4216 3
    endloop
  endfacet
  facet normal 0 0 1
    outer loop
      vertex 35.7496 29 3
      vertex 31.7353 21.5924 3
      vertex 32.0209 21.5208 3
    endloop
  endfacet
  facet normal 0 0 1
    outer loop
      vertex 35.7496 29 3
      vertex 31.444 21.6356 3
      vertex 31.7353 21.5924 3
    endloop
  endfacet
  facet normal 0 0 1
    outer loop
      vertex 35.7496 29 3
      vertex 31.15 21.65 3
      vertex 31.444 21.6356 3
    endloop
  endfacet
  facet normal 0 0 1
    outer loop
      vertex 35.7496 29 3
      vertex -31.15 21.65 3
      vertex 31.15 21.65 3
    endloop
  endfacet
  facet normal -0 0 1
    outer loop
      vertex -35.7496 29 3
      vertex -31.15 21.65 3
      vertex 35.7496 29 3
    endloop
  endfacet
  facet normal 0 0 1
    outer loop
      vertex -34.1356 18.944 3
      vertex -41.5 23.2496 3
      vertex -34.15 18.65 3
    endloop
  endfacet
  facet normal 0 0 1
    outer loop
      vertex -34.0924 19.2353 3
      vertex -41.5 23.2496 3
      vertex -34.1356 18.944 3
    endloop
  endfacet
  facet normal 0 0 1
    outer loop
      vertex -34.0208 19.5209 3
      vertex -41.5 23.2496 3
      vertex -34.0924 19.2353 3
    endloop
  endfacet
  facet normal 0 0 1
    outer loop
      vertex -33.9216 19.798 3
      vertex -41.5 23.2496 3
      vertex -34.0208 19.5209 3
    endloop
  endfacet
  facet normal 0 0 1
    outer loop
      vertex -33.7958 20.0642 3
      vertex -41.5 23.2496 3
      vertex -33.9216 19.798 3
    endloop
  endfacet
  facet normal 0 0 1
    outer loop
      vertex -33.6444 20.3167 3
      vertex -41.5 23.2496 3
      vertex -33.7958 20.0642 3
    endloop
  endfacet
  facet normal 0 0 1
    outer loop
      vertex -33.469 20.5532 3
      vertex -41.5 23.2496 3
      vertex -33.6444 20.3167 3
    endloop
  endfacet
  facet normal 0 0 1
    outer loop
      vertex -33.2713 20.7713 3
      vertex -41.5 23.2496 3
      vertex -33.469 20.5532 3
    endloop
  endfacet
  facet normal -0 0 1
    outer loop
      vertex -41.5 23.2496 3
      vertex -33.2713 20.7713 3
      vertex -35.7496 29 3
    endloop
  endfacet
  facet normal 0 0 1
    outer loop
      vertex -33.0532 20.969 3
      vertex -35.7496 29 3
      vertex -33.2713 20.7713 3
    endloop
  endfacet
  facet normal 0 0 1
    outer loop
      vertex -32.8167 21.1444 3
      vertex -35.7496 29 3
      vertex -33.0532 20.969 3
    endloop
  endfacet
  facet normal 0 0 1
    outer loop
      vertex -32.5642 21.2958 3
      vertex -35.7496 29 3
      vertex -32.8167 21.1444 3
    endloop
  endfacet
  facet normal 0 0 1
    outer loop
      vertex -32.298 21.4216 3
      vertex -35.7496 29 3
      vertex -32.5642 21.2958 3
    endloop
  endfacet
  facet normal 0 0 1
    outer loop
      vertex -32.0209 21.5208 3
      vertex -35.7496 29 3
      vertex -32.298 21.4216 3
    endloop
  endfacet
  facet normal 0 0 1
    outer loop
      vertex -31.7353 21.5924 3
      vertex -35.7496 29 3
      vertex -32.0209 21.5208 3
    endloop
  endfacet
  facet normal 0 0 1
    outer loop
      vertex -31.444 21.6356 3
      vertex -35.7496 29 3
      vertex -31.7353 21.5924 3
    endloop
  endfacet
  facet normal 0 0 1
    outer loop
      vertex -31.15 21.65 3
      vertex -35.7496 29 3
      vertex -31.444 21.6356 3
    endloop
  endfacet
  facet normal -0.941598 -0.336738 0
    outer loop
      vertex -50.1575 31.7779 0
      vertex -50.3062 32.1937 3
      vertex -50.3062 32.1937 0
    endloop
  endfacet
  facet normal -0.941598 -0.336738 0
    outer loop
      vertex -50.3062 32.1937 3
      vertex -50.1575 31.7779 0
      vertex -50.1575 31.7779 3
    endloop
  endfacet
  facet normal 0.0491358 0.998792 -0
    outer loop
      vertex -45.5589 37.9783 0
      vertex -46 38 3
      vertex -45.5589 37.9783 3
    endloop
  endfacet
  facet normal 0.0491358 0.998792 0
    outer loop
      vertex -46 38 3
      vertex -45.5589 37.9783 0
      vertex -46 38 0
    endloop
  endfacet
  facet normal -0.941598 0.336738 0
    outer loop
      vertex -50.3062 34.8063 0
      vertex -50.1575 35.2221 3
      vertex -50.1575 35.2221 0
    endloop
  endfacet
  facet normal -0.941598 0.336738 0
    outer loop
      vertex -50.1575 35.2221 3
      vertex -50.3062 34.8063 0
      vertex -50.3062 34.8063 3
    endloop
  endfacet
  facet normal -0.903908 0.427726 0
    outer loop
      vertex -50.1575 35.2221 0
      vertex -49.9686 35.6213 3
      vertex -49.9686 35.6213 0
    endloop
  endfacet
  facet normal -0.903908 0.427726 0
    outer loop
      vertex -49.9686 35.6213 3
      vertex -50.1575 35.2221 0
      vertex -50.1575 35.2221 3
    endloop
  endfacet
  facet normal -0.970036 0.242962 0
    outer loop
      vertex -50.4135 -32.6221 0
      vertex -50.3062 -32.1937 3
      vertex -50.3062 -32.1937 0
    endloop
  endfacet
  facet normal -0.970036 0.242962 0
    outer loop
      vertex -50.3062 -32.1937 3
      vertex -50.4135 -32.6221 0
      vertex -50.4135 -32.6221 3
    endloop
  endfacet
  facet normal -0.941598 0.336738 0
    outer loop
      vertex -50.3062 -32.1937 0
      vertex -50.1575 -31.7779 3
      vertex -50.1575 -31.7779 0
    endloop
  endfacet
  facet normal -0.941598 0.336738 0
    outer loop
      vertex -50.1575 -31.7779 3
      vertex -50.3062 -32.1937 0
      vertex -50.3062 -32.1937 3
    endloop
  endfacet
  facet normal -0.970036 -0.242962 0
    outer loop
      vertex -50.3062 -34.8063 0
      vertex -50.4135 -34.3779 3
      vertex -50.4135 -34.3779 0
    endloop
  endfacet
  facet normal -0.970036 -0.242962 0
    outer loop
      vertex -50.4135 -34.3779 3
      vertex -50.3062 -34.8063 0
      vertex -50.3062 -34.8063 3
    endloop
  endfacet
  facet normal 0.735885 -0.677106 0
    outer loop
      vertex -42.818 -36.682 3
      vertex -35.7496 -29 0
      vertex -35.7496 -29 3
    endloop
  endfacet
  facet normal 0.735885 -0.677106 0
    outer loop
      vertex -35.7496 -29 0
      vertex -42.818 -36.682 3
      vertex -42.818 -36.682 0
    endloop
  endfacet
  facet normal 0.671488 -0.741015 0
    outer loop
      vertex -43.1452 -36.9785 0
      vertex -42.818 -36.682 3
      vertex -43.1452 -36.9785 3
    endloop
  endfacet
  facet normal 0.671488 -0.741015 0
    outer loop
      vertex -42.818 -36.682 3
      vertex -43.1452 -36.9785 0
      vertex -42.818 -36.682 0
    endloop
  endfacet
  facet normal -0.998792 0.0491358 0
    outer loop
      vertex -50.5 -33.5 0
      vertex -50.4783 -33.0589 3
      vertex -50.4783 -33.0589 0
    endloop
  endfacet
  facet normal -0.998792 0.0491358 0
    outer loop
      vertex -50.4783 -33.0589 3
      vertex -50.5 -33.5 0
      vertex -50.5 -33.5 3
    endloop
  endfacet
  facet normal -0.427726 -0.903908 0
    outer loop
      vertex -48.1213 -37.4686 0
      vertex -47.7221 -37.6575 3
      vertex -48.1213 -37.4686 3
    endloop
  endfacet
  facet normal -0.427726 -0.903908 -0
    outer loop
      vertex -47.7221 -37.6575 3
      vertex -48.1213 -37.4686 0
      vertex -47.7221 -37.6575 0
    endloop
  endfacet
  facet normal 0.242962 -0.970036 0
    outer loop
      vertex -45.1221 -37.9135 0
      vertex -44.6937 -37.8062 3
      vertex -45.1221 -37.9135 3
    endloop
  endfacet
  facet normal 0.242962 -0.970036 0
    outer loop
      vertex -44.6937 -37.8062 3
      vertex -45.1221 -37.9135 0
      vertex -44.6937 -37.8062 0
    endloop
  endfacet
  facet normal -0.741015 0.671488 0
    outer loop
      vertex -49.4785 -30.6452 0
      vertex -49.182 -30.318 3
      vertex -49.182 -30.318 0
    endloop
  endfacet
  facet normal -0.741015 0.671488 0
    outer loop
      vertex -49.182 -30.318 3
      vertex -49.4785 -30.6452 0
      vertex -49.4785 -30.6452 3
    endloop
  endfacet
  facet normal -0.803168 0.595753 0
    outer loop
      vertex -49.7416 -30.9999 0
      vertex -49.4785 -30.6452 3
      vertex -49.4785 -30.6452 0
    endloop
  endfacet
  facet normal -0.803168 0.595753 0
    outer loop
      vertex -49.4785 -30.6452 3
      vertex -49.7416 -30.9999 0
      vertex -49.7416 -30.9999 3
    endloop
  endfacet
  facet normal 0.514029 -0.857773 0
    outer loop
      vertex -43.8787 -37.4686 0
      vertex -43.4999 -37.2416 3
      vertex -43.8787 -37.4686 3
    endloop
  endfacet
  facet normal 0.514029 -0.857773 0
    outer loop
      vertex -43.4999 -37.2416 3
      vertex -43.8787 -37.4686 0
      vertex -43.4999 -37.2416 0
    endloop
  endfacet
  facet normal 0.427726 -0.903908 0
    outer loop
      vertex -44.2779 -37.6575 0
      vertex -43.8787 -37.4686 3
      vertex -44.2779 -37.6575 3
    endloop
  endfacet
  facet normal 0.427726 -0.903908 0
    outer loop
      vertex -43.8787 -37.4686 3
      vertex -44.2779 -37.6575 0
      vertex -43.8787 -37.4686 0
    endloop
  endfacet
  facet normal -0.903908 -0.427726 0
    outer loop
      vertex -49.9686 -35.6213 0
      vertex -50.1575 -35.2221 3
      vertex -50.1575 -35.2221 0
    endloop
  endfacet
  facet normal -0.903908 -0.427726 0
    outer loop
      vertex -50.1575 -35.2221 3
      vertex -49.9686 -35.6213 0
      vertex -49.9686 -35.6213 3
    endloop
  endfacet
  facet normal 0.595753 -0.803168 0
    outer loop
      vertex -43.4999 -37.2416 0
      vertex -43.1452 -36.9785 3
      vertex -43.4999 -37.2416 3
    endloop
  endfacet
  facet normal 0.595753 -0.803168 0
    outer loop
      vertex -43.1452 -36.9785 3
      vertex -43.4999 -37.2416 0
      vertex -43.1452 -36.9785 0
    endloop
  endfacet
  facet normal -0.671488 -0.741015 0
    outer loop
      vertex -49.182 -36.682 0
      vertex -48.8548 -36.9785 3
      vertex -49.182 -36.682 3
    endloop
  endfacet
  facet normal -0.671488 -0.741015 -0
    outer loop
      vertex -48.8548 -36.9785 3
      vertex -49.182 -36.682 0
      vertex -48.8548 -36.9785 0
    endloop
  endfacet
  facet normal -0.242962 -0.970036 0
    outer loop
      vertex -47.3063 -37.8062 0
      vertex -46.8779 -37.9135 3
      vertex -47.3063 -37.8062 3
    endloop
  endfacet
  facet normal -0.242962 -0.970036 -0
    outer loop
      vertex -46.8779 -37.9135 3
      vertex -47.3063 -37.8062 0
      vertex -46.8779 -37.9135 0
    endloop
  endfacet
  facet normal -0.989174 -0.146746 0
    outer loop
      vertex -50.4135 -34.3779 0
      vertex -50.4783 -33.9411 3
      vertex -50.4783 -33.9411 0
    endloop
  endfacet
  facet normal -0.989174 -0.146746 0
    outer loop
      vertex -50.4783 -33.9411 3
      vertex -50.4135 -34.3779 0
      vertex -50.4135 -34.3779 3
    endloop
  endfacet
  facet normal -0.677106 0.735885 0
    outer loop
      vertex -41.5 -23.2496 0
      vertex -49.182 -30.318 3
      vertex -41.5 -23.2496 3
    endloop
  endfacet
  facet normal -0.677106 0.735885 0
    outer loop
      vertex -49.182 -30.318 3
      vertex -41.5 -23.2496 0
      vertex -49.182 -30.318 0
    endloop
  endfacet
  facet normal -0.941598 -0.336738 0
    outer loop
      vertex -50.1575 -35.2221 0
      vertex -50.3062 -34.8063 3
      vertex -50.3062 -34.8063 0
    endloop
  endfacet
  facet normal -0.941598 -0.336738 0
    outer loop
      vertex -50.3062 -34.8063 3
      vertex -50.1575 -35.2221 0
      vertex -50.1575 -35.2221 3
    endloop
  endfacet
  facet normal -0.989174 0.146746 0
    outer loop
      vertex -50.4783 -33.0589 0
      vertex -50.4135 -32.6221 3
      vertex -50.4135 -32.6221 0
    endloop
  endfacet
  facet normal -0.989174 0.146746 0
    outer loop
      vertex -50.4135 -32.6221 3
      vertex -50.4783 -33.0589 0
      vertex -50.4783 -33.0589 3
    endloop
  endfacet
  facet normal 0.336738 -0.941598 0
    outer loop
      vertex -44.6937 -37.8062 0
      vertex -44.2779 -37.6575 3
      vertex -44.6937 -37.8062 3
    endloop
  endfacet
  facet normal 0.336738 -0.941598 0
    outer loop
      vertex -44.2779 -37.6575 3
      vertex -44.6937 -37.8062 0
      vertex -44.2779 -37.6575 0
    endloop
  endfacet
  facet normal 0.146746 -0.989174 0
    outer loop
      vertex -45.5589 -37.9783 0
      vertex -45.1221 -37.9135 3
      vertex -45.5589 -37.9783 3
    endloop
  endfacet
  facet normal 0.146746 -0.989174 0
    outer loop
      vertex -45.1221 -37.9135 3
      vertex -45.5589 -37.9783 0
      vertex -45.1221 -37.9135 0
    endloop
  endfacet
  facet normal -0.336738 -0.941598 0
    outer loop
      vertex -47.7221 -37.6575 0
      vertex -47.3063 -37.8062 3
      vertex -47.7221 -37.6575 3
    endloop
  endfacet
  facet normal -0.336738 -0.941598 -0
    outer loop
      vertex -47.3063 -37.8062 3
      vertex -47.7221 -37.6575 0
      vertex -47.3063 -37.8062 0
    endloop
  endfacet
  facet normal -0.998792 -0.0491358 0
    outer loop
      vertex -50.4783 -33.9411 0
      vertex -50.5 -33.5 3
      vertex -50.5 -33.5 0
    endloop
  endfacet
  facet normal -0.998792 -0.0491358 0
    outer loop
      vertex -50.5 -33.5 3
      vertex -50.4783 -33.9411 0
      vertex -50.4783 -33.9411 3
    endloop
  endfacet
  facet normal -0.803168 -0.595753 0
    outer loop
      vertex -49.4785 -36.3548 0
      vertex -49.7416 -36.0001 3
      vertex -49.7416 -36.0001 0
    endloop
  endfacet
  facet normal -0.803168 -0.595753 0
    outer loop
      vertex -49.7416 -36.0001 3
      vertex -49.4785 -36.3548 0
      vertex -49.4785 -36.3548 3
    endloop
  endfacet
  facet normal -0.0491358 -0.998792 0
    outer loop
      vertex -46.4411 -37.9783 0
      vertex -46 -38 3
      vertex -46.4411 -37.9783 3
    endloop
  endfacet
  facet normal -0.0491358 -0.998792 -0
    outer loop
      vertex -46 -38 3
      vertex -46.4411 -37.9783 0
      vertex -46 -38 0
    endloop
  endfacet
  facet normal -0.857773 -0.514029 0
    outer loop
      vertex -49.7416 -36.0001 0
      vertex -49.9686 -35.6213 3
      vertex -49.9686 -35.6213 0
    endloop
  endfacet
  facet normal -0.857773 -0.514029 0
    outer loop
      vertex -49.9686 -35.6213 3
      vertex -49.7416 -36.0001 0
      vertex -49.7416 -36.0001 3
    endloop
  endfacet
  facet normal -0.741015 -0.671488 0
    outer loop
      vertex -49.182 -36.682 0
      vertex -49.4785 -36.3548 3
      vertex -49.4785 -36.3548 0
    endloop
  endfacet
  facet normal -0.741015 -0.671488 0
    outer loop
      vertex -49.4785 -36.3548 3
      vertex -49.182 -36.682 0
      vertex -49.182 -36.682 3
    endloop
  endfacet
  facet normal -0.514029 -0.857773 0
    outer loop
      vertex -48.5001 -37.2416 0
      vertex -48.1213 -37.4686 3
      vertex -48.5001 -37.2416 3
    endloop
  endfacet
  facet normal -0.514029 -0.857773 -0
    outer loop
      vertex -48.1213 -37.4686 3
      vertex -48.5001 -37.2416 0
      vertex -48.1213 -37.4686 0
    endloop
  endfacet
  facet normal -0.903908 0.427726 0
    outer loop
      vertex -50.1575 -31.7779 0
      vertex -49.9686 -31.3787 3
      vertex -49.9686 -31.3787 0
    endloop
  endfacet
  facet normal -0.903908 0.427726 0
    outer loop
      vertex -49.9686 -31.3787 3
      vertex -50.1575 -31.7779 0
      vertex -50.1575 -31.7779 3
    endloop
  endfacet
  facet normal -0.857773 0.514029 0
    outer loop
      vertex -49.9686 -31.3787 0
      vertex -49.7416 -30.9999 3
      vertex -49.7416 -30.9999 0
    endloop
  endfacet
  facet normal -0.857773 0.514029 0
    outer loop
      vertex -49.7416 -30.9999 3
      vertex -49.9686 -31.3787 0
      vertex -49.9686 -31.3787 3
    endloop
  endfacet
  facet normal -0.146746 -0.989174 0
    outer loop
      vertex -46.8779 -37.9135 0
      vertex -46.4411 -37.9783 3
      vertex -46.8779 -37.9135 3
    endloop
  endfacet
  facet normal -0.146746 -0.989174 -0
    outer loop
      vertex -46.4411 -37.9783 3
      vertex -46.8779 -37.9135 0
      vertex -46.4411 -37.9783 0
    endloop
  endfacet
  facet normal -0.595753 -0.803168 0
    outer loop
      vertex -48.8548 -36.9785 0
      vertex -48.5001 -37.2416 3
      vertex -48.8548 -36.9785 3
    endloop
  endfacet
  facet normal -0.595753 -0.803168 -0
    outer loop
      vertex -48.5001 -37.2416 3
      vertex -48.8548 -36.9785 0
      vertex -48.5001 -37.2416 0
    endloop
  endfacet
  facet normal 0.0491358 -0.998792 0
    outer loop
      vertex -46 -38 0
      vertex -45.5589 -37.9783 3
      vertex -46 -38 3
    endloop
  endfacet
  facet normal 0.0491358 -0.998792 0
    outer loop
      vertex -45.5589 -37.9783 3
      vertex -46 -38 0
      vertex -45.5589 -37.9783 0
    endloop
  endfacet
  facet normal 0.0491358 0.998792 -0
    outer loop
      vertex 46.4411 37.9783 0
      vertex 46 38 3
      vertex 46.4411 37.9783 3
    endloop
  endfacet
  facet normal 0.0491358 0.998792 0
    outer loop
      vertex 46 38 3
      vertex 46.4411 37.9783 0
      vertex 46 38 0
    endloop
  endfacet
  facet normal 0.741015 -0.671488 0
    outer loop
      vertex 49.182 30.318 3
      vertex 49.4785 30.6452 0
      vertex 49.4785 30.6452 3
    endloop
  endfacet
  facet normal 0.741015 -0.671488 0
    outer loop
      vertex 49.4785 30.6452 0
      vertex 49.182 30.318 3
      vertex 49.182 30.318 0
    endloop
  endfacet
  facet normal 0.427726 0.903908 -0
    outer loop
      vertex 48.1213 37.4686 0
      vertex 47.7221 37.6575 3
      vertex 48.1213 37.4686 3
    endloop
  endfacet
  facet normal 0.427726 0.903908 0
    outer loop
      vertex 47.7221 37.6575 3
      vertex 48.1213 37.4686 0
      vertex 47.7221 37.6575 0
    endloop
  endfacet
  facet normal 0.998792 0.0491358 0
    outer loop
      vertex 50.5 33.5 3
      vertex 50.4783 33.9411 0
      vertex 50.4783 33.9411 3
    endloop
  endfacet
  facet normal 0.998792 0.0491358 0
    outer loop
      vertex 50.4783 33.9411 0
      vertex 50.5 33.5 3
      vertex 50.5 33.5 0
    endloop
  endfacet
  facet normal 0.677106 -0.735885 0
    outer loop
      vertex 41.5 23.2496 0
      vertex 49.182 30.318 3
      vertex 41.5 23.2496 3
    endloop
  endfacet
  facet normal 0.677106 -0.735885 0
    outer loop
      vertex 49.182 30.318 3
      vertex 41.5 23.2496 0
      vertex 49.182 30.318 0
    endloop
  endfacet
  facet normal 0.970036 0.242962 0
    outer loop
      vertex 50.4135 34.3779 3
      vertex 50.3062 34.8063 0
      vertex 50.3062 34.8063 3
    endloop
  endfacet
  facet normal 0.970036 0.242962 0
    outer loop
      vertex 50.3062 34.8063 0
      vertex 50.4135 34.3779 3
      vertex 50.4135 34.3779 0
    endloop
  endfacet
  facet normal -0.671488 0.741015 0
    outer loop
      vertex 43.1452 36.9785 0
      vertex 42.818 36.682 3
      vertex 43.1452 36.9785 3
    endloop
  endfacet
  facet normal -0.671488 0.741015 0
    outer loop
      vertex 42.818 36.682 3
      vertex 43.1452 36.9785 0
      vertex 42.818 36.682 0
    endloop
  endfacet
  facet normal 0.989174 -0.146746 0
    outer loop
      vertex 50.4135 32.6221 3
      vertex 50.4783 33.0589 0
      vertex 50.4783 33.0589 3
    endloop
  endfacet
  facet normal 0.989174 -0.146746 0
    outer loop
      vertex 50.4783 33.0589 0
      vertex 50.4135 32.6221 3
      vertex 50.4135 32.6221 0
    endloop
  endfacet
  facet normal 0.242962 0.970036 -0
    outer loop
      vertex 47.3063 37.8062 0
      vertex 46.8779 37.9135 3
      vertex 47.3063 37.8062 3
    endloop
  endfacet
  facet normal 0.242962 0.970036 0
    outer loop
      vertex 46.8779 37.9135 3
      vertex 47.3063 37.8062 0
      vertex 46.8779 37.9135 0
    endloop
  endfacet
  facet normal -0.595753 0.803168 0
    outer loop
      vertex 43.4999 37.2416 0
      vertex 43.1452 36.9785 3
      vertex 43.4999 37.2416 3
    endloop
  endfacet
  facet normal -0.595753 0.803168 0
    outer loop
      vertex 43.1452 36.9785 3
      vertex 43.4999 37.2416 0
      vertex 43.1452 36.9785 0
    endloop
  endfacet
  facet normal -0.427726 0.903908 0
    outer loop
      vertex 44.2779 37.6575 0
      vertex 43.8787 37.4686 3
      vertex 44.2779 37.6575 3
    endloop
  endfacet
  facet normal -0.427726 0.903908 0
    outer loop
      vertex 43.8787 37.4686 3
      vertex 44.2779 37.6575 0
      vertex 43.8787 37.4686 0
    endloop
  endfacet
  facet normal -0.735885 0.677106 0
    outer loop
      vertex 35.7496 29 0
      vertex 42.818 36.682 3
      vertex 42.818 36.682 0
    endloop
  endfacet
  facet normal -0.735885 0.677106 0
    outer loop
      vertex 42.818 36.682 3
      vertex 35.7496 29 0
      vertex 35.7496 29 3
    endloop
  endfacet
  facet normal -0.242962 0.970036 0
    outer loop
      vertex 45.1221 37.9135 0
      vertex 44.6937 37.8062 3
      vertex 45.1221 37.9135 3
    endloop
  endfacet
  facet normal -0.242962 0.970036 0
    outer loop
      vertex 44.6937 37.8062 3
      vertex 45.1221 37.9135 0
      vertex 44.6937 37.8062 0
    endloop
  endfacet
  facet normal 0.903908 0.427726 0
    outer loop
      vertex 50.1575 35.2221 3
      vertex 49.9686 35.6213 0
      vertex 49.9686 35.6213 3
    endloop
  endfacet
  facet normal 0.903908 0.427726 0
    outer loop
      vertex 49.9686 35.6213 0
      vertex 50.1575 35.2221 3
      vertex 50.1575 35.2221 0
    endloop
  endfacet
  facet normal 0.803168 -0.595753 0
    outer loop
      vertex 49.4785 30.6452 3
      vertex 49.7416 30.9999 0
      vertex 49.7416 30.9999 3
    endloop
  endfacet
  facet normal 0.803168 -0.595753 0
    outer loop
      vertex 49.7416 30.9999 0
      vertex 49.4785 30.6452 3
      vertex 49.4785 30.6452 0
    endloop
  endfacet
  facet normal -0.146746 0.989174 0
    outer loop
      vertex 45.5589 37.9783 0
      vertex 45.1221 37.9135 3
      vertex 45.5589 37.9783 3
    endloop
  endfacet
  facet normal -0.146746 0.989174 0
    outer loop
      vertex 45.1221 37.9135 3
      vertex 45.5589 37.9783 0
      vertex 45.1221 37.9135 0
    endloop
  endfacet
  facet normal 0.903908 -0.427726 0
    outer loop
      vertex 49.9686 31.3787 3
      vertex 50.1575 31.7779 0
      vertex 50.1575 31.7779 3
    endloop
  endfacet
  facet normal 0.903908 -0.427726 0
    outer loop
      vertex 50.1575 31.7779 0
      vertex 49.9686 31.3787 3
      vertex 49.9686 31.3787 0
    endloop
  endfacet
  facet normal 0.514029 0.857773 -0
    outer loop
      vertex 48.5001 37.2416 0
      vertex 48.1213 37.4686 3
      vertex 48.5001 37.2416 3
    endloop
  endfacet
  facet normal 0.514029 0.857773 0
    outer loop
      vertex 48.1213 37.4686 3
      vertex 48.5001 37.2416 0
      vertex 48.1213 37.4686 0
    endloop
  endfacet
  facet normal 0.857773 -0.514029 0
    outer loop
      vertex 49.7416 30.9999 3
      vertex 49.9686 31.3787 0
      vertex 49.9686 31.3787 3
    endloop
  endfacet
  facet normal 0.857773 -0.514029 0
    outer loop
      vertex 49.9686 31.3787 0
      vertex 49.7416 30.9999 3
      vertex 49.7416 30.9999 0
    endloop
  endfacet
  facet normal 0.941598 -0.336738 0
    outer loop
      vertex 50.1575 31.7779 3
      vertex 50.3062 32.1937 0
      vertex 50.3062 32.1937 3
    endloop
  endfacet
  facet normal 0.941598 -0.336738 0
    outer loop
      vertex 50.3062 32.1937 0
      vertex 50.1575 31.7779 3
      vertex 50.1575 31.7779 0
    endloop
  endfacet
  facet normal 0.336738 0.941598 -0
    outer loop
      vertex 47.7221 37.6575 0
      vertex 47.3063 37.8062 3
      vertex 47.7221 37.6575 3
    endloop
  endfacet
  facet normal 0.336738 0.941598 0
    outer loop
      vertex 47.3063 37.8062 3
      vertex 47.7221 37.6575 0
      vertex 47.3063 37.8062 0
    endloop
  endfacet
  facet normal 0.998792 -0.0491358 0
    outer loop
      vertex 50.4783 33.0589 3
      vertex 50.5 33.5 0
      vertex 50.5 33.5 3
    endloop
  endfacet
  facet normal 0.998792 -0.0491358 0
    outer loop
      vertex 50.5 33.5 0
      vertex 50.4783 33.0589 3
      vertex 50.4783 33.0589 0
    endloop
  endfacet
  facet normal 0.146746 0.989174 -0
    outer loop
      vertex 46.8779 37.9135 0
      vertex 46.4411 37.9783 3
      vertex 46.8779 37.9135 3
    endloop
  endfacet
  facet normal 0.146746 0.989174 0
    outer loop
      vertex 46.4411 37.9783 3
      vertex 46.8779 37.9135 0
      vertex 46.4411 37.9783 0
    endloop
  endfacet
  facet normal 0.741015 0.671488 0
    outer loop
      vertex 49.4785 36.3548 3
      vertex 49.182 36.682 0
      vertex 49.182 36.682 3
    endloop
  endfacet
  facet normal 0.741015 0.671488 0
    outer loop
      vertex 49.182 36.682 0
      vertex 49.4785 36.3548 3
      vertex 49.4785 36.3548 0
    endloop
  endfacet
  facet normal 0.970036 -0.242962 0
    outer loop
      vertex 50.3062 32.1937 3
      vertex 50.4135 32.6221 0
      vertex 50.4135 32.6221 3
    endloop
  endfacet
  facet normal 0.970036 -0.242962 0
    outer loop
      vertex 50.4135 32.6221 0
      vertex 50.3062 32.1937 3
      vertex 50.3062 32.1937 0
    endloop
  endfacet
  facet normal 0.989174 0.146746 0
    outer loop
      vertex 50.4783 33.9411 3
      vertex 50.4135 34.3779 0
      vertex 50.4135 34.3779 3
    endloop
  endfacet
  facet normal 0.989174 0.146746 0
    outer loop
      vertex 50.4135 34.3779 0
      vertex 50.4783 33.9411 3
      vertex 50.4783 33.9411 0
    endloop
  endfacet
  facet normal -0.0491358 0.998792 0
    outer loop
      vertex 46 38 0
      vertex 45.5589 37.9783 3
      vertex 46 38 3
    endloop
  endfacet
  facet normal -0.0491358 0.998792 0
    outer loop
      vertex 45.5589 37.9783 3
      vertex 46 38 0
      vertex 45.5589 37.9783 0
    endloop
  endfacet
  facet normal 0.857773 0.514029 0
    outer loop
      vertex 49.9686 35.6213 3
      vertex 49.7416 36.0001 0
      vertex 49.7416 36.0001 3
    endloop
  endfacet
  facet normal 0.857773 0.514029 0
    outer loop
      vertex 49.7416 36.0001 0
      vertex 49.9686 35.6213 3
      vertex 49.9686 35.6213 0
    endloop
  endfacet
  facet normal 0.803168 0.595753 0
    outer loop
      vertex 49.7416 36.0001 3
      vertex 49.4785 36.3548 0
      vertex 49.4785 36.3548 3
    endloop
  endfacet
  facet normal 0.803168 0.595753 0
    outer loop
      vertex 49.4785 36.3548 0
      vertex 49.7416 36.0001 3
      vertex 49.7416 36.0001 0
    endloop
  endfacet
  facet normal -0.336738 0.941598 0
    outer loop
      vertex 44.6937 37.8062 0
      vertex 44.2779 37.6575 3
      vertex 44.6937 37.8062 3
    endloop
  endfacet
  facet normal -0.336738 0.941598 0
    outer loop
      vertex 44.2779 37.6575 3
      vertex 44.6937 37.8062 0
      vertex 44.2779 37.6575 0
    endloop
  endfacet
  facet normal 0.941598 0.336738 0
    outer loop
      vertex 50.3062 34.8063 3
      vertex 50.1575 35.2221 0
      vertex 50.1575 35.2221 3
    endloop
  endfacet
  facet normal 0.941598 0.336738 0
    outer loop
      vertex 50.1575 35.2221 0
      vertex 50.3062 34.8063 3
      vertex 50.3062 34.8063 0
    endloop
  endfacet
  facet normal 0.671488 0.741015 -0
    outer loop
      vertex 49.182 36.682 0
      vertex 48.8548 36.9785 3
      vertex 49.182 36.682 3
    endloop
  endfacet
  facet normal 0.671488 0.741015 0
    outer loop
      vertex 48.8548 36.9785 3
      vertex 49.182 36.682 0
      vertex 48.8548 36.9785 0
    endloop
  endfacet
  facet normal 0.595753 0.803168 -0
    outer loop
      vertex 48.8548 36.9785 0
      vertex 48.5001 37.2416 3
      vertex 48.8548 36.9785 3
    endloop
  endfacet
  facet normal 0.595753 0.803168 0
    outer loop
      vertex 48.5001 37.2416 3
      vertex 48.8548 36.9785 0
      vertex 48.5001 37.2416 0
    endloop
  endfacet
  facet normal -0.514029 0.857773 0
    outer loop
      vertex 43.8787 37.4686 0
      vertex 43.4999 37.2416 3
      vertex 43.8787 37.4686 3
    endloop
  endfacet
  facet normal -0.514029 0.857773 0
    outer loop
      vertex 43.4999 37.2416 3
      vertex 43.8787 37.4686 0
      vertex 43.4999 37.2416 0
    endloop
  endfacet
  facet normal 0.741015 -0.671488 0
    outer loop
      vertex 49.182 -36.682 3
      vertex 49.4785 -36.3548 0
      vertex 49.4785 -36.3548 3
    endloop
  endfacet
  facet normal 0.741015 -0.671488 0
    outer loop
      vertex 49.4785 -36.3548 0
      vertex 49.182 -36.682 3
      vertex 49.182 -36.682 0
    endloop
  endfacet
  facet normal -0.427726 -0.903908 0
    outer loop
      vertex 43.8787 -37.4686 0
      vertex 44.2779 -37.6575 3
      vertex 43.8787 -37.4686 3
    endloop
  endfacet
  facet normal -0.427726 -0.903908 -0
    outer loop
      vertex 44.2779 -37.6575 3
      vertex 43.8787 -37.4686 0
      vertex 44.2779 -37.6575 0
    endloop
  endfacet
  facet normal -0.242962 -0.970036 0
    outer loop
      vertex 44.6937 -37.8062 0
      vertex 45.1221 -37.9135 3
      vertex 44.6937 -37.8062 3
    endloop
  endfacet
  facet normal -0.242962 -0.970036 -0
    outer loop
      vertex 45.1221 -37.9135 3
      vertex 44.6937 -37.8062 0
      vertex 45.1221 -37.9135 0
    endloop
  endfacet
  facet normal 0.677106 0.735885 -0
    outer loop
      vertex 49.182 -30.318 0
      vertex 41.5 -23.2496 3
      vertex 49.182 -30.318 3
    endloop
  endfacet
  facet normal 0.677106 0.735885 0
    outer loop
      vertex 41.5 -23.2496 3
      vertex 49.182 -30.318 0
      vertex 41.5 -23.2496 0
    endloop
  endfacet
  facet normal -0.514029 -0.857773 0
    outer loop
      vertex 43.4999 -37.2416 0
      vertex 43.8787 -37.4686 3
      vertex 43.4999 -37.2416 3
    endloop
  endfacet
  facet normal -0.514029 -0.857773 -0
    outer loop
      vertex 43.8787 -37.4686 3
      vertex 43.4999 -37.2416 0
      vertex 43.8787 -37.4686 0
    endloop
  endfacet
  facet normal 0.989174 -0.146746 0
    outer loop
      vertex 50.4135 -34.3779 3
      vertex 50.4783 -33.9411 0
      vertex 50.4783 -33.9411 3
    endloop
  endfacet
  facet normal 0.989174 -0.146746 0
    outer loop
      vertex 50.4783 -33.9411 0
      vertex 50.4135 -34.3779 3
      vertex 50.4135 -34.3779 0
    endloop
  endfacet
  facet normal 0.242962 -0.970036 0
    outer loop
      vertex 46.8779 -37.9135 0
      vertex 47.3063 -37.8062 3
      vertex 46.8779 -37.9135 3
    endloop
  endfacet
  facet normal 0.242962 -0.970036 0
    outer loop
      vertex 47.3063 -37.8062 3
      vertex 46.8779 -37.9135 0
      vertex 47.3063 -37.8062 0
    endloop
  endfacet
  facet normal 0.970036 0.242962 0
    outer loop
      vertex 50.4135 -32.6221 3
      vertex 50.3062 -32.1937 0
      vertex 50.3062 -32.1937 3
    endloop
  endfacet
  facet normal 0.970036 0.242962 0
    outer loop
      vertex 50.3062 -32.1937 0
      vertex 50.4135 -32.6221 3
      vertex 50.4135 -32.6221 0
    endloop
  endfacet
  facet normal -0.595753 -0.803168 0
    outer loop
      vertex 43.1452 -36.9785 0
      vertex 43.4999 -37.2416 3
      vertex 43.1452 -36.9785 3
    endloop
  endfacet
  facet normal -0.595753 -0.803168 -0
    outer loop
      vertex 43.4999 -37.2416 3
      vertex 43.1452 -36.9785 0
      vertex 43.4999 -37.2416 0
    endloop
  endfacet
  facet normal -0.735885 -0.677106 0
    outer loop
      vertex 42.818 -36.682 0
      vertex 35.7496 -29 3
      vertex 35.7496 -29 0
    endloop
  endfacet
  facet normal -0.735885 -0.677106 0
    outer loop
      vertex 35.7496 -29 3
      vertex 42.818 -36.682 0
      vertex 42.818 -36.682 3
    endloop
  endfacet
  facet normal -0.146746 -0.989174 0
    outer loop
      vertex 45.1221 -37.9135 0
      vertex 45.5589 -37.9783 3
      vertex 45.1221 -37.9135 3
    endloop
  endfacet
  facet normal -0.146746 -0.989174 -0
    outer loop
      vertex 45.5589 -37.9783 3
      vertex 45.1221 -37.9135 0
      vertex 45.5589 -37.9783 0
    endloop
  endfacet
  facet normal 0.671488 -0.741015 0
    outer loop
      vertex 48.8548 -36.9785 0
      vertex 49.182 -36.682 3
      vertex 48.8548 -36.9785 3
    endloop
  endfacet
  facet normal 0.671488 -0.741015 0
    outer loop
      vertex 49.182 -36.682 3
      vertex 48.8548 -36.9785 0
      vertex 49.182 -36.682 0
    endloop
  endfacet
  facet normal 0.857773 -0.514029 0
    outer loop
      vertex 49.7416 -36.0001 3
      vertex 49.9686 -35.6213 0
      vertex 49.9686 -35.6213 3
    endloop
  endfacet
  facet normal 0.857773 -0.514029 0
    outer loop
      vertex 49.9686 -35.6213 0
      vertex 49.7416 -36.0001 3
      vertex 49.7416 -36.0001 0
    endloop
  endfacet
  facet normal 0.998792 0.0491358 0
    outer loop
      vertex 50.5 -33.5 3
      vertex 50.4783 -33.0589 0
      vertex 50.4783 -33.0589 3
    endloop
  endfacet
  facet normal 0.998792 0.0491358 0
    outer loop
      vertex 50.4783 -33.0589 0
      vertex 50.5 -33.5 3
      vertex 50.5 -33.5 0
    endloop
  endfacet
  facet normal -0.671488 -0.741015 0
    outer loop
      vertex 42.818 -36.682 0
      vertex 43.1452 -36.9785 3
      vertex 42.818 -36.682 3
    endloop
  endfacet
  facet normal -0.671488 -0.741015 -0
    outer loop
      vertex 43.1452 -36.9785 3
      vertex 42.818 -36.682 0
      vertex 43.1452 -36.9785 0
    endloop
  endfacet
  facet normal -0.0491358 -0.998792 0
    outer loop
      vertex 45.5589 -37.9783 0
      vertex 46 -38 3
      vertex 45.5589 -37.9783 3
    endloop
  endfacet
  facet normal -0.0491358 -0.998792 -0
    outer loop
      vertex 46 -38 3
      vertex 45.5589 -37.9783 0
      vertex 46 -38 0
    endloop
  endfacet
  facet normal 0.146746 -0.989174 0
    outer loop
      vertex 46.4411 -37.9783 0
      vertex 46.8779 -37.9135 3
      vertex 46.4411 -37.9783 3
    endloop
  endfacet
  facet normal 0.146746 -0.989174 0
    outer loop
      vertex 46.8779 -37.9135 3
      vertex 46.4411 -37.9783 0
      vertex 46.8779 -37.9135 0
    endloop
  endfacet
  facet normal 0.803168 -0.595753 0
    outer loop
      vertex 49.4785 -36.3548 3
      vertex 49.7416 -36.0001 0
      vertex 49.7416 -36.0001 3
    endloop
  endfacet
  facet normal 0.803168 -0.595753 0
    outer loop
      vertex 49.7416 -36.0001 0
      vertex 49.4785 -36.3548 3
      vertex 49.4785 -36.3548 0
    endloop
  endfacet
  facet normal 0.857773 0.514029 0
    outer loop
      vertex 49.9686 -31.3787 3
      vertex 49.7416 -30.9999 0
      vertex 49.7416 -30.9999 3
    endloop
  endfacet
  facet normal 0.857773 0.514029 0
    outer loop
      vertex 49.7416 -30.9999 0
      vertex 49.9686 -31.3787 3
      vertex 49.9686 -31.3787 0
    endloop
  endfacet
  facet normal 0.803168 0.595753 0
    outer loop
      vertex 49.7416 -30.9999 3
      vertex 49.4785 -30.6452 0
      vertex 49.4785 -30.6452 3
    endloop
  endfacet
  facet normal 0.803168 0.595753 0
    outer loop
      vertex 49.4785 -30.6452 0
      vertex 49.7416 -30.9999 3
      vertex 49.7416 -30.9999 0
    endloop
  endfacet
  facet normal 0.998792 -0.0491358 0
    outer loop
      vertex 50.4783 -33.9411 3
      vertex 50.5 -33.5 0
      vertex 50.5 -33.5 3
    endloop
  endfacet
  facet normal 0.998792 -0.0491358 0
    outer loop
      vertex 50.5 -33.5 0
      vertex 50.4783 -33.9411 3
      vertex 50.4783 -33.9411 0
    endloop
  endfacet
  facet normal 0.427726 -0.903908 0
    outer loop
      vertex 47.7221 -37.6575 0
      vertex 48.1213 -37.4686 3
      vertex 47.7221 -37.6575 3
    endloop
  endfacet
  facet normal 0.427726 -0.903908 0
    outer loop
      vertex 48.1213 -37.4686 3
      vertex 47.7221 -37.6575 0
      vertex 48.1213 -37.4686 0
    endloop
  endfacet
  facet normal 0.514029 -0.857773 0
    outer loop
      vertex 48.1213 -37.4686 0
      vertex 48.5001 -37.2416 3
      vertex 48.1213 -37.4686 3
    endloop
  endfacet
  facet normal 0.514029 -0.857773 0
    outer loop
      vertex 48.5001 -37.2416 3
      vertex 48.1213 -37.4686 0
      vertex 48.5001 -37.2416 0
    endloop
  endfacet
  facet normal 0.941598 -0.336738 0
    outer loop
      vertex 50.1575 -35.2221 3
      vertex 50.3062 -34.8063 0
      vertex 50.3062 -34.8063 3
    endloop
  endfacet
  facet normal 0.941598 -0.336738 0
    outer loop
      vertex 50.3062 -34.8063 0
      vertex 50.1575 -35.2221 3
      vertex 50.1575 -35.2221 0
    endloop
  endfacet
  facet normal -0.336738 -0.941598 0
    outer loop
      vertex 44.2779 -37.6575 0
      vertex 44.6937 -37.8062 3
      vertex 44.2779 -37.6575 3
    endloop
  endfacet
  facet normal -0.336738 -0.941598 -0
    outer loop
      vertex 44.6937 -37.8062 3
      vertex 44.2779 -37.6575 0
      vertex 44.6937 -37.8062 0
    endloop
  endfacet
  facet normal 0.0491358 -0.998792 0
    outer loop
      vertex 46 -38 0
      vertex 46.4411 -37.9783 3
      vertex 46 -38 3
    endloop
  endfacet
  facet normal 0.0491358 -0.998792 0
    outer loop
      vertex 46.4411 -37.9783 3
      vertex 46 -38 0
      vertex 46.4411 -37.9783 0
    endloop
  endfacet
  facet normal 0.989174 0.146746 0
    outer loop
      vertex 50.4783 -33.0589 3
      vertex 50.4135 -32.6221 0
      vertex 50.4135 -32.6221 3
    endloop
  endfacet
  facet normal 0.989174 0.146746 0
    outer loop
      vertex 50.4135 -32.6221 0
      vertex 50.4783 -33.0589 3
      vertex 50.4783 -33.0589 0
    endloop
  endfacet
  facet normal 0.741015 0.671488 0
    outer loop
      vertex 49.4785 -30.6452 3
      vertex 49.182 -30.318 0
      vertex 49.182 -30.318 3
    endloop
  endfacet
  facet normal 0.741015 0.671488 0
    outer loop
      vertex 49.182 -30.318 0
      vertex 49.4785 -30.6452 3
      vertex 49.4785 -30.6452 0
    endloop
  endfacet
  facet normal 0.595753 -0.803168 0
    outer loop
      vertex 48.5001 -37.2416 0
      vertex 48.8548 -36.9785 3
      vertex 48.5001 -37.2416 3
    endloop
  endfacet
  facet normal 0.595753 -0.803168 0
    outer loop
      vertex 48.8548 -36.9785 3
      vertex 48.5001 -37.2416 0
      vertex 48.8548 -36.9785 0
    endloop
  endfacet
  facet normal 0.336738 -0.941598 0
    outer loop
      vertex 47.3063 -37.8062 0
      vertex 47.7221 -37.6575 3
      vertex 47.3063 -37.8062 3
    endloop
  endfacet
  facet normal 0.336738 -0.941598 0
    outer loop
      vertex 47.7221 -37.6575 3
      vertex 47.3063 -37.8062 0
      vertex 47.7221 -37.6575 0
    endloop
  endfacet
  facet normal 0.941598 0.336738 0
    outer loop
      vertex 50.3062 -32.1937 3
      vertex 50.1575 -31.7779 0
      vertex 50.1575 -31.7779 3
    endloop
  endfacet
  facet normal 0.941598 0.336738 0
    outer loop
      vertex 50.1575 -31.7779 0
      vertex 50.3062 -32.1937 3
      vertex 50.3062 -32.1937 0
    endloop
  endfacet
  facet normal 0.903908 0.427726 0
    outer loop
      vertex 50.1575 -31.7779 3
      vertex 49.9686 -31.3787 0
      vertex 49.9686 -31.3787 3
    endloop
  endfacet
  facet normal 0.903908 0.427726 0
    outer loop
      vertex 49.9686 -31.3787 0
      vertex 50.1575 -31.7779 3
      vertex 50.1575 -31.7779 0
    endloop
  endfacet
  facet normal 0.970036 -0.242962 0
    outer loop
      vertex 50.3062 -34.8063 3
      vertex 50.4135 -34.3779 0
      vertex 50.4135 -34.3779 3
    endloop
  endfacet
  facet normal 0.970036 -0.242962 0
    outer loop
      vertex 50.4135 -34.3779 0
      vertex 50.3062 -34.8063 3
      vertex 50.3062 -34.8063 0
    endloop
  endfacet
  facet normal 0.903908 -0.427726 0
    outer loop
      vertex 49.9686 -35.6213 3
      vertex 50.1575 -35.2221 0
      vertex 50.1575 -35.2221 3
    endloop
  endfacet
  facet normal 0.903908 -0.427726 0
    outer loop
      vertex 50.1575 -35.2221 0
      vertex 49.9686 -35.6213 3
      vertex 49.9686 -35.6213 0
    endloop
  endfacet
  facet normal -1 0 0
    outer loop
      vertex -41.5 -23.2496 0
      vertex -41.5 23.2496 3
      vertex -41.5 23.2496 0
    endloop
  endfacet
  facet normal -1 -0 0
    outer loop
      vertex -41.5 23.2496 3
      vertex -41.5 -23.2496 0
      vertex -41.5 -23.2496 3
    endloop
  endfacet
  facet normal 1 -0 0
    outer loop
      vertex 41.5 -23.2496 3
      vertex 41.5 23.2496 0
      vertex 41.5 23.2496 3
    endloop
  endfacet
  facet normal 1 0 0
    outer loop
      vertex 41.5 23.2496 0
      vertex 41.5 -23.2496 3
      vertex 41.5 -23.2496 0
    endloop
  endfacet
  facet normal 0 -1 0
    outer loop
      vertex -35.7496 -29 0
      vertex 35.7496 -29 3
      vertex -35.7496 -29 3
    endloop
  endfacet
  facet normal 0 -1 -0
    outer loop
      vertex 35.7496 -29 3
      vertex -35.7496 -29 0
      vertex 35.7496 -29 0
    endloop
  endfacet
  facet normal 0 1 -0
    outer loop
      vertex 35.7496 29 0
      vertex -35.7496 29 3
      vertex 35.7496 29 3
    endloop
  endfacet
  facet normal 0 1 0
    outer loop
      vertex -35.7496 29 3
      vertex 35.7496 29 0
      vertex -35.7496 29 0
    endloop
  endfacet
  facet normal 0.740908 0.671607 0
    outer loop
      vertex 33.469 20.5532 5
      vertex 33.2713 20.7713 3
      vertex 33.2713 20.7713 5
    endloop
  endfacet
  facet normal 0.740908 0.671607 0
    outer loop
      vertex 33.2713 20.7713 3
      vertex 33.469 20.5532 5
      vertex 33.469 20.5532 3
    endloop
  endfacet
  facet normal 0 -1 0
    outer loop
      vertex -31.15 -21.65 3
      vertex 31.15 -21.65 5
      vertex -31.15 -21.65 5
    endloop
  endfacet
  facet normal 0 -1 -0
    outer loop
      vertex 31.15 -21.65 5
      vertex -31.15 -21.65 3
      vertex 31.15 -21.65 3
    endloop
  endfacet
  facet normal -0.857643 0.514246 0
    outer loop
      vertex -33.7958 20.0642 3
      vertex -33.6444 20.3167 5
      vertex -33.6444 20.3167 3
    endloop
  endfacet
  facet normal -0.857643 0.514246 0
    outer loop
      vertex -33.6444 20.3167 5
      vertex -33.7958 20.0642 3
      vertex -33.7958 20.0642 5
    endloop
  endfacet
  facet normal 0.514246 -0.857643 0
    outer loop
      vertex 32.5642 -21.2958 3
      vertex 32.8167 -21.1444 5
      vertex 32.5642 -21.2958 5
    endloop
  endfacet
  facet normal 0.514246 -0.857643 0
    outer loop
      vertex 32.8167 -21.1444 5
      vertex 32.5642 -21.2958 3
      vertex 32.8167 -21.1444 3
    endloop
  endfacet
  facet normal 0 1 -0
    outer loop
      vertex 31.15 21.65 3
      vertex -31.15 21.65 5
      vertex 31.15 21.65 5
    endloop
  endfacet
  facet normal 0 1 0
    outer loop
      vertex -31.15 21.65 5
      vertex 31.15 21.65 3
      vertex -31.15 21.65 3
    endloop
  endfacet
  facet normal 0.989182 0.146696 0
    outer loop
      vertex 34.1356 18.944 5
      vertex 34.0924 19.2353 3
      vertex 34.0924 19.2353 5
    endloop
  endfacet
  facet normal 0.989182 0.146696 0
    outer loop
      vertex 34.0924 19.2353 3
      vertex 34.1356 18.944 5
      vertex 34.1356 18.944 3
    endloop
  endfacet
  facet normal -0.671607 0.740908 0
    outer loop
      vertex -33.0532 20.969 3
      vertex -33.2713 20.7713 5
      vertex -33.0532 20.969 5
    endloop
  endfacet
  facet normal -0.671607 0.740908 0
    outer loop
      vertex -33.2713 20.7713 5
      vertex -33.0532 20.969 3
      vertex -33.2713 20.7713 3
    endloop
  endfacet
  facet normal -0.0489209 -0.998803 0
    outer loop
      vertex -31.444 -21.6356 3
      vertex -31.15 -21.65 5
      vertex -31.444 -21.6356 5
    endloop
  endfacet
  facet normal -0.0489209 -0.998803 -0
    outer loop
      vertex -31.15 -21.65 5
      vertex -31.444 -21.6356 3
      vertex -31.15 -21.65 3
    endloop
  endfacet
  facet normal 0.514246 0.857643 -0
    outer loop
      vertex 32.8167 21.1444 3
      vertex 32.5642 21.2958 5
      vertex 32.8167 21.1444 5
    endloop
  endfacet
  facet normal 0.514246 0.857643 0
    outer loop
      vertex 32.5642 21.2958 5
      vertex 32.8167 21.1444 3
      vertex 32.5642 21.2958 3
    endloop
  endfacet
  facet normal -0.904125 -0.427269 0
    outer loop
      vertex -33.7958 -20.0642 3
      vertex -33.9216 -19.798 5
      vertex -33.9216 -19.798 3
    endloop
  endfacet
  facet normal -0.904125 -0.427269 0
    outer loop
      vertex -33.9216 -19.798 5
      vertex -33.7958 -20.0642 3
      vertex -33.7958 -20.0642 5
    endloop
  endfacet
  facet normal -0.337047 -0.941488 0
    outer loop
      vertex -32.298 -21.4216 3
      vertex -32.0209 -21.5208 5
      vertex -32.298 -21.4216 5
    endloop
  endfacet
  facet normal -0.337047 -0.941488 -0
    outer loop
      vertex -32.0209 -21.5208 5
      vertex -32.298 -21.4216 3
      vertex -32.0209 -21.5208 3
    endloop
  endfacet
  facet normal -0.989182 -0.146696 0
    outer loop
      vertex -34.0924 -19.2353 3
      vertex -34.1356 -18.944 5
      vertex -34.1356 -18.944 3
    endloop
  endfacet
  facet normal -0.989182 -0.146696 0
    outer loop
      vertex -34.1356 -18.944 5
      vertex -34.0924 -19.2353 3
      vertex -34.0924 -19.2353 5
    endloop
  endfacet
  facet normal -0.427269 0.904125 0
    outer loop
      vertex -32.298 21.4216 3
      vertex -32.5642 21.2958 5
      vertex -32.298 21.4216 5
    endloop
  endfacet
  facet normal -0.427269 0.904125 0
    outer loop
      vertex -32.5642 21.2958 5
      vertex -32.298 21.4216 3
      vertex -32.5642 21.2958 3
    endloop
  endfacet
  facet normal 0.904125 -0.427269 0
    outer loop
      vertex 33.7958 -20.0642 5
      vertex 33.9216 -19.798 3
      vertex 33.9216 -19.798 5
    endloop
  endfacet
  facet normal 0.904125 -0.427269 0
    outer loop
      vertex 33.9216 -19.798 3
      vertex 33.7958 -20.0642 5
      vertex 33.7958 -20.0642 3
    endloop
  endfacet
  facet normal -1 0 0
    outer loop
      vertex -34.15 18.65 3
      vertex -34.15 5.84783 4.2
      vertex -34.15 18.65 5
    endloop
  endfacet
  facet normal -1 0 0
    outer loop
      vertex -34.15 18.65 3
      vertex -34.15 -5.84783 4.2
      vertex -34.15 5.84783 4.2
    endloop
  endfacet
  facet normal -1 0 0
    outer loop
      vertex -34.15 -18.65 3
      vertex -34.15 -5.84783 4.2
      vertex -34.15 18.65 3
    endloop
  endfacet
  facet normal -1 0 0
    outer loop
      vertex -34.15 -18.65 5
      vertex -34.15 -5.84783 4.2
      vertex -34.15 -18.65 3
    endloop
  endfacet
  facet normal -1 0 0
    outer loop
      vertex -34.15 -5.84783 4.2
      vertex -34.15 -18.65 5
      vertex -34.15 -5.84783 5
    endloop
  endfacet
  facet normal -1 -0 0
    outer loop
      vertex -34.15 18.65 5
      vertex -34.15 5.84783 4.2
      vertex -34.15 5.84783 5
    endloop
  endfacet
  facet normal 0.146696 -0.989182 0
    outer loop
      vertex 31.444 -21.6356 3
      vertex 31.7353 -21.5924 5
      vertex 31.444 -21.6356 5
    endloop
  endfacet
  facet normal 0.146696 -0.989182 0
    outer loop
      vertex 31.7353 -21.5924 5
      vertex 31.444 -21.6356 3
      vertex 31.7353 -21.5924 3
    endloop
  endfacet
  facet normal -0.146696 0.989182 0
    outer loop
      vertex -31.444 21.6356 3
      vertex -31.7353 21.5924 5
      vertex -31.444 21.6356 5
    endloop
  endfacet
  facet normal -0.146696 0.989182 0
    outer loop
      vertex -31.7353 21.5924 5
      vertex -31.444 21.6356 3
      vertex -31.7353 21.5924 3
    endloop
  endfacet
  facet normal 0.243175 -0.969982 0
    outer loop
      vertex 31.7353 -21.5924 3
      vertex 32.0209 -21.5208 5
      vertex 31.7353 -21.5924 5
    endloop
  endfacet
  facet normal 0.243175 -0.969982 0
    outer loop
      vertex 32.0209 -21.5208 5
      vertex 31.7353 -21.5924 3
      vertex 32.0209 -21.5208 3
    endloop
  endfacet
  facet normal 0.904125 0.427269 0
    outer loop
      vertex 33.9216 19.798 5
      vertex 33.7958 20.0642 3
      vertex 33.7958 20.0642 5
    endloop
  endfacet
  facet normal 0.904125 0.427269 0
    outer loop
      vertex 33.7958 20.0642 3
      vertex 33.9216 19.798 5
      vertex 33.9216 19.798 3
    endloop
  endfacet
  facet normal 0.941488 0.337047 0
    outer loop
      vertex 34.0208 19.5209 5
      vertex 33.9216 19.798 3
      vertex 33.9216 19.798 5
    endloop
  endfacet
  facet normal 0.941488 0.337047 0
    outer loop
      vertex 33.9216 19.798 3
      vertex 34.0208 19.5209 5
      vertex 34.0208 19.5209 3
    endloop
  endfacet
  facet normal 0.969982 -0.243175 0
    outer loop
      vertex 34.0208 -19.5209 5
      vertex 34.0924 -19.2353 3
      vertex 34.0924 -19.2353 5
    endloop
  endfacet
  facet normal 0.969982 -0.243175 0
    outer loop
      vertex 34.0924 -19.2353 3
      vertex 34.0208 -19.5209 5
      vertex 34.0208 -19.5209 3
    endloop
  endfacet
  facet normal -0.0489209 0.998803 0
    outer loop
      vertex -31.15 21.65 3
      vertex -31.444 21.6356 5
      vertex -31.15 21.65 5
    endloop
  endfacet
  facet normal -0.0489209 0.998803 0
    outer loop
      vertex -31.444 21.6356 5
      vertex -31.15 21.65 3
      vertex -31.444 21.6356 3
    endloop
  endfacet
  facet normal 0.595699 0.803208 -0
    outer loop
      vertex 33.0532 20.969 3
      vertex 32.8167 21.1444 5
      vertex 33.0532 20.969 5
    endloop
  endfacet
  facet normal 0.595699 0.803208 0
    outer loop
      vertex 32.8167 21.1444 5
      vertex 33.0532 20.969 3
      vertex 32.8167 21.1444 3
    endloop
  endfacet
  facet normal -0.427269 -0.904125 0
    outer loop
      vertex -32.5642 -21.2958 3
      vertex -32.298 -21.4216 5
      vertex -32.5642 -21.2958 5
    endloop
  endfacet
  facet normal -0.427269 -0.904125 -0
    outer loop
      vertex -32.298 -21.4216 5
      vertex -32.5642 -21.2958 3
      vertex -32.298 -21.4216 3
    endloop
  endfacet
  facet normal 0.337047 -0.941488 0
    outer loop
      vertex 32.0209 -21.5208 3
      vertex 32.298 -21.4216 5
      vertex 32.0209 -21.5208 5
    endloop
  endfacet
  facet normal 0.337047 -0.941488 0
    outer loop
      vertex 32.298 -21.4216 5
      vertex 32.0209 -21.5208 3
      vertex 32.298 -21.4216 3
    endloop
  endfacet
  facet normal -0.989182 0.146696 0
    outer loop
      vertex -34.1356 18.944 3
      vertex -34.0924 19.2353 5
      vertex -34.0924 19.2353 3
    endloop
  endfacet
  facet normal -0.989182 0.146696 0
    outer loop
      vertex -34.0924 19.2353 5
      vertex -34.1356 18.944 3
      vertex -34.1356 18.944 5
    endloop
  endfacet
  facet normal -0.595699 -0.803208 0
    outer loop
      vertex -33.0532 -20.969 3
      vertex -32.8167 -21.1444 5
      vertex -33.0532 -20.969 5
    endloop
  endfacet
  facet normal -0.595699 -0.803208 -0
    outer loop
      vertex -32.8167 -21.1444 5
      vertex -33.0532 -20.969 3
      vertex -32.8167 -21.1444 3
    endloop
  endfacet
  facet normal 0.0489209 -0.998803 0
    outer loop
      vertex 31.15 -21.65 3
      vertex 31.444 -21.6356 5
      vertex 31.15 -21.65 5
    endloop
  endfacet
  facet normal 0.0489209 -0.998803 0
    outer loop
      vertex 31.444 -21.6356 5
      vertex 31.15 -21.65 3
      vertex 31.444 -21.6356 3
    endloop
  endfacet
  facet normal 0.243175 0.969982 -0
    outer loop
      vertex 32.0209 21.5208 3
      vertex 31.7353 21.5924 5
      vertex 32.0209 21.5208 5
    endloop
  endfacet
  facet normal 0.243175 0.969982 0
    outer loop
      vertex 31.7353 21.5924 5
      vertex 32.0209 21.5208 3
      vertex 31.7353 21.5924 3
    endloop
  endfacet
  facet normal 0.998803 -0.0489209 0
    outer loop
      vertex 34.1356 -18.944 5
      vertex 34.15 -18.65 3
      vertex 34.15 -18.65 5
    endloop
  endfacet
  facet normal 0.998803 -0.0489209 0
    outer loop
      vertex 34.15 -18.65 3
      vertex 34.1356 -18.944 5
      vertex 34.1356 -18.944 3
    endloop
  endfacet
  facet normal 1 -0 0
    outer loop
      vertex 34.15 -18.65 5
      vertex 34.15 18.65 3
      vertex 34.15 18.65 5
    endloop
  endfacet
  facet normal 1 0 0
    outer loop
      vertex 34.15 18.65 3
      vertex 34.15 -18.65 5
      vertex 34.15 -18.65 3
    endloop
  endfacet
  facet normal 0.671607 -0.740908 0
    outer loop
      vertex 33.0532 -20.969 3
      vertex 33.2713 -20.7713 5
      vertex 33.0532 -20.969 5
    endloop
  endfacet
  facet normal 0.671607 -0.740908 0
    outer loop
      vertex 33.2713 -20.7713 5
      vertex 33.0532 -20.969 3
      vertex 33.2713 -20.7713 3
    endloop
  endfacet
  facet normal -0.969982 -0.243175 0
    outer loop
      vertex -34.0208 -19.5209 3
      vertex -34.0924 -19.2353 5
      vertex -34.0924 -19.2353 3
    endloop
  endfacet
  facet normal -0.969982 -0.243175 0
    outer loop
      vertex -34.0924 -19.2353 5
      vertex -34.0208 -19.5209 3
      vertex -34.0208 -19.5209 5
    endloop
  endfacet
  facet normal -0.671607 -0.740908 0
    outer loop
      vertex -33.2713 -20.7713 3
      vertex -33.0532 -20.969 5
      vertex -33.2713 -20.7713 5
    endloop
  endfacet
  facet normal -0.671607 -0.740908 -0
    outer loop
      vertex -33.0532 -20.969 5
      vertex -33.2713 -20.7713 3
      vertex -33.0532 -20.969 3
    endloop
  endfacet
  facet normal -0.514246 -0.857643 0
    outer loop
      vertex -32.8167 -21.1444 3
      vertex -32.5642 -21.2958 5
      vertex -32.8167 -21.1444 5
    endloop
  endfacet
  facet normal -0.514246 -0.857643 -0
    outer loop
      vertex -32.5642 -21.2958 5
      vertex -32.8167 -21.1444 3
      vertex -32.5642 -21.2958 3
    endloop
  endfacet
  facet normal -0.243175 0.969982 0
    outer loop
      vertex -31.7353 21.5924 3
      vertex -32.0209 21.5208 5
      vertex -31.7353 21.5924 5
    endloop
  endfacet
  facet normal -0.243175 0.969982 0
    outer loop
      vertex -32.0209 21.5208 5
      vertex -31.7353 21.5924 3
      vertex -32.0209 21.5208 3
    endloop
  endfacet
  facet normal 0.998803 0.0489209 0
    outer loop
      vertex 34.15 18.65 5
      vertex 34.1356 18.944 3
      vertex 34.1356 18.944 5
    endloop
  endfacet
  facet normal 0.998803 0.0489209 0
    outer loop
      vertex 34.1356 18.944 3
      vertex 34.15 18.65 5
      vertex 34.15 18.65 3
    endloop
  endfacet
  facet normal 0.803208 0.595699 0
    outer loop
      vertex 33.6444 20.3167 5
      vertex 33.469 20.5532 3
      vertex 33.469 20.5532 5
    endloop
  endfacet
  facet normal 0.803208 0.595699 0
    outer loop
      vertex 33.469 20.5532 3
      vertex 33.6444 20.3167 5
      vertex 33.6444 20.3167 3
    endloop
  endfacet
  facet normal 0.146696 0.989182 -0
    outer loop
      vertex 31.7353 21.5924 3
      vertex 31.444 21.6356 5
      vertex 31.7353 21.5924 5
    endloop
  endfacet
  facet normal 0.146696 0.989182 0
    outer loop
      vertex 31.444 21.6356 5
      vertex 31.7353 21.5924 3
      vertex 31.444 21.6356 3
    endloop
  endfacet
  facet normal -0.146696 -0.989182 0
    outer loop
      vertex -31.7353 -21.5924 3
      vertex -31.444 -21.6356 5
      vertex -31.7353 -21.5924 5
    endloop
  endfacet
  facet normal -0.146696 -0.989182 -0
    outer loop
      vertex -31.444 -21.6356 5
      vertex -31.7353 -21.5924 3
      vertex -31.444 -21.6356 3
    endloop
  endfacet
  facet normal 0.427269 0.904125 -0
    outer loop
      vertex 32.5642 21.2958 3
      vertex 32.298 21.4216 5
      vertex 32.5642 21.2958 5
    endloop
  endfacet
  facet normal 0.427269 0.904125 0
    outer loop
      vertex 32.298 21.4216 5
      vertex 32.5642 21.2958 3
      vertex 32.298 21.4216 3
    endloop
  endfacet
  facet normal -0.337047 0.941488 0
    outer loop
      vertex -32.0209 21.5208 3
      vertex -32.298 21.4216 5
      vertex -32.0209 21.5208 5
    endloop
  endfacet
  facet normal -0.337047 0.941488 0
    outer loop
      vertex -32.298 21.4216 5
      vertex -32.0209 21.5208 3
      vertex -32.298 21.4216 3
    endloop
  endfacet
  facet normal -0.857643 -0.514246 0
    outer loop
      vertex -33.6444 -20.3167 3
      vertex -33.7958 -20.0642 5
      vertex -33.7958 -20.0642 3
    endloop
  endfacet
  facet normal -0.857643 -0.514246 0
    outer loop
      vertex -33.7958 -20.0642 5
      vertex -33.6444 -20.3167 3
      vertex -33.6444 -20.3167 5
    endloop
  endfacet
  facet normal 0.337047 0.941488 -0
    outer loop
      vertex 32.298 21.4216 3
      vertex 32.0209 21.5208 5
      vertex 32.298 21.4216 5
    endloop
  endfacet
  facet normal 0.337047 0.941488 0
    outer loop
      vertex 32.0209 21.5208 5
      vertex 32.298 21.4216 3
      vertex 32.0209 21.5208 3
    endloop
  endfacet
  facet normal -0.998803 0.0489209 0
    outer loop
      vertex -34.15 18.65 3
      vertex -34.1356 18.944 5
      vertex -34.1356 18.944 3
    endloop
  endfacet
  facet normal -0.998803 0.0489209 0
    outer loop
      vertex -34.1356 18.944 5
      vertex -34.15 18.65 3
      vertex -34.15 18.65 5
    endloop
  endfacet
  facet normal 0.595699 -0.803208 0
    outer loop
      vertex 32.8167 -21.1444 3
      vertex 33.0532 -20.969 5
      vertex 32.8167 -21.1444 5
    endloop
  endfacet
  facet normal 0.595699 -0.803208 0
    outer loop
      vertex 33.0532 -20.969 5
      vertex 32.8167 -21.1444 3
      vertex 33.0532 -20.969 3
    endloop
  endfacet
  facet normal 0.969982 0.243175 0
    outer loop
      vertex 34.0924 19.2353 5
      vertex 34.0208 19.5209 3
      vertex 34.0208 19.5209 5
    endloop
  endfacet
  facet normal 0.969982 0.243175 0
    outer loop
      vertex 34.0208 19.5209 3
      vertex 34.0924 19.2353 5
      vertex 34.0924 19.2353 3
    endloop
  endfacet
  facet normal 0.0489209 0.998803 -0
    outer loop
      vertex 31.444 21.6356 3
      vertex 31.15 21.65 5
      vertex 31.444 21.6356 5
    endloop
  endfacet
  facet normal 0.0489209 0.998803 0
    outer loop
      vertex 31.15 21.65 5
      vertex 31.444 21.6356 3
      vertex 31.15 21.65 3
    endloop
  endfacet
  facet normal 0.857643 0.514246 0
    outer loop
      vertex 33.7958 20.0642 5
      vertex 33.6444 20.3167 3
      vertex 33.6444 20.3167 5
    endloop
  endfacet
  facet normal 0.857643 0.514246 0
    outer loop
      vertex 33.6444 20.3167 3
      vertex 33.7958 20.0642 5
      vertex 33.7958 20.0642 3
    endloop
  endfacet
  facet normal -0.998803 -0.0489209 0
    outer loop
      vertex -34.1356 -18.944 3
      vertex -34.15 -18.65 5
      vertex -34.15 -18.65 3
    endloop
  endfacet
  facet normal -0.998803 -0.0489209 0
    outer loop
      vertex -34.15 -18.65 5
      vertex -34.1356 -18.944 3
      vertex -34.1356 -18.944 5
    endloop
  endfacet
  facet normal -0.243175 -0.969982 0
    outer loop
      vertex -32.0209 -21.5208 3
      vertex -31.7353 -21.5924 5
      vertex -32.0209 -21.5208 5
    endloop
  endfacet
  facet normal -0.243175 -0.969982 -0
    outer loop
      vertex -31.7353 -21.5924 5
      vertex -32.0209 -21.5208 3
      vertex -31.7353 -21.5924 3
    endloop
  endfacet
  facet normal -0.740908 -0.671607 0
    outer loop
      vertex -33.2713 -20.7713 3
      vertex -33.469 -20.5532 5
      vertex -33.469 -20.5532 3
    endloop
  endfacet
  facet normal -0.740908 -0.671607 0
    outer loop
      vertex -33.469 -20.5532 5
      vertex -33.2713 -20.7713 3
      vertex -33.2713 -20.7713 5
    endloop
  endfacet
  facet normal -0.941488 -0.337047 0
    outer loop
      vertex -33.9216 -19.798 3
      vertex -34.0208 -19.5209 5
      vertex -34.0208 -19.5209 3
    endloop
  endfacet
  facet normal -0.941488 -0.337047 0
    outer loop
      vertex -34.0208 -19.5209 5
      vertex -33.9216 -19.798 3
      vertex -33.9216 -19.798 5
    endloop
  endfacet
  facet normal -0.595699 0.803208 0
    outer loop
      vertex -32.8167 21.1444 3
      vertex -33.0532 20.969 5
      vertex -32.8167 21.1444 5
    endloop
  endfacet
  facet normal -0.595699 0.803208 0
    outer loop
      vertex -33.0532 20.969 5
      vertex -32.8167 21.1444 3
      vertex -33.0532 20.969 3
    endloop
  endfacet
  facet normal 0 0 1
    outer loop
      vertex 31.15 21.65 5
      vertex 34.15 18.65 5
      vertex 34.1356 18.944 5
    endloop
  endfacet
  facet normal 0 0 1
    outer loop
      vertex 34.15 18.65 5
      vertex 28 0 5
      vertex 34.15 -18.65 5
    endloop
  endfacet
  facet normal 0 0 1
    outer loop
      vertex 31.15 21.65 5
      vertex 34.1356 18.944 5
      vertex 34.0924 19.2353 5
    endloop
  endfacet
  facet normal -0 0 1
    outer loop
      vertex 27.9711 -0.588102 5
      vertex 34.15 -18.65 5
      vertex 28 0 5
    endloop
  endfacet
  facet normal 0 0 1
    outer loop
      vertex 31.15 21.65 5
      vertex 34.0924 19.2353 5
      vertex 34.0208 19.5209 5
    endloop
  endfacet
  facet normal -0 0 1
    outer loop
      vertex 27.8847 -1.17054 5
      vertex 34.15 -18.65 5
      vertex 27.9711 -0.588102 5
    endloop
  endfacet
  facet normal 0 0 1
    outer loop
      vertex 31.15 21.65 5
      vertex 34.0208 19.5209 5
      vertex 33.9216 19.798 5
    endloop
  endfacet
  facet normal -0 0 1
    outer loop
      vertex 27.7416 -1.74171 5
      vertex 34.15 -18.65 5
      vertex 27.8847 -1.17054 5
    endloop
  endfacet
  facet normal 0 0 1
    outer loop
      vertex 31.15 21.65 5
      vertex 33.9216 19.798 5
      vertex 33.7958 20.0642 5
    endloop
  endfacet
  facet normal -0 0 1
    outer loop
      vertex 27.5433 -2.2961 5
      vertex 34.15 -18.65 5
      vertex 27.7416 -1.74171 5
    endloop
  endfacet
  facet normal 0 0 1
    outer loop
      vertex 31.15 21.65 5
      vertex 33.7958 20.0642 5
      vertex 33.6444 20.3167 5
    endloop
  endfacet
  facet normal -0 0 1
    outer loop
      vertex 27.2915 -2.82838 5
      vertex 34.15 -18.65 5
      vertex 27.5433 -2.2961 5
    endloop
  endfacet
  facet normal 0 0 1
    outer loop
      vertex 31.15 21.65 5
      vertex 33.6444 20.3167 5
      vertex 33.469 20.5532 5
    endloop
  endfacet
  facet normal -0 0 1
    outer loop
      vertex 26.9888 -3.33342 5
      vertex 34.15 -18.65 5
      vertex 27.2915 -2.82838 5
    endloop
  endfacet
  facet normal 0 0 1
    outer loop
      vertex 31.15 21.65 5
      vertex 33.469 20.5532 5
      vertex 33.2713 20.7713 5
    endloop
  endfacet
  facet normal -0 0 1
    outer loop
      vertex 26.6381 -3.80636 5
      vertex 34.15 -18.65 5
      vertex 26.9888 -3.33342 5
    endloop
  endfacet
  facet normal 0 0 1
    outer loop
      vertex 31.15 21.65 5
      vertex 33.2713 20.7713 5
      vertex 33.0532 20.969 5
    endloop
  endfacet
  facet normal -0 0 1
    outer loop
      vertex 26.2426 -4.24264 5
      vertex 34.15 -18.65 5
      vertex 26.6381 -3.80636 5
    endloop
  endfacet
  facet normal 0 0 1
    outer loop
      vertex 31.15 21.65 5
      vertex 33.0532 20.969 5
      vertex 32.8167 21.1444 5
    endloop
  endfacet
  facet normal -0 0 1
    outer loop
      vertex 25.8064 -4.63806 5
      vertex 34.15 -18.65 5
      vertex 26.2426 -4.24264 5
    endloop
  endfacet
  facet normal 0 0 1
    outer loop
      vertex 31.15 21.65 5
      vertex 32.8167 21.1444 5
      vertex 32.5642 21.2958 5
    endloop
  endfacet
  facet normal -0 0 1
    outer loop
      vertex 25.3334 -4.98882 5
      vertex 34.15 -18.65 5
      vertex 25.8064 -4.63806 5
    endloop
  endfacet
  facet normal 0 0 1
    outer loop
      vertex 31.15 21.65 5
      vertex 32.5642 21.2958 5
      vertex 32.298 21.4216 5
    endloop
  endfacet
  facet normal -0 0 1
    outer loop
      vertex 24.8284 -5.29153 5
      vertex 34.15 -18.65 5
      vertex 25.3334 -4.98882 5
    endloop
  endfacet
  facet normal 0 0 1
    outer loop
      vertex 31.15 21.65 5
      vertex 32.298 21.4216 5
      vertex 32.0209 21.5208 5
    endloop
  endfacet
  facet normal -0 0 1
    outer loop
      vertex 24.2961 -5.54328 5
      vertex 34.15 -18.65 5
      vertex 24.8284 -5.29153 5
    endloop
  endfacet
  facet normal 0 0 1
    outer loop
      vertex 31.15 21.65 5
      vertex 32.0209 21.5208 5
      vertex 31.7353 21.5924 5
    endloop
  endfacet
  facet normal -0 0 1
    outer loop
      vertex 23.7417 -5.74164 5
      vertex 34.15 -18.65 5
      vertex 24.2961 -5.54328 5
    endloop
  endfacet
  facet normal 0 0 1
    outer loop
      vertex 31.15 21.65 5
      vertex 31.7353 21.5924 5
      vertex 31.444 21.6356 5
    endloop
  endfacet
  facet normal 0 -0 1
    outer loop
      vertex 31.15 -21.65 5
      vertex 34.15 -18.65 5
      vertex 23.7417 -5.74164 5
    endloop
  endfacet
  facet normal 0 0 1
    outer loop
      vertex 34.15 18.65 5
      vertex 31.15 21.65 5
      vertex 23.7417 5.74164 5
    endloop
  endfacet
  facet normal 0 0 1
    outer loop
      vertex 34.1356 -18.944 5
      vertex 31.15 -21.65 5
      vertex 34.0924 -19.2353 5
    endloop
  endfacet
  facet normal 0 0 1
    outer loop
      vertex 34.0924 -19.2353 5
      vertex 31.15 -21.65 5
      vertex 34.0208 -19.5209 5
    endloop
  endfacet
  facet normal 0 0 1
    outer loop
      vertex 34.15 18.65 5
      vertex 27.9711 0.588102 5
      vertex 28 0 5
    endloop
  endfacet
  facet normal 0 0 1
    outer loop
      vertex 34.15 18.65 5
      vertex 27.8847 1.17054 5
      vertex 27.9711 0.588102 5
    endloop
  endfacet
  facet normal 0 0 1
    outer loop
      vertex 34.15 18.65 5
      vertex 27.7416 1.74171 5
      vertex 27.8847 1.17054 5
    endloop
  endfacet
  facet normal 0 0 1
    outer loop
      vertex 34.15 18.65 5
      vertex 27.5433 2.2961 5
      vertex 27.7416 1.74171 5
    endloop
  endfacet
  facet normal 0 0 1
    outer loop
      vertex 34.15 18.65 5
      vertex 27.2915 2.82838 5
      vertex 27.5433 2.2961 5
    endloop
  endfacet
  facet normal 0 0 1
    outer loop
      vertex 34.15 18.65 5
      vertex 26.9888 3.33342 5
      vertex 27.2915 2.82838 5
    endloop
  endfacet
  facet normal 0 0 1
    outer loop
      vertex 34.15 18.65 5
      vertex 26.6381 3.80636 5
      vertex 26.9888 3.33342 5
    endloop
  endfacet
  facet normal 0 0 1
    outer loop
      vertex 34.15 18.65 5
      vertex 26.2426 4.24264 5
      vertex 26.6381 3.80636 5
    endloop
  endfacet
  facet normal 0 0 1
    outer loop
      vertex 34.15 18.65 5
      vertex 25.8064 4.63806 5
      vertex 26.2426 4.24264 5
    endloop
  endfacet
  facet normal 0 0 1
    outer loop
      vertex 34.15 18.65 5
      vertex 25.3334 4.98882 5
      vertex 25.8064 4.63806 5
    endloop
  endfacet
  facet normal 0 0 1
    outer loop
      vertex 34.15 18.65 5
      vertex 24.8284 5.29153 5
      vertex 25.3334 4.98882 5
    endloop
  endfacet
  facet normal 0 0 1
    outer loop
      vertex 34.15 18.65 5
      vertex 24.2961 5.54328 5
      vertex 24.8284 5.29153 5
    endloop
  endfacet
  facet normal 0 0 1
    outer loop
      vertex 34.15 18.65 5
      vertex 23.7417 5.74164 5
      vertex 24.2961 5.54328 5
    endloop
  endfacet
  facet normal 0 0 1
    outer loop
      vertex 31.15 21.65 5
      vertex 23.1705 5.88471 5
      vertex 23.7417 5.74164 5
    endloop
  endfacet
  facet normal 0 0 1
    outer loop
      vertex 31.15 21.65 5
      vertex 22.5881 5.97111 5
      vertex 23.1705 5.88471 5
    endloop
  endfacet
  facet normal 0 0 1
    outer loop
      vertex 31.15 21.65 5
      vertex 22 6 5
      vertex 22.5881 5.97111 5
    endloop
  endfacet
  facet normal 0 0 1
    outer loop
      vertex 31.15 21.65 5
      vertex 21.4119 5.97111 5
      vertex 22 6 5
    endloop
  endfacet
  facet normal 0 0 1
    outer loop
      vertex 31.15 21.65 5
      vertex 20.8295 5.88471 5
      vertex 21.4119 5.97111 5
    endloop
  endfacet
  facet normal 0 0 1
    outer loop
      vertex 31.15 21.65 5
      vertex 20.2583 5.74164 5
      vertex 20.8295 5.88471 5
    endloop
  endfacet
  facet normal 0 0 1
    outer loop
      vertex 31.15 21.65 5
      vertex 19.7039 5.54328 5
      vertex 20.2583 5.74164 5
    endloop
  endfacet
  facet normal 0 0 1
    outer loop
      vertex 31.15 21.65 5
      vertex 19.1716 5.29153 5
      vertex 19.7039 5.54328 5
    endloop
  endfacet
  facet normal -0 0 1
    outer loop
      vertex -12.4541 9.54594 5
      vertex 19.1716 5.29153 5
      vertex 31.15 21.65 5
    endloop
  endfacet
  facet normal 0 0 1
    outer loop
      vertex 19.1716 5.29153 5
      vertex -12.4541 9.54594 5
      vertex 18.6666 4.98882 5
    endloop
  endfacet
  facet normal -0 -0 1
    outer loop
      vertex -11.5644 8.56431 5
      vertex 18.6666 4.98882 5
      vertex -12.4541 9.54594 5
    endloop
  endfacet
  facet normal 0 0 1
    outer loop
      vertex 18.6666 4.98882 5
      vertex -11.5644 8.56431 5
      vertex 18.1936 4.63806 5
    endloop
  endfacet
  facet normal 0 0 1
    outer loop
      vertex 16.0289 0.588102 5
      vertex -8.5 0 5
      vertex 16 0 5
    endloop
  endfacet
  facet normal 0 0 1
    outer loop
      vertex -8.56501 1.32323 5
      vertex 16.0289 0.588102 5
      vertex 16.1153 1.17054 5
    endloop
  endfacet
  facet normal 0 0 1
    outer loop
      vertex -8.7594 2.63372 5
      vertex 16.1153 1.17054 5
      vertex 16.2584 1.74171 5
    endloop
  endfacet
  facet normal 0 0 1
    outer loop
      vertex -8.7594 2.63372 5
      vertex 16.2584 1.74171 5
      vertex 16.4567 2.2961 5
    endloop
  endfacet
  facet normal 0 0 1
    outer loop
      vertex -9.0813 3.91884 5
      vertex 16.4567 2.2961 5
      vertex 16.7085 2.82838 5
    endloop
  endfacet
  facet normal 0 0 1
    outer loop
      vertex -9.52763 5.16623 5
      vertex 16.7085 2.82838 5
      vertex 17.0112 3.33342 5
    endloop
  endfacet
  facet normal 0 0 1
    outer loop
      vertex -10.0941 6.36386 5
      vertex 17.0112 3.33342 5
      vertex 17.3619 3.80636 5
    endloop
  endfacet
  facet normal -0 -0 1
    outer loop
      vertex -10.7752 7.5002 5
      vertex 18.1936 4.63806 5
      vertex -11.5644 8.56431 5
    endloop
  endfacet
  facet normal 0 0 1
    outer loop
      vertex 16.0289 0.588102 5
      vertex -8.56501 1.32323 5
      vertex -8.5 0 5
    endloop
  endfacet
  facet normal 0 0 1
    outer loop
      vertex 16.1153 1.17054 5
      vertex -8.7594 2.63372 5
      vertex -8.56501 1.32323 5
    endloop
  endfacet
  facet normal 0 0 1
    outer loop
      vertex 16.4567 2.2961 5
      vertex -9.0813 3.91884 5
      vertex -8.7594 2.63372 5
    endloop
  endfacet
  facet normal 0 0 1
    outer loop
      vertex 16.7085 2.82838 5
      vertex -9.52763 5.16623 5
      vertex -9.0813 3.91884 5
    endloop
  endfacet
  facet normal 0 0 1
    outer loop
      vertex 17.0112 3.33342 5
      vertex -10.0941 6.36386 5
      vertex -9.52763 5.16623 5
    endloop
  endfacet
  facet normal 0 0 1
    outer loop
      vertex 17.7574 4.24264 5
      vertex -10.0941 6.36386 5
      vertex 17.3619 3.80636 5
    endloop
  endfacet
  facet normal -0 -0 1
    outer loop
      vertex -10.0941 6.36386 5
      vertex 17.7574 4.24264 5
      vertex -10.7752 7.5002 5
    endloop
  endfacet
  facet normal 0 0 1
    outer loop
      vertex 18.1936 4.63806 5
      vertex -10.7752 7.5002 5
      vertex 17.7574 4.24264 5
    endloop
  endfacet
  facet normal 0 0 1
    outer loop
      vertex 31.15 21.65 5
      vertex -13.4357 10.4356 5
      vertex -12.4541 9.54594 5
    endloop
  endfacet
  facet normal 0 0 1
    outer loop
      vertex 31.15 21.65 5
      vertex -14.4998 11.2248 5
      vertex -13.4357 10.4356 5
    endloop
  endfacet
  facet normal 0 0 1
    outer loop
      vertex 31.15 21.65 5
      vertex -15.6361 11.9059 5
      vertex -14.4998 11.2248 5
    endloop
  endfacet
  facet normal 0 0 1
    outer loop
      vertex 31.15 21.65 5
      vertex -16.8338 12.4724 5
      vertex -15.6361 11.9059 5
    endloop
  endfacet
  facet normal -0 0 1
    outer loop
      vertex -31.15 21.65 5
      vertex -16.8338 12.4724 5
      vertex 31.15 21.65 5
    endloop
  endfacet
  facet normal 0 0 1
    outer loop
      vertex -16.8338 12.4724 5
      vertex -31.15 21.65 5
      vertex -18.0812 12.9187 5
    endloop
  endfacet
  facet normal 0 0 1
    outer loop
      vertex -18.0812 12.9187 5
      vertex -31.15 21.65 5
      vertex -19.3663 13.2406 5
    endloop
  endfacet
  facet normal 0 0 1
    outer loop
      vertex -19.3663 13.2406 5
      vertex -31.15 21.65 5
      vertex -20.6768 13.435 5
    endloop
  endfacet
  facet normal 0 0 1
    outer loop
      vertex -20.6768 13.435 5
      vertex -31.15 21.65 5
      vertex -22 13.5 5
    endloop
  endfacet
  facet normal 0 0 1
    outer loop
      vertex -22 13.5 5
      vertex -31.15 21.65 5
      vertex -23.3232 13.435 5
    endloop
  endfacet
  facet normal 0 0 1
    outer loop
      vertex -23.3232 13.435 5
      vertex -31.15 21.65 5
      vertex -24.6337 13.2406 5
    endloop
  endfacet
  facet normal 0 0 1
    outer loop
      vertex -31.15 21.65 5
      vertex -25.9188 12.9187 5
      vertex -24.6337 13.2406 5
    endloop
  endfacet
  facet normal 0 0 1
    outer loop
      vertex -31.15 21.65 5
      vertex -27.1662 12.4724 5
      vertex -25.9188 12.9187 5
    endloop
  endfacet
  facet normal -0 0 1
    outer loop
      vertex -34.15 18.65 5
      vertex -27.1662 12.4724 5
      vertex -31.15 21.65 5
    endloop
  endfacet
  facet normal 0 0 1
    outer loop
      vertex -27.1662 12.4724 5
      vertex -34.15 18.65 5
      vertex -28.3639 11.9059 5
    endloop
  endfacet
  facet normal 0 0 1
    outer loop
      vertex -28.3639 11.9059 5
      vertex -34.15 18.65 5
      vertex -29.5002 11.2248 5
    endloop
  endfacet
  facet normal 0 0 1
    outer loop
      vertex -34.15 18.65 5
      vertex -31.15 21.65 5
      vertex -31.444 21.6356 5
    endloop
  endfacet
  facet normal 0 0 1
    outer loop
      vertex -29.5002 11.2248 5
      vertex -34.15 18.65 5
      vertex -30.5643 10.4356 5
    endloop
  endfacet
  facet normal 0 0 1
    outer loop
      vertex -34.15 18.65 5
      vertex -31.444 21.6356 5
      vertex -31.7353 21.5924 5
    endloop
  endfacet
  facet normal 0 0 1
    outer loop
      vertex -34.15 18.65 5
      vertex -31.7353 21.5924 5
      vertex -32.0209 21.5208 5
    endloop
  endfacet
  facet normal 0 0 1
    outer loop
      vertex -34.15 18.65 5
      vertex -32.0209 21.5208 5
      vertex -32.298 21.4216 5
    endloop
  endfacet
  facet normal 0 0 1
    outer loop
      vertex -30.5643 10.4356 5
      vertex -34.15 18.65 5
      vertex -31.5459 9.54594 5
    endloop
  endfacet
  facet normal 0 0 1
    outer loop
      vertex -34.15 18.65 5
      vertex -32.298 21.4216 5
      vertex -32.5642 21.2958 5
    endloop
  endfacet
  facet normal 0 0 1
    outer loop
      vertex -34.15 18.65 5
      vertex -32.5642 21.2958 5
      vertex -32.8167 21.1444 5
    endloop
  endfacet
  facet normal 0 0 1
    outer loop
      vertex -34.15 18.65 5
      vertex -32.8167 21.1444 5
      vertex -33.0532 20.969 5
    endloop
  endfacet
  facet normal 0 0 1
    outer loop
      vertex -31.5459 9.54594 5
      vertex -34.15 18.65 5
      vertex -32.4356 8.56431 5
    endloop
  endfacet
  facet normal 0 0 1
    outer loop
      vertex -34.15 18.65 5
      vertex -33.0532 20.969 5
      vertex -33.2713 20.7713 5
    endloop
  endfacet
  facet normal 0 0 1
    outer loop
      vertex -34.15 18.65 5
      vertex -33.2713 20.7713 5
      vertex -33.469 20.5532 5
    endloop
  endfacet
  facet normal 0 0 1
    outer loop
      vertex -34.15 18.65 5
      vertex -33.469 20.5532 5
      vertex -33.6444 20.3167 5
    endloop
  endfacet
  facet normal 0 0 1
    outer loop
      vertex -34.15 18.65 5
      vertex -33.6444 20.3167 5
      vertex -33.7958 20.0642 5
    endloop
  endfacet
  facet normal 0 0 1
    outer loop
      vertex -32.4356 8.56431 5
      vertex -34.15 18.65 5
      vertex -33.2248 7.5002 5
    endloop
  endfacet
  facet normal 0 0 1
    outer loop
      vertex -34.15 18.65 5
      vertex -33.7958 20.0642 5
      vertex -33.9216 19.798 5
    endloop
  endfacet
  facet normal 0 0 1
    outer loop
      vertex -34.15 18.65 5
      vertex -33.9216 19.798 5
      vertex -34.0208 19.5209 5
    endloop
  endfacet
  facet normal 0 0 1
    outer loop
      vertex -34.15 18.65 5
      vertex -34.0208 19.5209 5
      vertex -34.0924 19.2353 5
    endloop
  endfacet
  facet normal 0 0 1
    outer loop
      vertex -34.15 18.65 5
      vertex -34.0924 19.2353 5
      vertex -34.1356 18.944 5
    endloop
  endfacet
  facet normal 0 0 1
    outer loop
      vertex -33.2248 7.5002 5
      vertex -34.15 18.65 5
      vertex -33.9059 6.36386 5
    endloop
  endfacet
  facet normal 0 0 1
    outer loop
      vertex -33.9059 6.36386 5
      vertex -34.15 18.65 5
      vertex -34.15 5.84783 5
    endloop
  endfacet
  facet normal 0 0 1
    outer loop
      vertex 34.0208 -19.5209 5
      vertex 31.15 -21.65 5
      vertex 33.9216 -19.798 5
    endloop
  endfacet
  facet normal 0 0 1
    outer loop
      vertex 33.7958 -20.0642 5
      vertex 31.15 -21.65 5
      vertex 33.6444 -20.3167 5
    endloop
  endfacet
  facet normal 0 0 1
    outer loop
      vertex 33.6444 -20.3167 5
      vertex 31.15 -21.65 5
      vertex 33.469 -20.5532 5
    endloop
  endfacet
  facet normal 0 0 1
    outer loop
      vertex 33.469 -20.5532 5
      vertex 31.15 -21.65 5
      vertex 33.2713 -20.7713 5
    endloop
  endfacet
  facet normal 0 0 1
    outer loop
      vertex 33.2713 -20.7713 5
      vertex 31.15 -21.65 5
      vertex 33.0532 -20.969 5
    endloop
  endfacet
  facet normal 0 0 1
    outer loop
      vertex 32.8167 -21.1444 5
      vertex 31.15 -21.65 5
      vertex 32.5642 -21.2958 5
    endloop
  endfacet
  facet normal 0 0 1
    outer loop
      vertex 32.5642 -21.2958 5
      vertex 31.15 -21.65 5
      vertex 32.298 -21.4216 5
    endloop
  endfacet
  facet normal 0 0 1
    outer loop
      vertex 32.298 -21.4216 5
      vertex 31.15 -21.65 5
      vertex 32.0209 -21.5208 5
    endloop
  endfacet
  facet normal 0 0 1
    outer loop
      vertex 32.0209 -21.5208 5
      vertex 31.15 -21.65 5
      vertex 31.7353 -21.5924 5
    endloop
  endfacet
  facet normal 0 0 1
    outer loop
      vertex 31.7353 -21.5924 5
      vertex 31.15 -21.65 5
      vertex 31.444 -21.6356 5
    endloop
  endfacet
  facet normal 0 0 1
    outer loop
      vertex 33.0532 -20.969 5
      vertex 31.15 -21.65 5
      vertex 32.8167 -21.1444 5
    endloop
  endfacet
  facet normal 0 0 1
    outer loop
      vertex 33.9216 -19.798 5
      vertex 31.15 -21.65 5
      vertex 33.7958 -20.0642 5
    endloop
  endfacet
  facet normal 0 0 1
    outer loop
      vertex 34.15 -18.65 5
      vertex 31.15 -21.65 5
      vertex 34.1356 -18.944 5
    endloop
  endfacet
  facet normal -0 0 1
    outer loop
      vertex 23.1705 -5.88471 5
      vertex 31.15 -21.65 5
      vertex 23.7417 -5.74164 5
    endloop
  endfacet
  facet normal -0 0 1
    outer loop
      vertex 22.5881 -5.97111 5
      vertex 31.15 -21.65 5
      vertex 23.1705 -5.88471 5
    endloop
  endfacet
  facet normal -0 0 1
    outer loop
      vertex 22 -6 5
      vertex 31.15 -21.65 5
      vertex 22.5881 -5.97111 5
    endloop
  endfacet
  facet normal 0 0 1
    outer loop
      vertex 21.4119 -5.97111 5
      vertex 31.15 -21.65 5
      vertex 22 -6 5
    endloop
  endfacet
  facet normal 0 0 1
    outer loop
      vertex 20.8295 -5.88471 5
      vertex 31.15 -21.65 5
      vertex 21.4119 -5.97111 5
    endloop
  endfacet
  facet normal 0 0 1
    outer loop
      vertex 20.2583 -5.74164 5
      vertex 31.15 -21.65 5
      vertex 20.8295 -5.88471 5
    endloop
  endfacet
  facet normal 0 0 1
    outer loop
      vertex 19.7039 -5.54328 5
      vertex 31.15 -21.65 5
      vertex 20.2583 -5.74164 5
    endloop
  endfacet
  facet normal 0 0 1
    outer loop
      vertex 19.1716 -5.29153 5
      vertex 31.15 -21.65 5
      vertex 19.7039 -5.54328 5
    endloop
  endfacet
  facet normal 0 0 1
    outer loop
      vertex -12.4541 -9.54594 5
      vertex 19.1716 -5.29153 5
      vertex 18.6666 -4.98882 5
    endloop
  endfacet
  facet normal 0 0 1
    outer loop
      vertex -11.5644 -8.56431 5
      vertex 18.6666 -4.98882 5
      vertex 18.1936 -4.63806 5
    endloop
  endfacet
  facet normal 0 0 1
    outer loop
      vertex -10.7752 -7.5002 5
      vertex 18.1936 -4.63806 5
      vertex 17.7574 -4.24264 5
    endloop
  endfacet
  facet normal 0 0 1
    outer loop
      vertex -10.0941 -6.36386 5
      vertex 17.7574 -4.24264 5
      vertex 17.3619 -3.80636 5
    endloop
  endfacet
  facet normal -0 0 1
    outer loop
      vertex -8.5 0 5
      vertex 16.0289 -0.588102 5
      vertex 16 0 5
    endloop
  endfacet
  facet normal 0 0 1
    outer loop
      vertex -8.56501 -1.32323 5
      vertex 16.0289 -0.588102 5
      vertex -8.5 0 5
    endloop
  endfacet
  facet normal 0 0 1
    outer loop
      vertex 16.0289 -0.588102 5
      vertex -8.56501 -1.32323 5
      vertex 16.1153 -1.17054 5
    endloop
  endfacet
  facet normal 0 0 1
    outer loop
      vertex -8.7594 -2.63372 5
      vertex 16.1153 -1.17054 5
      vertex -8.56501 -1.32323 5
    endloop
  endfacet
  facet normal 0 0 1
    outer loop
      vertex 16.1153 -1.17054 5
      vertex -8.7594 -2.63372 5
      vertex 16.2584 -1.74171 5
    endloop
  endfacet
  facet normal 0 0 1
    outer loop
      vertex 16.2584 -1.74171 5
      vertex -8.7594 -2.63372 5
      vertex 16.4567 -2.2961 5
    endloop
  endfacet
  facet normal 0 0 1
    outer loop
      vertex -9.0813 -3.91884 5
      vertex 16.4567 -2.2961 5
      vertex -8.7594 -2.63372 5
    endloop
  endfacet
  facet normal 0 0 1
    outer loop
      vertex 16.4567 -2.2961 5
      vertex -9.0813 -3.91884 5
      vertex 16.7085 -2.82838 5
    endloop
  endfacet
  facet normal 0 0 1
    outer loop
      vertex -9.52763 -5.16623 5
      vertex 16.7085 -2.82838 5
      vertex -9.0813 -3.91884 5
    endloop
  endfacet
  facet normal 0 0 1
    outer loop
      vertex 16.7085 -2.82838 5
      vertex -9.52763 -5.16623 5
      vertex 17.0112 -3.33342 5
    endloop
  endfacet
  facet normal 0 0 1
    outer loop
      vertex -10.0941 -6.36386 5
      vertex 17.0112 -3.33342 5
      vertex -9.52763 -5.16623 5
    endloop
  endfacet
  facet normal 0 0 1
    outer loop
      vertex 17.0112 -3.33342 5
      vertex -10.0941 -6.36386 5
      vertex 17.3619 -3.80636 5
    endloop
  endfacet
  facet normal 0 0 1
    outer loop
      vertex 17.7574 -4.24264 5
      vertex -10.0941 -6.36386 5
      vertex -10.7752 -7.5002 5
    endloop
  endfacet
  facet normal 0 0 1
    outer loop
      vertex 18.1936 -4.63806 5
      vertex -10.7752 -7.5002 5
      vertex -11.5644 -8.56431 5
    endloop
  endfacet
  facet normal 0 0 1
    outer loop
      vertex 18.6666 -4.98882 5
      vertex -11.5644 -8.56431 5
      vertex -12.4541 -9.54594 5
    endloop
  endfacet
  facet normal 0 0 1
    outer loop
      vertex 19.1716 -5.29153 5
      vertex -12.4541 -9.54594 5
      vertex 31.15 -21.65 5
    endloop
  endfacet
  facet normal -0 0 1
    outer loop
      vertex -13.4357 -10.4356 5
      vertex 31.15 -21.65 5
      vertex -12.4541 -9.54594 5
    endloop
  endfacet
  facet normal -0 0 1
    outer loop
      vertex -14.4998 -11.2248 5
      vertex 31.15 -21.65 5
      vertex -13.4357 -10.4356 5
    endloop
  endfacet
  facet normal -0 0 1
    outer loop
      vertex -15.6361 -11.9059 5
      vertex 31.15 -21.65 5
      vertex -14.4998 -11.2248 5
    endloop
  endfacet
  facet normal -0 0 1
    outer loop
      vertex -16.8338 -12.4724 5
      vertex 31.15 -21.65 5
      vertex -15.6361 -11.9059 5
    endloop
  endfacet
  facet normal 0 0 1
    outer loop
      vertex -31.15 -21.65 5
      vertex -16.8338 -12.4724 5
      vertex -18.0812 -12.9187 5
    endloop
  endfacet
  facet normal 0 0 1
    outer loop
      vertex -31.15 -21.65 5
      vertex -18.0812 -12.9187 5
      vertex -19.3663 -13.2406 5
    endloop
  endfacet
  facet normal 0 0 1
    outer loop
      vertex -31.15 -21.65 5
      vertex -19.3663 -13.2406 5
      vertex -20.6768 -13.435 5
    endloop
  endfacet
  facet normal 0 0 1
    outer loop
      vertex -31.15 -21.65 5
      vertex -20.6768 -13.435 5
      vertex -22 -13.5 5
    endloop
  endfacet
  facet normal 0 0 1
    outer loop
      vertex -31.15 -21.65 5
      vertex -22 -13.5 5
      vertex -23.3232 -13.435 5
    endloop
  endfacet
  facet normal 0 0 1
    outer loop
      vertex -31.15 -21.65 5
      vertex -23.3232 -13.435 5
      vertex -24.6337 -13.2406 5
    endloop
  endfacet
  facet normal 0 0 1
    outer loop
      vertex -16.8338 -12.4724 5
      vertex -31.15 -21.65 5
      vertex 31.15 -21.65 5
    endloop
  endfacet
  facet normal 0 0 1
    outer loop
      vertex -25.9188 -12.9187 5
      vertex -31.15 -21.65 5
      vertex -24.6337 -13.2406 5
    endloop
  endfacet
  facet normal 0 0 1
    outer loop
      vertex -27.1662 -12.4724 5
      vertex -31.15 -21.65 5
      vertex -25.9188 -12.9187 5
    endloop
  endfacet
  facet normal 0 0 1
    outer loop
      vertex -34.15 -18.65 5
      vertex -27.1662 -12.4724 5
      vertex -28.3639 -11.9059 5
    endloop
  endfacet
  facet normal 0 0 1
    outer loop
      vertex -34.15 -18.65 5
      vertex -28.3639 -11.9059 5
      vertex -29.5002 -11.2248 5
    endloop
  endfacet
  facet normal 0 0 1
    outer loop
      vertex -34.15 -18.65 5
      vertex -29.5002 -11.2248 5
      vertex -30.5643 -10.4356 5
    endloop
  endfacet
  facet normal 0 0 1
    outer loop
      vertex -27.1662 -12.4724 5
      vertex -34.15 -18.65 5
      vertex -31.15 -21.65 5
    endloop
  endfacet
  facet normal 0 0 1
    outer loop
      vertex -34.15 -18.65 5
      vertex -30.5643 -10.4356 5
      vertex -31.5459 -9.54594 5
    endloop
  endfacet
  facet normal 0 0 1
    outer loop
      vertex -31.15 -21.65 5
      vertex -34.15 -18.65 5
      vertex -31.444 -21.6356 5
    endloop
  endfacet
  facet normal 0 0 1
    outer loop
      vertex -31.444 -21.6356 5
      vertex -34.15 -18.65 5
      vertex -31.7353 -21.5924 5
    endloop
  endfacet
  facet normal 0 0 1
    outer loop
      vertex -31.7353 -21.5924 5
      vertex -34.15 -18.65 5
      vertex -32.0209 -21.5208 5
    endloop
  endfacet
  facet normal 0 0 1
    outer loop
      vertex -34.15 -18.65 5
      vertex -31.5459 -9.54594 5
      vertex -32.4356 -8.56431 5
    endloop
  endfacet
  facet normal 0 0 1
    outer loop
      vertex -32.0209 -21.5208 5
      vertex -34.15 -18.65 5
      vertex -32.298 -21.4216 5
    endloop
  endfacet
  facet normal 0 0 1
    outer loop
      vertex -32.298 -21.4216 5
      vertex -34.15 -18.65 5
      vertex -32.5642 -21.2958 5
    endloop
  endfacet
  facet normal 0 0 1
    outer loop
      vertex -32.5642 -21.2958 5
      vertex -34.15 -18.65 5
      vertex -32.8167 -21.1444 5
    endloop
  endfacet
  facet normal 0 0 1
    outer loop
      vertex -34.15 -18.65 5
      vertex -32.4356 -8.56431 5
      vertex -33.2248 -7.5002 5
    endloop
  endfacet
  facet normal 0 0 1
    outer loop
      vertex -32.8167 -21.1444 5
      vertex -34.15 -18.65 5
      vertex -33.0532 -20.969 5
    endloop
  endfacet
  facet normal 0 0 1
    outer loop
      vertex -33.0532 -20.969 5
      vertex -34.15 -18.65 5
      vertex -33.2713 -20.7713 5
    endloop
  endfacet
  facet normal 0 0 1
    outer loop
      vertex -33.2713 -20.7713 5
      vertex -34.15 -18.65 5
      vertex -33.469 -20.5532 5
    endloop
  endfacet
  facet normal 0 0 1
    outer loop
      vertex -33.469 -20.5532 5
      vertex -34.15 -18.65 5
      vertex -33.6444 -20.3167 5
    endloop
  endfacet
  facet normal 0 0 1
    outer loop
      vertex -34.15 -18.65 5
      vertex -33.2248 -7.5002 5
      vertex -33.9059 -6.36386 5
    endloop
  endfacet
  facet normal 0 0 1
    outer loop
      vertex -33.6444 -20.3167 5
      vertex -34.15 -18.65 5
      vertex -33.7958 -20.0642 5
    endloop
  endfacet
  facet normal 0 0 1
    outer loop
      vertex -33.7958 -20.0642 5
      vertex -34.15 -18.65 5
      vertex -33.9216 -19.798 5
    endloop
  endfacet
  facet normal 0 0 1
    outer loop
      vertex -33.9216 -19.798 5
      vertex -34.15 -18.65 5
      vertex -34.0208 -19.5209 5
    endloop
  endfacet
  facet normal 0 0 1
    outer loop
      vertex -34.0208 -19.5209 5
      vertex -34.15 -18.65 5
      vertex -34.0924 -19.2353 5
    endloop
  endfacet
  facet normal 0 0 1
    outer loop
      vertex -34.15 -18.65 5
      vertex -33.9059 -6.36386 5
      vertex -34.15 -5.84783 5
    endloop
  endfacet
  facet normal 0 0 1
    outer loop
      vertex -34.0924 -19.2353 5
      vertex -34.15 -18.65 5
      vertex -34.1356 -18.944 5
    endloop
  endfacet
  facet normal -0.514246 0.857643 0
    outer loop
      vertex -32.5642 21.2958 3
      vertex -32.8167 21.1444 5
      vertex -32.5642 21.2958 5
    endloop
  endfacet
  facet normal -0.514246 0.857643 0
    outer loop
      vertex -32.8167 21.1444 5
      vertex -32.5642 21.2958 3
      vertex -32.8167 21.1444 3
    endloop
  endfacet
  facet normal -0.969982 0.243175 0
    outer loop
      vertex -34.0924 19.2353 3
      vertex -34.0208 19.5209 5
      vertex -34.0208 19.5209 3
    endloop
  endfacet
  facet normal -0.969982 0.243175 0
    outer loop
      vertex -34.0208 19.5209 5
      vertex -34.0924 19.2353 3
      vertex -34.0924 19.2353 5
    endloop
  endfacet
  facet normal -0.941488 0.337047 0
    outer loop
      vertex -34.0208 19.5209 3
      vertex -33.9216 19.798 5
      vertex -33.9216 19.798 3
    endloop
  endfacet
  facet normal -0.941488 0.337047 0
    outer loop
      vertex -33.9216 19.798 5
      vertex -34.0208 19.5209 3
      vertex -34.0208 19.5209 5
    endloop
  endfacet
  facet normal 0.989182 -0.146696 0
    outer loop
      vertex 34.0924 -19.2353 5
      vertex 34.1356 -18.944 3
      vertex 34.1356 -18.944 5
    endloop
  endfacet
  facet normal 0.989182 -0.146696 0
    outer loop
      vertex 34.1356 -18.944 3
      vertex 34.0924 -19.2353 5
      vertex 34.0924 -19.2353 3
    endloop
  endfacet
  facet normal 0.427269 -0.904125 0
    outer loop
      vertex 32.298 -21.4216 3
      vertex 32.5642 -21.2958 5
      vertex 32.298 -21.4216 5
    endloop
  endfacet
  facet normal 0.427269 -0.904125 0
    outer loop
      vertex 32.5642 -21.2958 5
      vertex 32.298 -21.4216 3
      vertex 32.5642 -21.2958 3
    endloop
  endfacet
  facet normal 0.671607 0.740908 -0
    outer loop
      vertex 33.2713 20.7713 3
      vertex 33.0532 20.969 5
      vertex 33.2713 20.7713 5
    endloop
  endfacet
  facet normal 0.671607 0.740908 0
    outer loop
      vertex 33.0532 20.969 5
      vertex 33.2713 20.7713 3
      vertex 33.0532 20.969 3
    endloop
  endfacet
  facet normal 0.857643 -0.514246 0
    outer loop
      vertex 33.6444 -20.3167 5
      vertex 33.7958 -20.0642 3
      vertex 33.7958 -20.0642 5
    endloop
  endfacet
  facet normal 0.857643 -0.514246 0
    outer loop
      vertex 33.7958 -20.0642 3
      vertex 33.6444 -20.3167 5
      vertex 33.6444 -20.3167 3
    endloop
  endfacet
  facet normal -0.803208 -0.595699 0
    outer loop
      vertex -33.469 -20.5532 3
      vertex -33.6444 -20.3167 5
      vertex -33.6444 -20.3167 3
    endloop
  endfacet
  facet normal -0.803208 -0.595699 0
    outer loop
      vertex -33.6444 -20.3167 5
      vertex -33.469 -20.5532 3
      vertex -33.469 -20.5532 5
    endloop
  endfacet
  facet normal -0.803208 0.595699 0
    outer loop
      vertex -33.6444 20.3167 3
      vertex -33.469 20.5532 5
      vertex -33.469 20.5532 3
    endloop
  endfacet
  facet normal -0.803208 0.595699 0
    outer loop
      vertex -33.469 20.5532 5
      vertex -33.6444 20.3167 3
      vertex -33.6444 20.3167 5
    endloop
  endfacet
  facet normal -0.740908 0.671607 0
    outer loop
      vertex -33.469 20.5532 3
      vertex -33.2713 20.7713 5
      vertex -33.2713 20.7713 3
    endloop
  endfacet
  facet normal -0.740908 0.671607 0
    outer loop
      vertex -33.2713 20.7713 5
      vertex -33.469 20.5532 3
      vertex -33.469 20.5532 5
    endloop
  endfacet
  facet normal 0.941488 -0.337047 0
    outer loop
      vertex 33.9216 -19.798 5
      vertex 34.0208 -19.5209 3
      vertex 34.0208 -19.5209 5
    endloop
  endfacet
  facet normal 0.941488 -0.337047 0
    outer loop
      vertex 34.0208 -19.5209 3
      vertex 33.9216 -19.798 5
      vertex 33.9216 -19.798 3
    endloop
  endfacet
  facet normal 0.740908 -0.671607 0
    outer loop
      vertex 33.2713 -20.7713 5
      vertex 33.469 -20.5532 3
      vertex 33.469 -20.5532 5
    endloop
  endfacet
  facet normal 0.740908 -0.671607 0
    outer loop
      vertex 33.469 -20.5532 3
      vertex 33.2713 -20.7713 5
      vertex 33.2713 -20.7713 3
    endloop
  endfacet
  facet normal -0.904125 0.427269 0
    outer loop
      vertex -33.9216 19.798 3
      vertex -33.7958 20.0642 5
      vertex -33.7958 20.0642 3
    endloop
  endfacet
  facet normal -0.904125 0.427269 0
    outer loop
      vertex -33.7958 20.0642 5
      vertex -33.9216 19.798 3
      vertex -33.9216 19.798 5
    endloop
  endfacet
  facet normal 0.803208 -0.595699 0
    outer loop
      vertex 33.469 -20.5532 5
      vertex 33.6444 -20.3167 3
      vertex 33.6444 -20.3167 5
    endloop
  endfacet
  facet normal 0.803208 -0.595699 0
    outer loop
      vertex 33.6444 -20.3167 3
      vertex 33.469 -20.5532 5
      vertex 33.469 -20.5532 3
    endloop
  endfacet
  facet normal -0.989176 0.146737 0
    outer loop
      vertex -10.2306 -2.34108 0
      vertex -10.0578 -1.17621 0.5
      vertex -10.0578 -1.17621 0
    endloop
  endfacet
  facet normal -0.989176 0.146737 0
    outer loop
      vertex -10.0578 -1.17621 0.5
      vertex -10.2306 -2.34108 0
      vertex -10.2306 -2.34108 0.5
    endloop
  endfacet
  facet normal -0.998795 0.0490817 0
    outer loop
      vertex -10.0578 -1.17621 0
      vertex -10 0 0.5
      vertex -10 0 0
    endloop
  endfacet
  facet normal -0.998795 0.0490817 0
    outer loop
      vertex -10 0 0.5
      vertex -10.0578 -1.17621 0
      vertex -10.0578 -1.17621 0.5
    endloop
  endfacet
  facet normal -0.97004 0.242947 0
    outer loop
      vertex -10.5167 -3.48342 0
      vertex -10.2306 -2.34108 0.5
      vertex -10.2306 -2.34108 0
    endloop
  endfacet
  facet normal -0.97004 0.242947 0
    outer loop
      vertex -10.2306 -2.34108 0.5
      vertex -10.5167 -3.48342 0
      vertex -10.5167 -3.48342 0.5
    endloop
  endfacet
  facet normal -0.857698 0.514154 0
    outer loop
      vertex -12.0224 -6.66684 0
      vertex -11.4169 -5.65676 0.5
      vertex -11.4169 -5.65676 0
    endloop
  endfacet
  facet normal -0.857698 0.514154 0
    outer loop
      vertex -11.4169 -5.65676 0.5
      vertex -12.0224 -6.66684 0
      vertex -12.0224 -6.66684 0.5
    endloop
  endfacet
  facet normal -0.740969 0.671539 0
    outer loop
      vertex -13.5147 -8.48528 0
      vertex -12.7239 -7.61272 0.5
      vertex -12.7239 -7.61272 0
    endloop
  endfacet
  facet normal -0.740969 0.671539 0
    outer loop
      vertex -12.7239 -7.61272 0.5
      vertex -13.5147 -8.48528 0
      vertex -13.5147 -8.48528 0.5
    endloop
  endfacet
  facet normal 0.242955 0.970038 -0
    outer loop
      vertex -24.3411 -11.7694 0
      vertex -25.4834 -11.4833 0.5
      vertex -24.3411 -11.7694 0.5
    endloop
  endfacet
  facet normal 0.242955 0.970038 0
    outer loop
      vertex -25.4834 -11.4833 0.5
      vertex -24.3411 -11.7694 0
      vertex -25.4834 -11.4833 0
    endloop
  endfacet
  facet normal 0.803213 0.595693 0
    outer loop
      vertex -31.2761 -7.61272 0.5
      vertex -31.9776 -6.66684 0
      vertex -31.9776 -6.66684 0.5
    endloop
  endfacet
  facet normal 0.803213 0.595693 0
    outer loop
      vertex -31.9776 -6.66684 0
      vertex -31.2761 -7.61272 0.5
      vertex -31.2761 -7.61272 0
    endloop
  endfacet
  facet normal 0 0 -1
    outer loop
      vertex -11.6 0 0.5
      vertex -10 0 0.5
      vertex -10.0578 -1.17621 0.5
    endloop
  endfacet
  facet normal 0 0 -1
    outer loop
      vertex -11.6501 -1.01938 0.5
      vertex -10.0578 -1.17621 0.5
      vertex -10.2306 -2.34108 0.5
    endloop
  endfacet
  facet normal 0 0 -1
    outer loop
      vertex -10 0 0.5
      vertex -11.6 0 0.5
      vertex -10.0578 1.17621 0.5
    endloop
  endfacet
  facet normal 0 0 -1
    outer loop
      vertex -11.7998 -2.02894 0.5
      vertex -10.2306 -2.34108 0.5
      vertex -10.5167 -3.48342 0.5
    endloop
  endfacet
  facet normal 0 0 -1
    outer loop
      vertex -11.6501 1.01938 0.5
      vertex -10.0578 1.17621 0.5
      vertex -11.6 0 0.5
    endloop
  endfacet
  facet normal 0 0 -1
    outer loop
      vertex -12.0478 -3.01896 0.5
      vertex -10.5167 -3.48342 0.5
      vertex -10.9134 -4.5922 0.5
    endloop
  endfacet
  facet normal -0 0 -1
    outer loop
      vertex -10.0578 1.17621 0.5
      vertex -11.6501 1.01938 0.5
      vertex -10.2306 2.34108 0.5
    endloop
  endfacet
  facet normal 0 0 -1
    outer loop
      vertex -12.3917 -3.97991 0.5
      vertex -10.9134 -4.5922 0.5
      vertex -11.4169 -5.65676 0.5
    endloop
  endfacet
  facet normal 0 0 -1
    outer loop
      vertex -11.7998 2.02894 0.5
      vertex -10.2306 2.34108 0.5
      vertex -11.6501 1.01938 0.5
    endloop
  endfacet
  facet normal -0 0 -1
    outer loop
      vertex -10.2306 2.34108 0.5
      vertex -11.7998 2.02894 0.5
      vertex -10.5167 3.48342 0.5
    endloop
  endfacet
  facet normal 0 0 -1
    outer loop
      vertex -10.0578 -1.17621 0.5
      vertex -11.6501 -1.01938 0.5
      vertex -11.6 0 0.5
    endloop
  endfacet
  facet normal 0 0 -1
    outer loop
      vertex -10.2306 -2.34108 0.5
      vertex -11.7998 -2.02894 0.5
      vertex -11.6501 -1.01938 0.5
    endloop
  endfacet
  facet normal 0 0 -1
    outer loop
      vertex -12.828 -4.90253 0.5
      vertex -11.4169 -5.65676 0.5
      vertex -12.0224 -6.66684 0.5
    endloop
  endfacet
  facet normal 0 0 -1
    outer loop
      vertex -10.5167 -3.48342 0.5
      vertex -12.0478 -3.01896 0.5
      vertex -11.7998 -2.02894 0.5
    endloop
  endfacet
  facet normal 0 0 -1
    outer loop
      vertex -10.9134 -4.5922 0.5
      vertex -12.3917 -3.97991 0.5
      vertex -12.0478 -3.01896 0.5
    endloop
  endfacet
  facet normal 0 0 -1
    outer loop
      vertex -13.3527 -5.77793 0.5
      vertex -12.0224 -6.66684 0.5
      vertex -12.7239 -7.61272 0.5
    endloop
  endfacet
  facet normal 0 0 -1
    outer loop
      vertex -11.4169 -5.65676 0.5
      vertex -12.828 -4.90253 0.5
      vertex -12.3917 -3.97991 0.5
    endloop
  endfacet
  facet normal 0 0 -1
    outer loop
      vertex -12.0224 -6.66684 0.5
      vertex -13.3527 -5.77793 0.5
      vertex -12.828 -4.90253 0.5
    endloop
  endfacet
  facet normal 0 0 -1
    outer loop
      vertex -13.9607 -6.59769 0.5
      vertex -12.7239 -7.61272 0.5
      vertex -13.5147 -8.48528 0.5
    endloop
  endfacet
  facet normal 0 0 -1
    outer loop
      vertex -12.7239 -7.61272 0.5
      vertex -13.9607 -6.59769 0.5
      vertex -13.3527 -5.77793 0.5
    endloop
  endfacet
  facet normal 0 0 -1
    outer loop
      vertex -14.6461 -7.35391 0.5
      vertex -13.5147 -8.48528 0.5
      vertex -14.3873 -9.27612 0.5
    endloop
  endfacet
  facet normal 0 0 -1
    outer loop
      vertex -13.5147 -8.48528 0.5
      vertex -14.6461 -7.35391 0.5
      vertex -13.9607 -6.59769 0.5
    endloop
  endfacet
  facet normal 0 0 -1
    outer loop
      vertex -15.4023 -8.03931 0.5
      vertex -14.3873 -9.27612 0.5
      vertex -15.3332 -9.97763 0.5
    endloop
  endfacet
  facet normal 0 0 -1
    outer loop
      vertex -14.3873 -9.27612 0.5
      vertex -15.4023 -8.03931 0.5
      vertex -14.6461 -7.35391 0.5
    endloop
  endfacet
  facet normal 0 0 -1
    outer loop
      vertex -15.3332 -9.97763 0.5
      vertex -16.2221 -8.64728 0.5
      vertex -15.4023 -8.03931 0.5
    endloop
  endfacet
  facet normal 0 0 -1
    outer loop
      vertex -16.3432 -10.5831 0.5
      vertex -16.2221 -8.64728 0.5
      vertex -15.3332 -9.97763 0.5
    endloop
  endfacet
  facet normal 0 0 -1
    outer loop
      vertex -16.3432 -10.5831 0.5
      vertex -17.0975 -9.17198 0.5
      vertex -16.2221 -8.64728 0.5
    endloop
  endfacet
  facet normal 0 0 -1
    outer loop
      vertex -17.4078 -11.0866 0.5
      vertex -17.0975 -9.17198 0.5
      vertex -16.3432 -10.5831 0.5
    endloop
  endfacet
  facet normal 0 0 -1
    outer loop
      vertex -17.4078 -11.0866 0.5
      vertex -18.0201 -9.60835 0.5
      vertex -17.0975 -9.17198 0.5
    endloop
  endfacet
  facet normal 0 0 -1
    outer loop
      vertex -18.5166 -11.4833 0.5
      vertex -18.0201 -9.60835 0.5
      vertex -17.4078 -11.0866 0.5
    endloop
  endfacet
  facet normal 0 0 -1
    outer loop
      vertex -18.5166 -11.4833 0.5
      vertex -18.981 -9.95218 0.5
      vertex -18.0201 -9.60835 0.5
    endloop
  endfacet
  facet normal 0 0 -1
    outer loop
      vertex -19.6589 -11.7694 0.5
      vertex -18.981 -9.95218 0.5
      vertex -18.5166 -11.4833 0.5
    endloop
  endfacet
  facet normal 0 0 -1
    outer loop
      vertex -19.6589 -11.7694 0.5
      vertex -19.9711 -10.2002 0.5
      vertex -18.981 -9.95218 0.5
    endloop
  endfacet
  facet normal 0 0 -1
    outer loop
      vertex -20.8238 -11.9422 0.5
      vertex -19.9711 -10.2002 0.5
      vertex -19.6589 -11.7694 0.5
    endloop
  endfacet
  facet normal 0 0 -1
    outer loop
      vertex -20.8238 -11.9422 0.5
      vertex -20.9806 -10.3499 0.5
      vertex -19.9711 -10.2002 0.5
    endloop
  endfacet
  facet normal 0 0 -1
    outer loop
      vertex -22 -12 0.5
      vertex -20.9806 -10.3499 0.5
      vertex -20.8238 -11.9422 0.5
    endloop
  endfacet
  facet normal 0 0 -1
    outer loop
      vertex -22 -12 0.5
      vertex -22 -10.4 0.5
      vertex -20.9806 -10.3499 0.5
    endloop
  endfacet
  facet normal 0 0 -1
    outer loop
      vertex -22 -12 0.5
      vertex -23.0194 -10.3499 0.5
      vertex -22 -10.4 0.5
    endloop
  endfacet
  facet normal 0 0 -1
    outer loop
      vertex -23.1762 -11.9422 0.5
      vertex -23.0194 -10.3499 0.5
      vertex -22 -12 0.5
    endloop
  endfacet
  facet normal 0 0 -1
    outer loop
      vertex -23.1762 -11.9422 0.5
      vertex -24.0289 -10.2002 0.5
      vertex -23.0194 -10.3499 0.5
    endloop
  endfacet
  facet normal 0 0 -1
    outer loop
      vertex -24.3411 -11.7694 0.5
      vertex -24.0289 -10.2002 0.5
      vertex -23.1762 -11.9422 0.5
    endloop
  endfacet
  facet normal 0 0 -1
    outer loop
      vertex -24.3411 -11.7694 0.5
      vertex -25.019 -9.95218 0.5
      vertex -24.0289 -10.2002 0.5
    endloop
  endfacet
  facet normal 0 0 -1
    outer loop
      vertex -25.4834 -11.4833 0.5
      vertex -25.019 -9.95218 0.5
      vertex -24.3411 -11.7694 0.5
    endloop
  endfacet
  facet normal 0 0 -1
    outer loop
      vertex -25.4834 -11.4833 0.5
      vertex -25.9799 -9.60835 0.5
      vertex -25.019 -9.95218 0.5
    endloop
  endfacet
  facet normal 0 0 -1
    outer loop
      vertex -26.5922 -11.0866 0.5
      vertex -25.9799 -9.60835 0.5
      vertex -25.4834 -11.4833 0.5
    endloop
  endfacet
  facet normal 0 0 -1
    outer loop
      vertex -26.5922 -11.0866 0.5
      vertex -26.9025 -9.17198 0.5
      vertex -25.9799 -9.60835 0.5
    endloop
  endfacet
  facet normal 0 0 -1
    outer loop
      vertex -27.6568 -10.5831 0.5
      vertex -26.9025 -9.17198 0.5
      vertex -26.5922 -11.0866 0.5
    endloop
  endfacet
  facet normal 0 0 -1
    outer loop
      vertex -27.6568 -10.5831 0.5
      vertex -27.7779 -8.64728 0.5
      vertex -26.9025 -9.17198 0.5
    endloop
  endfacet
  facet normal 0 0 -1
    outer loop
      vertex -28.6668 -9.97763 0.5
      vertex -27.7779 -8.64728 0.5
      vertex -27.6568 -10.5831 0.5
    endloop
  endfacet
  facet normal -0 0 -1
    outer loop
      vertex -27.7779 -8.64728 0.5
      vertex -28.6668 -9.97763 0.5
      vertex -28.5977 -8.03931 0.5
    endloop
  endfacet
  facet normal 0 0 -1
    outer loop
      vertex -29.6127 -9.27612 0.5
      vertex -28.5977 -8.03931 0.5
      vertex -28.6668 -9.97763 0.5
    endloop
  endfacet
  facet normal -0 0 -1
    outer loop
      vertex -28.5977 -8.03931 0.5
      vertex -29.6127 -9.27612 0.5
      vertex -29.3539 -7.35391 0.5
    endloop
  endfacet
  facet normal 0 0 -1
    outer loop
      vertex -30.4853 -8.48528 0.5
      vertex -29.3539 -7.35391 0.5
      vertex -29.6127 -9.27612 0.5
    endloop
  endfacet
  facet normal -0 0 -1
    outer loop
      vertex -29.3539 -7.35391 0.5
      vertex -30.4853 -8.48528 0.5
      vertex -30.0393 -6.59769 0.5
    endloop
  endfacet
  facet normal 0 0 -1
    outer loop
      vertex -31.2761 -7.61272 0.5
      vertex -30.0393 -6.59769 0.5
      vertex -30.4853 -8.48528 0.5
    endloop
  endfacet
  facet normal -0 0 -1
    outer loop
      vertex -30.0393 -6.59769 0.5
      vertex -31.2761 -7.61272 0.5
      vertex -30.6473 -5.77793 0.5
    endloop
  endfacet
  facet normal 0 0 -1
    outer loop
      vertex -31.9776 -6.66684 0.5
      vertex -30.6473 -5.77793 0.5
      vertex -31.2761 -7.61272 0.5
    endloop
  endfacet
  facet normal -0 0 -1
    outer loop
      vertex -30.6473 -5.77793 0.5
      vertex -31.9776 -6.66684 0.5
      vertex -31.172 -4.90253 0.5
    endloop
  endfacet
  facet normal 0 0 -1
    outer loop
      vertex -32.5831 -5.65676 0.5
      vertex -31.172 -4.90253 0.5
      vertex -31.9776 -6.66684 0.5
    endloop
  endfacet
  facet normal -0 0 -1
    outer loop
      vertex -31.172 -4.90253 0.5
      vertex -32.5831 -5.65676 0.5
      vertex -31.6083 -3.97991 0.5
    endloop
  endfacet
  facet normal 0 0 -1
    outer loop
      vertex -33.0866 -4.5922 0.5
      vertex -31.6083 -3.97991 0.5
      vertex -32.5831 -5.65676 0.5
    endloop
  endfacet
  facet normal -0 0 -1
    outer loop
      vertex -31.6083 -3.97991 0.5
      vertex -33.0866 -4.5922 0.5
      vertex -31.9522 -3.01896 0.5
    endloop
  endfacet
  facet normal -0 0 -1
    outer loop
      vertex -31.9522 -3.01896 0.5
      vertex -33.4833 -3.48342 0.5
      vertex -32.2002 -2.02894 0.5
    endloop
  endfacet
  facet normal 0 0 -1
    outer loop
      vertex -33.4833 -3.48342 0.5
      vertex -31.9522 -3.01896 0.5
      vertex -33.0866 -4.5922 0.5
    endloop
  endfacet
  facet normal 0 0 -1
    outer loop
      vertex -12.0478 3.01896 0.5
      vertex -10.5167 3.48342 0.5
      vertex -11.7998 2.02894 0.5
    endloop
  endfacet
  facet normal -0 0 -1
    outer loop
      vertex -10.5167 3.48342 0.5
      vertex -12.0478 3.01896 0.5
      vertex -10.9134 4.5922 0.5
    endloop
  endfacet
  facet normal 0 0 -1
    outer loop
      vertex -12.3917 3.97991 0.5
      vertex -10.9134 4.5922 0.5
      vertex -12.0478 3.01896 0.5
    endloop
  endfacet
  facet normal -0 0 -1
    outer loop
      vertex -10.9134 4.5922 0.5
      vertex -12.3917 3.97991 0.5
      vertex -11.4169 5.65676 0.5
    endloop
  endfacet
  facet normal 0 0 -1
    outer loop
      vertex -12.828 4.90253 0.5
      vertex -11.4169 5.65676 0.5
      vertex -12.3917 3.97991 0.5
    endloop
  endfacet
  facet normal -0 0 -1
    outer loop
      vertex -11.4169 5.65676 0.5
      vertex -12.828 4.90253 0.5
      vertex -12.0224 6.66684 0.5
    endloop
  endfacet
  facet normal 0 0 -1
    outer loop
      vertex -13.3527 5.77793 0.5
      vertex -12.0224 6.66684 0.5
      vertex -12.828 4.90253 0.5
    endloop
  endfacet
  facet normal -0 0 -1
    outer loop
      vertex -12.0224 6.66684 0.5
      vertex -13.3527 5.77793 0.5
      vertex -12.7239 7.61272 0.5
    endloop
  endfacet
  facet normal 0 0 -1
    outer loop
      vertex -13.9607 6.59769 0.5
      vertex -12.7239 7.61272 0.5
      vertex -13.3527 5.77793 0.5
    endloop
  endfacet
  facet normal -0 0 -1
    outer loop
      vertex -12.7239 7.61272 0.5
      vertex -13.9607 6.59769 0.5
      vertex -13.5147 8.48528 0.5
    endloop
  endfacet
  facet normal 0 0 -1
    outer loop
      vertex -14.6461 7.35391 0.5
      vertex -13.5147 8.48528 0.5
      vertex -13.9607 6.59769 0.5
    endloop
  endfacet
  facet normal -0 0 -1
    outer loop
      vertex -13.5147 8.48528 0.5
      vertex -14.6461 7.35391 0.5
      vertex -14.3873 9.27612 0.5
    endloop
  endfacet
  facet normal 0 0 -1
    outer loop
      vertex -15.4023 8.03931 0.5
      vertex -14.3873 9.27612 0.5
      vertex -14.6461 7.35391 0.5
    endloop
  endfacet
  facet normal -0 0 -1
    outer loop
      vertex -14.3873 9.27612 0.5
      vertex -15.4023 8.03931 0.5
      vertex -15.3332 9.97763 0.5
    endloop
  endfacet
  facet normal 0 0 -1
    outer loop
      vertex -16.2221 8.64728 0.5
      vertex -15.3332 9.97763 0.5
      vertex -15.4023 8.03931 0.5
    endloop
  endfacet
  facet normal 0 0 -1
    outer loop
      vertex -16.2221 8.64728 0.5
      vertex -16.3432 10.5831 0.5
      vertex -15.3332 9.97763 0.5
    endloop
  endfacet
  facet normal 0 0 -1
    outer loop
      vertex -17.0975 9.17198 0.5
      vertex -16.3432 10.5831 0.5
      vertex -16.2221 8.64728 0.5
    endloop
  endfacet
  facet normal 0 0 -1
    outer loop
      vertex -17.0975 9.17198 0.5
      vertex -17.4078 11.0866 0.5
      vertex -16.3432 10.5831 0.5
    endloop
  endfacet
  facet normal 0 0 -1
    outer loop
      vertex -18.0201 9.60835 0.5
      vertex -17.4078 11.0866 0.5
      vertex -17.0975 9.17198 0.5
    endloop
  endfacet
  facet normal 0 0 -1
    outer loop
      vertex -18.0201 9.60835 0.5
      vertex -18.5166 11.4833 0.5
      vertex -17.4078 11.0866 0.5
    endloop
  endfacet
  facet normal 0 0 -1
    outer loop
      vertex -18.981 9.95218 0.5
      vertex -18.5166 11.4833 0.5
      vertex -18.0201 9.60835 0.5
    endloop
  endfacet
  facet normal 0 0 -1
    outer loop
      vertex -18.981 9.95218 0.5
      vertex -19.6589 11.7694 0.5
      vertex -18.5166 11.4833 0.5
    endloop
  endfacet
  facet normal 0 0 -1
    outer loop
      vertex -19.9711 10.2002 0.5
      vertex -19.6589 11.7694 0.5
      vertex -18.981 9.95218 0.5
    endloop
  endfacet
  facet normal 0 0 -1
    outer loop
      vertex -19.9711 10.2002 0.5
      vertex -20.8238 11.9422 0.5
      vertex -19.6589 11.7694 0.5
    endloop
  endfacet
  facet normal 0 0 -1
    outer loop
      vertex -20.9806 10.3499 0.5
      vertex -20.8238 11.9422 0.5
      vertex -19.9711 10.2002 0.5
    endloop
  endfacet
  facet normal 0 0 -1
    outer loop
      vertex -22 10.4 0.5
      vertex -20.8238 11.9422 0.5
      vertex -20.9806 10.3499 0.5
    endloop
  endfacet
  facet normal 0 0 -1
    outer loop
      vertex -22 10.4 0.5
      vertex -22 12 0.5
      vertex -20.8238 11.9422 0.5
    endloop
  endfacet
  facet normal 0 0 -1
    outer loop
      vertex -23.0194 10.3499 0.5
      vertex -22 12 0.5
      vertex -22 10.4 0.5
    endloop
  endfacet
  facet normal 0 0 -1
    outer loop
      vertex -23.0194 10.3499 0.5
      vertex -23.1762 11.9422 0.5
      vertex -22 12 0.5
    endloop
  endfacet
  facet normal 0 0 -1
    outer loop
      vertex -24.0289 10.2002 0.5
      vertex -23.1762 11.9422 0.5
      vertex -23.0194 10.3499 0.5
    endloop
  endfacet
  facet normal 0 0 -1
    outer loop
      vertex -24.0289 10.2002 0.5
      vertex -24.3411 11.7694 0.5
      vertex -23.1762 11.9422 0.5
    endloop
  endfacet
  facet normal 0 0 -1
    outer loop
      vertex -25.019 9.95218 0.5
      vertex -24.3411 11.7694 0.5
      vertex -24.0289 10.2002 0.5
    endloop
  endfacet
  facet normal 0 0 -1
    outer loop
      vertex -25.019 9.95218 0.5
      vertex -25.4834 11.4833 0.5
      vertex -24.3411 11.7694 0.5
    endloop
  endfacet
  facet normal 0 0 -1
    outer loop
      vertex -25.9799 9.60835 0.5
      vertex -25.4834 11.4833 0.5
      vertex -25.019 9.95218 0.5
    endloop
  endfacet
  facet normal 0 0 -1
    outer loop
      vertex -25.9799 9.60835 0.5
      vertex -26.5922 11.0866 0.5
      vertex -25.4834 11.4833 0.5
    endloop
  endfacet
  facet normal 0 0 -1
    outer loop
      vertex -26.9025 9.17198 0.5
      vertex -26.5922 11.0866 0.5
      vertex -25.9799 9.60835 0.5
    endloop
  endfacet
  facet normal 0 0 -1
    outer loop
      vertex -26.9025 9.17198 0.5
      vertex -27.6568 10.5831 0.5
      vertex -26.5922 11.0866 0.5
    endloop
  endfacet
  facet normal 0 0 -1
    outer loop
      vertex -27.7779 8.64728 0.5
      vertex -27.6568 10.5831 0.5
      vertex -26.9025 9.17198 0.5
    endloop
  endfacet
  facet normal 0 0 -1
    outer loop
      vertex -28.6668 9.97763 0.5
      vertex -27.7779 8.64728 0.5
      vertex -28.5977 8.03931 0.5
    endloop
  endfacet
  facet normal 0 0 -1
    outer loop
      vertex -27.7779 8.64728 0.5
      vertex -28.6668 9.97763 0.5
      vertex -27.6568 10.5831 0.5
    endloop
  endfacet
  facet normal 0 0 -1
    outer loop
      vertex -29.6127 9.27612 0.5
      vertex -28.5977 8.03931 0.5
      vertex -29.3539 7.35391 0.5
    endloop
  endfacet
  facet normal 0 0 -1
    outer loop
      vertex -28.5977 8.03931 0.5
      vertex -29.6127 9.27612 0.5
      vertex -28.6668 9.97763 0.5
    endloop
  endfacet
  facet normal 0 0 -1
    outer loop
      vertex -30.4853 8.48528 0.5
      vertex -29.3539 7.35391 0.5
      vertex -30.0393 6.59769 0.5
    endloop
  endfacet
  facet normal 0 0 -1
    outer loop
      vertex -29.3539 7.35391 0.5
      vertex -30.4853 8.48528 0.5
      vertex -29.6127 9.27612 0.5
    endloop
  endfacet
  facet normal 0 0 -1
    outer loop
      vertex -31.2761 7.61272 0.5
      vertex -30.0393 6.59769 0.5
      vertex -30.6473 5.77793 0.5
    endloop
  endfacet
  facet normal 0 0 -1
    outer loop
      vertex -31.9776 6.66684 0.5
      vertex -30.6473 5.77793 0.5
      vertex -31.172 4.90253 0.5
    endloop
  endfacet
  facet normal 0 0 -1
    outer loop
      vertex -30.0393 6.59769 0.5
      vertex -31.2761 7.61272 0.5
      vertex -30.4853 8.48528 0.5
    endloop
  endfacet
  facet normal 0 0 -1
    outer loop
      vertex -32.5831 5.65676 0.5
      vertex -31.172 4.90253 0.5
      vertex -31.6083 3.97991 0.5
    endloop
  endfacet
  facet normal 0 0 -1
    outer loop
      vertex -33.0866 4.5922 0.5
      vertex -31.6083 3.97991 0.5
      vertex -31.9522 3.01896 0.5
    endloop
  endfacet
  facet normal 0 0 -1
    outer loop
      vertex -30.6473 5.77793 0.5
      vertex -31.9776 6.66684 0.5
      vertex -31.2761 7.61272 0.5
    endloop
  endfacet
  facet normal 0 0 -1
    outer loop
      vertex -33.4833 3.48342 0.5
      vertex -31.9522 3.01896 0.5
      vertex -32.2002 2.02894 0.5
    endloop
  endfacet
  facet normal 0 0 -1
    outer loop
      vertex -33.7694 2.34108 0.5
      vertex -32.2002 2.02894 0.5
      vertex -32.3499 1.01938 0.5
    endloop
  endfacet
  facet normal 0 0 -1
    outer loop
      vertex -31.172 4.90253 0.5
      vertex -32.5831 5.65676 0.5
      vertex -31.9776 6.66684 0.5
    endloop
  endfacet
  facet normal 0 0 -1
    outer loop
      vertex -33.9422 1.17621 0.5
      vertex -32.3499 1.01938 0.5
      vertex -32.4 0 0.5
    endloop
  endfacet
  facet normal 0 0 -1
    outer loop
      vertex -33.7694 -2.34108 0.5
      vertex -32.2002 -2.02894 0.5
      vertex -33.4833 -3.48342 0.5
    endloop
  endfacet
  facet normal -0 0 -1
    outer loop
      vertex -32.2002 -2.02894 0.5
      vertex -33.7694 -2.34108 0.5
      vertex -32.3499 -1.01938 0.5
    endloop
  endfacet
  facet normal 0 0 -1
    outer loop
      vertex -31.6083 3.97991 0.5
      vertex -33.0866 4.5922 0.5
      vertex -32.5831 5.65676 0.5
    endloop
  endfacet
  facet normal 0 0 -1
    outer loop
      vertex -33.9422 -1.17621 0.5
      vertex -32.3499 -1.01938 0.5
      vertex -33.7694 -2.34108 0.5
    endloop
  endfacet
  facet normal 0 0 -1
    outer loop
      vertex -31.9522 3.01896 0.5
      vertex -33.4833 3.48342 0.5
      vertex -33.0866 4.5922 0.5
    endloop
  endfacet
  facet normal -0 0 -1
    outer loop
      vertex -32.3499 -1.01938 0.5
      vertex -33.9422 -1.17621 0.5
      vertex -32.4 0 0.5
    endloop
  endfacet
  facet normal 0 0 -1
    outer loop
      vertex -32.2002 2.02894 0.5
      vertex -33.7694 2.34108 0.5
      vertex -33.4833 3.48342 0.5
    endloop
  endfacet
  facet normal 0 0 -1
    outer loop
      vertex -34 0 0.5
      vertex -32.4 0 0.5
      vertex -33.9422 -1.17621 0.5
    endloop
  endfacet
  facet normal 0 0 -1
    outer loop
      vertex -32.3499 1.01938 0.5
      vertex -33.9422 1.17621 0.5
      vertex -33.7694 2.34108 0.5
    endloop
  endfacet
  facet normal 0 0 -1
    outer loop
      vertex -32.4 0 0.5
      vertex -34 0 0.5
      vertex -33.9422 1.17621 0.5
    endloop
  endfacet
  facet normal -0.97004 -0.242947 0
    outer loop
      vertex -10.2306 2.34108 0
      vertex -10.5167 3.48342 0.5
      vertex -10.5167 3.48342 0
    endloop
  endfacet
  facet normal -0.97004 -0.242947 0
    outer loop
      vertex -10.5167 3.48342 0.5
      vertex -10.2306 2.34108 0
      vertex -10.2306 2.34108 0.5
    endloop
  endfacet
  facet normal 0.514165 -0.857691 0
    outer loop
      vertex -28.6668 9.97763 0
      vertex -27.6568 10.5831 0.5
      vertex -28.6668 9.97763 0.5
    endloop
  endfacet
  facet normal 0.514165 -0.857691 0
    outer loop
      vertex -27.6568 10.5831 0.5
      vertex -28.6668 9.97763 0
      vertex -27.6568 10.5831 0
    endloop
  endfacet
  facet normal -0.671541 0.740967 0
    outer loop
      vertex -13.5147 -8.48528 0
      vertex -14.3873 -9.27612 0.5
      vertex -13.5147 -8.48528 0.5
    endloop
  endfacet
  facet normal -0.671541 0.740967 0
    outer loop
      vertex -14.3873 -9.27612 0.5
      vertex -13.5147 -8.48528 0
      vertex -14.3873 -9.27612 0
    endloop
  endfacet
  facet normal -0.0490821 -0.998795 0
    outer loop
      vertex -22 12 0
      vertex -20.8238 11.9422 0.5
      vertex -22 12 0.5
    endloop
  endfacet
  facet normal -0.0490821 -0.998795 -0
    outer loop
      vertex -20.8238 11.9422 0.5
      vertex -22 12 0
      vertex -20.8238 11.9422 0
    endloop
  endfacet
  facet normal 0.336864 0.941553 -0
    outer loop
      vertex -25.4834 -11.4833 0
      vertex -26.5922 -11.0866 0.5
      vertex -25.4834 -11.4833 0.5
    endloop
  endfacet
  facet normal 0.336864 0.941553 0
    outer loop
      vertex -26.5922 -11.0866 0.5
      vertex -25.4834 -11.4833 0
      vertex -26.5922 -11.0866 0
    endloop
  endfacet
  facet normal -0.427542 0.903995 0
    outer loop
      vertex -16.3432 -10.5831 0
      vertex -17.4078 -11.0866 0.5
      vertex -16.3432 -10.5831 0.5
    endloop
  endfacet
  facet normal -0.427542 0.903995 0
    outer loop
      vertex -17.4078 -11.0866 0.5
      vertex -16.3432 -10.5831 0
      vertex -17.4078 -11.0866 0
    endloop
  endfacet
  facet normal 0.59569 0.803215 -0
    outer loop
      vertex -28.6668 -9.97763 0
      vertex -29.6127 -9.27612 0.5
      vertex -28.6668 -9.97763 0.5
    endloop
  endfacet
  facet normal 0.59569 0.803215 0
    outer loop
      vertex -29.6127 -9.27612 0.5
      vertex -28.6668 -9.97763 0
      vertex -29.6127 -9.27612 0
    endloop
  endfacet
  facet normal -0.336864 0.941553 0
    outer loop
      vertex -17.4078 -11.0866 0
      vertex -18.5166 -11.4833 0.5
      vertex -17.4078 -11.0866 0.5
    endloop
  endfacet
  facet normal -0.336864 0.941553 0
    outer loop
      vertex -18.5166 -11.4833 0.5
      vertex -17.4078 -11.0866 0
      vertex -18.5166 -11.4833 0
    endloop
  endfacet
  facet normal -0.242955 0.970038 0
    outer loop
      vertex -18.5166 -11.4833 0
      vertex -19.6589 -11.7694 0.5
      vertex -18.5166 -11.4833 0.5
    endloop
  endfacet
  facet normal -0.242955 0.970038 0
    outer loop
      vertex -19.6589 -11.7694 0.5
      vertex -18.5166 -11.4833 0
      vertex -19.6589 -11.7694 0
    endloop
  endfacet
  facet normal -0.803213 0.595693 0
    outer loop
      vertex -12.7239 -7.61272 0
      vertex -12.0224 -6.66684 0.5
      vertex -12.0224 -6.66684 0
    endloop
  endfacet
  facet normal -0.803213 0.595693 0
    outer loop
      vertex -12.0224 -6.66684 0.5
      vertex -12.7239 -7.61272 0
      vertex -12.7239 -7.61272 0.5
    endloop
  endfacet
  facet normal -0.989176 -0.146737 0
    outer loop
      vertex -10.0578 1.17621 0
      vertex -10.2306 2.34108 0.5
      vertex -10.2306 2.34108 0
    endloop
  endfacet
  facet normal -0.989176 -0.146737 0
    outer loop
      vertex -10.2306 2.34108 0.5
      vertex -10.0578 1.17621 0
      vertex -10.0578 1.17621 0.5
    endloop
  endfacet
  facet normal 0.146733 -0.989176 0
    outer loop
      vertex -24.3411 11.7694 0
      vertex -23.1762 11.9422 0.5
      vertex -24.3411 11.7694 0.5
    endloop
  endfacet
  facet normal 0.146733 -0.989176 0
    outer loop
      vertex -23.1762 11.9422 0.5
      vertex -24.3411 11.7694 0
      vertex -23.1762 11.9422 0
    endloop
  endfacet
  facet normal 0.998795 -0.0490817 0
    outer loop
      vertex -34 0 0.5
      vertex -33.9422 1.17621 0
      vertex -33.9422 1.17621 0.5
    endloop
  endfacet
  facet normal 0.998795 -0.0490817 0
    outer loop
      vertex -33.9422 1.17621 0
      vertex -34 0 0.5
      vertex -34 0 0
    endloop
  endfacet
  facet normal -0.0490821 0.998795 0
    outer loop
      vertex -20.8238 -11.9422 0
      vertex -22 -12 0.5
      vertex -20.8238 -11.9422 0.5
    endloop
  endfacet
  facet normal -0.0490821 0.998795 0
    outer loop
      vertex -22 -12 0.5
      vertex -20.8238 -11.9422 0
      vertex -22 -12 0
    endloop
  endfacet
  facet normal -0.59569 0.803215 0
    outer loop
      vertex -14.3873 -9.27612 0
      vertex -15.3332 -9.97763 0.5
      vertex -14.3873 -9.27612 0.5
    endloop
  endfacet
  facet normal -0.59569 0.803215 0
    outer loop
      vertex -15.3332 -9.97763 0.5
      vertex -14.3873 -9.27612 0
      vertex -15.3332 -9.97763 0
    endloop
  endfacet
  facet normal 0.941552 0.336869 0
    outer loop
      vertex -33.0866 -4.5922 0.5
      vertex -33.4833 -3.48342 0
      vertex -33.4833 -3.48342 0.5
    endloop
  endfacet
  facet normal 0.941552 0.336869 0
    outer loop
      vertex -33.4833 -3.48342 0
      vertex -33.0866 -4.5922 0.5
      vertex -33.0866 -4.5922 0
    endloop
  endfacet
  facet normal 0.0490821 0.998795 -0
    outer loop
      vertex -22 -12 0
      vertex -23.1762 -11.9422 0.5
      vertex -22 -12 0.5
    endloop
  endfacet
  facet normal 0.0490821 0.998795 0
    outer loop
      vertex -23.1762 -11.9422 0.5
      vertex -22 -12 0
      vertex -23.1762 -11.9422 0
    endloop
  endfacet
  facet normal -0.514165 -0.857691 0
    outer loop
      vertex -16.3432 10.5831 0
      vertex -15.3332 9.97763 0.5
      vertex -16.3432 10.5831 0.5
    endloop
  endfacet
  facet normal -0.514165 -0.857691 -0
    outer loop
      vertex -15.3332 9.97763 0.5
      vertex -16.3432 10.5831 0
      vertex -15.3332 9.97763 0
    endloop
  endfacet
  facet normal 0.97004 0.242947 0
    outer loop
      vertex -33.4833 -3.48342 0.5
      vertex -33.7694 -2.34108 0
      vertex -33.7694 -2.34108 0.5
    endloop
  endfacet
  facet normal 0.97004 0.242947 0
    outer loop
      vertex -33.7694 -2.34108 0
      vertex -33.4833 -3.48342 0.5
      vertex -33.4833 -3.48342 0
    endloop
  endfacet
  facet normal 0.671541 0.740967 -0
    outer loop
      vertex -29.6127 -9.27612 0
      vertex -30.4853 -8.48528 0.5
      vertex -29.6127 -9.27612 0.5
    endloop
  endfacet
  facet normal 0.671541 0.740967 0
    outer loop
      vertex -30.4853 -8.48528 0.5
      vertex -29.6127 -9.27612 0
      vertex -30.4853 -8.48528 0
    endloop
  endfacet
  facet normal 0.941552 -0.336869 0
    outer loop
      vertex -33.4833 3.48342 0.5
      vertex -33.0866 4.5922 0
      vertex -33.0866 4.5922 0.5
    endloop
  endfacet
  facet normal 0.941552 -0.336869 0
    outer loop
      vertex -33.0866 4.5922 0
      vertex -33.4833 3.48342 0.5
      vertex -33.4833 3.48342 0
    endloop
  endfacet
  facet normal 0.857698 0.514154 0
    outer loop
      vertex -31.9776 -6.66684 0.5
      vertex -32.5831 -5.65676 0
      vertex -32.5831 -5.65676 0.5
    endloop
  endfacet
  facet normal 0.857698 0.514154 0
    outer loop
      vertex -32.5831 -5.65676 0
      vertex -31.9776 -6.66684 0.5
      vertex -31.9776 -6.66684 0
    endloop
  endfacet
  facet normal -0.903989 -0.427556 0
    outer loop
      vertex -10.9134 4.5922 0
      vertex -11.4169 5.65676 0.5
      vertex -11.4169 5.65676 0
    endloop
  endfacet
  facet normal -0.903989 -0.427556 0
    outer loop
      vertex -11.4169 5.65676 0.5
      vertex -10.9134 4.5922 0
      vertex -10.9134 4.5922 0.5
    endloop
  endfacet
  facet normal -0.427542 -0.903995 0
    outer loop
      vertex -17.4078 11.0866 0
      vertex -16.3432 10.5831 0.5
      vertex -17.4078 11.0866 0.5
    endloop
  endfacet
  facet normal -0.427542 -0.903995 -0
    outer loop
      vertex -16.3432 10.5831 0.5
      vertex -17.4078 11.0866 0
      vertex -16.3432 10.5831 0
    endloop
  endfacet
  facet normal -0.146733 0.989176 0
    outer loop
      vertex -19.6589 -11.7694 0
      vertex -20.8238 -11.9422 0.5
      vertex -19.6589 -11.7694 0.5
    endloop
  endfacet
  facet normal -0.146733 0.989176 0
    outer loop
      vertex -20.8238 -11.9422 0.5
      vertex -19.6589 -11.7694 0
      vertex -20.8238 -11.9422 0
    endloop
  endfacet
  facet normal -0.998795 -0.0490817 0
    outer loop
      vertex -10 0 0
      vertex -10.0578 1.17621 0.5
      vertex -10.0578 1.17621 0
    endloop
  endfacet
  facet normal -0.998795 -0.0490817 0
    outer loop
      vertex -10.0578 1.17621 0.5
      vertex -10 0 0
      vertex -10 0 0.5
    endloop
  endfacet
  facet normal -0.146733 -0.989176 0
    outer loop
      vertex -20.8238 11.9422 0
      vertex -19.6589 11.7694 0.5
      vertex -20.8238 11.9422 0.5
    endloop
  endfacet
  facet normal -0.146733 -0.989176 -0
    outer loop
      vertex -19.6589 11.7694 0.5
      vertex -20.8238 11.9422 0
      vertex -19.6589 11.7694 0
    endloop
  endfacet
  facet normal 0.242955 -0.970038 0
    outer loop
      vertex -25.4834 11.4833 0
      vertex -24.3411 11.7694 0.5
      vertex -25.4834 11.4833 0.5
    endloop
  endfacet
  facet normal 0.242955 -0.970038 0
    outer loop
      vertex -24.3411 11.7694 0.5
      vertex -25.4834 11.4833 0
      vertex -24.3411 11.7694 0
    endloop
  endfacet
  facet normal -0.857698 -0.514154 0
    outer loop
      vertex -11.4169 5.65676 0
      vertex -12.0224 6.66684 0.5
      vertex -12.0224 6.66684 0
    endloop
  endfacet
  facet normal -0.857698 -0.514154 0
    outer loop
      vertex -12.0224 6.66684 0.5
      vertex -11.4169 5.65676 0
      vertex -11.4169 5.65676 0.5
    endloop
  endfacet
  facet normal 0.740969 0.671539 0
    outer loop
      vertex -30.4853 -8.48528 0.5
      vertex -31.2761 -7.61272 0
      vertex -31.2761 -7.61272 0.5
    endloop
  endfacet
  facet normal 0.740969 0.671539 0
    outer loop
      vertex -31.2761 -7.61272 0
      vertex -30.4853 -8.48528 0.5
      vertex -30.4853 -8.48528 0
    endloop
  endfacet
  facet normal -0.941552 -0.336869 0
    outer loop
      vertex -10.5167 3.48342 0
      vertex -10.9134 4.5922 0.5
      vertex -10.9134 4.5922 0
    endloop
  endfacet
  facet normal -0.941552 -0.336869 0
    outer loop
      vertex -10.9134 4.5922 0.5
      vertex -10.5167 3.48342 0
      vertex -10.5167 3.48342 0.5
    endloop
  endfacet
  facet normal -0.941552 0.336869 0
    outer loop
      vertex -10.9134 -4.5922 0
      vertex -10.5167 -3.48342 0.5
      vertex -10.5167 -3.48342 0
    endloop
  endfacet
  facet normal -0.941552 0.336869 0
    outer loop
      vertex -10.5167 -3.48342 0.5
      vertex -10.9134 -4.5922 0
      vertex -10.9134 -4.5922 0.5
    endloop
  endfacet
  facet normal -0.514165 0.857691 0
    outer loop
      vertex -15.3332 -9.97763 0
      vertex -16.3432 -10.5831 0.5
      vertex -15.3332 -9.97763 0.5
    endloop
  endfacet
  facet normal -0.514165 0.857691 0
    outer loop
      vertex -16.3432 -10.5831 0.5
      vertex -15.3332 -9.97763 0
      vertex -16.3432 -10.5831 0
    endloop
  endfacet
  facet normal 0.97004 -0.242947 0
    outer loop
      vertex -33.7694 2.34108 0.5
      vertex -33.4833 3.48342 0
      vertex -33.4833 3.48342 0.5
    endloop
  endfacet
  facet normal 0.97004 -0.242947 0
    outer loop
      vertex -33.4833 3.48342 0
      vertex -33.7694 2.34108 0.5
      vertex -33.7694 2.34108 0
    endloop
  endfacet
  facet normal 0.514165 0.857691 -0
    outer loop
      vertex -27.6568 -10.5831 0
      vertex -28.6668 -9.97763 0.5
      vertex -27.6568 -10.5831 0.5
    endloop
  endfacet
  facet normal 0.514165 0.857691 0
    outer loop
      vertex -28.6668 -9.97763 0.5
      vertex -27.6568 -10.5831 0
      vertex -28.6668 -9.97763 0
    endloop
  endfacet
  facet normal -0.740969 -0.671539 0
    outer loop
      vertex -12.7239 7.61272 0
      vertex -13.5147 8.48528 0.5
      vertex -13.5147 8.48528 0
    endloop
  endfacet
  facet normal -0.740969 -0.671539 0
    outer loop
      vertex -13.5147 8.48528 0.5
      vertex -12.7239 7.61272 0
      vertex -12.7239 7.61272 0.5
    endloop
  endfacet
  facet normal 0.671541 -0.740967 0
    outer loop
      vertex -30.4853 8.48528 0
      vertex -29.6127 9.27612 0.5
      vertex -30.4853 8.48528 0.5
    endloop
  endfacet
  facet normal 0.671541 -0.740967 0
    outer loop
      vertex -29.6127 9.27612 0.5
      vertex -30.4853 8.48528 0
      vertex -29.6127 9.27612 0
    endloop
  endfacet
  facet normal 0.989176 0.146737 0
    outer loop
      vertex -33.7694 -2.34108 0.5
      vertex -33.9422 -1.17621 0
      vertex -33.9422 -1.17621 0.5
    endloop
  endfacet
  facet normal 0.989176 0.146737 0
    outer loop
      vertex -33.9422 -1.17621 0
      vertex -33.7694 -2.34108 0.5
      vertex -33.7694 -2.34108 0
    endloop
  endfacet
  facet normal -0.903989 0.427556 0
    outer loop
      vertex -11.4169 -5.65676 0
      vertex -10.9134 -4.5922 0.5
      vertex -10.9134 -4.5922 0
    endloop
  endfacet
  facet normal -0.903989 0.427556 0
    outer loop
      vertex -10.9134 -4.5922 0.5
      vertex -11.4169 -5.65676 0
      vertex -11.4169 -5.65676 0.5
    endloop
  endfacet
  facet normal 0.427542 0.903995 -0
    outer loop
      vertex -26.5922 -11.0866 0
      vertex -27.6568 -10.5831 0.5
      vertex -26.5922 -11.0866 0.5
    endloop
  endfacet
  facet normal 0.427542 0.903995 0
    outer loop
      vertex -27.6568 -10.5831 0.5
      vertex -26.5922 -11.0866 0
      vertex -27.6568 -10.5831 0
    endloop
  endfacet
  facet normal -0.803213 -0.595693 0
    outer loop
      vertex -12.0224 6.66684 0
      vertex -12.7239 7.61272 0.5
      vertex -12.7239 7.61272 0
    endloop
  endfacet
  facet normal -0.803213 -0.595693 0
    outer loop
      vertex -12.7239 7.61272 0.5
      vertex -12.0224 6.66684 0
      vertex -12.0224 6.66684 0.5
    endloop
  endfacet
  facet normal 0.857698 -0.514154 0
    outer loop
      vertex -32.5831 5.65676 0.5
      vertex -31.9776 6.66684 0
      vertex -31.9776 6.66684 0.5
    endloop
  endfacet
  facet normal 0.857698 -0.514154 0
    outer loop
      vertex -31.9776 6.66684 0
      vertex -32.5831 5.65676 0.5
      vertex -32.5831 5.65676 0
    endloop
  endfacet
  facet normal 0.803213 -0.595693 0
    outer loop
      vertex -31.9776 6.66684 0.5
      vertex -31.2761 7.61272 0
      vertex -31.2761 7.61272 0.5
    endloop
  endfacet
  facet normal 0.803213 -0.595693 0
    outer loop
      vertex -31.2761 7.61272 0
      vertex -31.9776 6.66684 0.5
      vertex -31.9776 6.66684 0
    endloop
  endfacet
  facet normal 0.903989 0.427556 0
    outer loop
      vertex -32.5831 -5.65676 0.5
      vertex -33.0866 -4.5922 0
      vertex -33.0866 -4.5922 0.5
    endloop
  endfacet
  facet normal 0.903989 0.427556 0
    outer loop
      vertex -33.0866 -4.5922 0
      vertex -32.5831 -5.65676 0.5
      vertex -32.5831 -5.65676 0
    endloop
  endfacet
  facet normal 0.427542 -0.903995 0
    outer loop
      vertex -27.6568 10.5831 0
      vertex -26.5922 11.0866 0.5
      vertex -27.6568 10.5831 0.5
    endloop
  endfacet
  facet normal 0.427542 -0.903995 0
    outer loop
      vertex -26.5922 11.0866 0.5
      vertex -27.6568 10.5831 0
      vertex -26.5922 11.0866 0
    endloop
  endfacet
  facet normal -0.59569 -0.803215 0
    outer loop
      vertex -15.3332 9.97763 0
      vertex -14.3873 9.27612 0.5
      vertex -15.3332 9.97763 0.5
    endloop
  endfacet
  facet normal -0.59569 -0.803215 -0
    outer loop
      vertex -14.3873 9.27612 0.5
      vertex -15.3332 9.97763 0
      vertex -14.3873 9.27612 0
    endloop
  endfacet
  facet normal 0.146733 0.989176 -0
    outer loop
      vertex -23.1762 -11.9422 0
      vertex -24.3411 -11.7694 0.5
      vertex -23.1762 -11.9422 0.5
    endloop
  endfacet
  facet normal 0.146733 0.989176 0
    outer loop
      vertex -24.3411 -11.7694 0.5
      vertex -23.1762 -11.9422 0
      vertex -24.3411 -11.7694 0
    endloop
  endfacet
  facet normal 0.989176 -0.146737 0
    outer loop
      vertex -33.9422 1.17621 0.5
      vertex -33.7694 2.34108 0
      vertex -33.7694 2.34108 0.5
    endloop
  endfacet
  facet normal 0.989176 -0.146737 0
    outer loop
      vertex -33.7694 2.34108 0
      vertex -33.9422 1.17621 0.5
      vertex -33.9422 1.17621 0
    endloop
  endfacet
  facet normal -0.336864 -0.941553 0
    outer loop
      vertex -18.5166 11.4833 0
      vertex -17.4078 11.0866 0.5
      vertex -18.5166 11.4833 0.5
    endloop
  endfacet
  facet normal -0.336864 -0.941553 -0
    outer loop
      vertex -17.4078 11.0866 0.5
      vertex -18.5166 11.4833 0
      vertex -17.4078 11.0866 0
    endloop
  endfacet
  facet normal -0.242955 -0.970038 0
    outer loop
      vertex -19.6589 11.7694 0
      vertex -18.5166 11.4833 0.5
      vertex -19.6589 11.7694 0.5
    endloop
  endfacet
  facet normal -0.242955 -0.970038 -0
    outer loop
      vertex -18.5166 11.4833 0.5
      vertex -19.6589 11.7694 0
      vertex -18.5166 11.4833 0
    endloop
  endfacet
  facet normal 0.903989 -0.427556 0
    outer loop
      vertex -33.0866 4.5922 0.5
      vertex -32.5831 5.65676 0
      vertex -32.5831 5.65676 0.5
    endloop
  endfacet
  facet normal 0.903989 -0.427556 0
    outer loop
      vertex -32.5831 5.65676 0
      vertex -33.0866 4.5922 0.5
      vertex -33.0866 4.5922 0
    endloop
  endfacet
  facet normal 0.740969 -0.671539 0
    outer loop
      vertex -31.2761 7.61272 0.5
      vertex -30.4853 8.48528 0
      vertex -30.4853 8.48528 0.5
    endloop
  endfacet
  facet normal 0.740969 -0.671539 0
    outer loop
      vertex -30.4853 8.48528 0
      vertex -31.2761 7.61272 0.5
      vertex -31.2761 7.61272 0
    endloop
  endfacet
  facet normal 0.59569 -0.803215 0
    outer loop
      vertex -29.6127 9.27612 0
      vertex -28.6668 9.97763 0.5
      vertex -29.6127 9.27612 0.5
    endloop
  endfacet
  facet normal 0.59569 -0.803215 0
    outer loop
      vertex -28.6668 9.97763 0.5
      vertex -29.6127 9.27612 0
      vertex -28.6668 9.97763 0
    endloop
  endfacet
  facet normal 0.0490821 -0.998795 0
    outer loop
      vertex -23.1762 11.9422 0
      vertex -22 12 0.5
      vertex -23.1762 11.9422 0.5
    endloop
  endfacet
  facet normal 0.0490821 -0.998795 0
    outer loop
      vertex -22 12 0.5
      vertex -23.1762 11.9422 0
      vertex -22 12 0
    endloop
  endfacet
  facet normal 0.998795 0.0490817 0
    outer loop
      vertex -33.9422 -1.17621 0.5
      vertex -34 0 0
      vertex -34 0 0.5
    endloop
  endfacet
  facet normal 0.998795 0.0490817 0
    outer loop
      vertex -34 0 0
      vertex -33.9422 -1.17621 0.5
      vertex -33.9422 -1.17621 0
    endloop
  endfacet
  facet normal 0.336864 -0.941553 0
    outer loop
      vertex -26.5922 11.0866 0
      vertex -25.4834 11.4833 0.5
      vertex -26.5922 11.0866 0.5
    endloop
  endfacet
  facet normal 0.336864 -0.941553 0
    outer loop
      vertex -25.4834 11.4833 0.5
      vertex -26.5922 11.0866 0
      vertex -25.4834 11.4833 0
    endloop
  endfacet
  facet normal -0.671541 -0.740967 0
    outer loop
      vertex -14.3873 9.27612 0
      vertex -13.5147 8.48528 0.5
      vertex -14.3873 9.27612 0.5
    endloop
  endfacet
  facet normal -0.671541 -0.740967 -0
    outer loop
      vertex -13.5147 8.48528 0.5
      vertex -14.3873 9.27612 0
      vertex -13.5147 8.48528 0
    endloop
  endfacet
  facet normal -0.67157 0.740941 0
    outer loop
      vertex -28.5977 8.03931 0
      vertex -29.3539 7.35391 0.5
      vertex -28.5977 8.03931 0.5
    endloop
  endfacet
  facet normal -0.67157 0.740941 0
    outer loop
      vertex -29.3539 7.35391 0.5
      vertex -28.5977 8.03931 0
      vertex -29.3539 7.35391 0
    endloop
  endfacet
  facet normal -0.941523 -0.336948 0
    outer loop
      vertex -31.6083 -3.97991 0
      vertex -31.9522 -3.01896 0.5
      vertex -31.9522 -3.01896 0
    endloop
  endfacet
  facet normal -0.941523 -0.336948 0
    outer loop
      vertex -31.9522 -3.01896 0.5
      vertex -31.6083 -3.97991 0
      vertex -31.6083 -3.97991 0.5
    endloop
  endfacet
  facet normal 0.989184 -0.146679 0
    outer loop
      vertex -11.7998 -2.02894 0.5
      vertex -11.6501 -1.01938 0
      vertex -11.6501 -1.01938 0.5
    endloop
  endfacet
  facet normal 0.989184 -0.146679 0
    outer loop
      vertex -11.6501 -1.01938 0
      vertex -11.7998 -2.02894 0.5
      vertex -11.7998 -2.02894 0
    endloop
  endfacet
  facet normal 0.998794 -0.0490883 0
    outer loop
      vertex -11.6501 -1.01938 0.5
      vertex -11.6 0 0
      vertex -11.6 0 0.5
    endloop
  endfacet
  facet normal 0.998794 -0.0490883 0
    outer loop
      vertex -11.6 0 0
      vertex -11.6501 -1.01938 0.5
      vertex -11.6501 -1.01938 0
    endloop
  endfacet
  facet normal -0.514107 0.857726 0
    outer loop
      vertex -26.9025 9.17198 0
      vertex -27.7779 8.64728 0.5
      vertex -26.9025 9.17198 0.5
    endloop
  endfacet
  facet normal -0.514107 0.857726 0
    outer loop
      vertex -27.7779 8.64728 0.5
      vertex -26.9025 9.17198 0
      vertex -27.7779 8.64728 0
    endloop
  endfacet
  facet normal 0.67157 -0.740941 0
    outer loop
      vertex -15.4023 -8.03931 0
      vertex -14.6461 -7.35391 0.5
      vertex -15.4023 -8.03931 0.5
    endloop
  endfacet
  facet normal 0.67157 -0.740941 0
    outer loop
      vertex -14.6461 -7.35391 0.5
      vertex -15.4023 -8.03931 0
      vertex -14.6461 -7.35391 0
    endloop
  endfacet
  facet normal -0.146687 0.989183 0
    outer loop
      vertex -23.0194 10.3499 0
      vertex -24.0289 10.2002 0.5
      vertex -23.0194 10.3499 0.5
    endloop
  endfacet
  facet normal -0.146687 0.989183 0
    outer loop
      vertex -24.0289 10.2002 0.5
      vertex -23.0194 10.3499 0
      vertex -24.0289 10.2002 0
    endloop
  endfacet
  facet normal 0.74095 -0.67156 0
    outer loop
      vertex -14.6461 -7.35391 0.5
      vertex -13.9607 -6.59769 0
      vertex -13.9607 -6.59769 0.5
    endloop
  endfacet
  facet normal 0.74095 -0.67156 0
    outer loop
      vertex -13.9607 -6.59769 0
      vertex -14.6461 -7.35391 0.5
      vertex -14.6461 -7.35391 0
    endloop
  endfacet
  facet normal 0.427565 -0.903984 0
    outer loop
      vertex -18.0201 -9.60835 0
      vertex -17.0975 -9.17198 0.5
      vertex -18.0201 -9.60835 0.5
    endloop
  endfacet
  facet normal 0.427565 -0.903984 0
    outer loop
      vertex -17.0975 -9.17198 0.5
      vertex -18.0201 -9.60835 0
      vertex -17.0975 -9.17198 0
    endloop
  endfacet
  facet normal 0.0490873 0.998794 -0
    outer loop
      vertex -20.9806 10.3499 0
      vertex -22 10.4 0.5
      vertex -20.9806 10.3499 0.5
    endloop
  endfacet
  facet normal 0.0490873 0.998794 0
    outer loop
      vertex -22 10.4 0.5
      vertex -20.9806 10.3499 0
      vertex -22 10.4 0
    endloop
  endfacet
  facet normal -0.74095 -0.67156 0
    outer loop
      vertex -29.3539 -7.35391 0
      vertex -30.0393 -6.59769 0.5
      vertex -30.0393 -6.59769 0
    endloop
  endfacet
  facet normal -0.74095 -0.67156 0
    outer loop
      vertex -30.0393 -6.59769 0.5
      vertex -29.3539 -7.35391 0
      vertex -29.3539 -7.35391 0.5
    endloop
  endfacet
  facet normal 0.989184 0.146679 0
    outer loop
      vertex -11.6501 1.01938 0.5
      vertex -11.7998 2.02894 0
      vertex -11.7998 2.02894 0.5
    endloop
  endfacet
  facet normal 0.989184 0.146679 0
    outer loop
      vertex -11.7998 2.02894 0
      vertex -11.6501 1.01938 0.5
      vertex -11.6501 1.01938 0
    endloop
  endfacet
  facet normal 0.904015 -0.427502 0
    outer loop
      vertex -12.828 -4.90253 0.5
      vertex -12.3917 -3.97991 0
      vertex -12.3917 -3.97991 0.5
    endloop
  endfacet
  facet normal 0.904015 -0.427502 0
    outer loop
      vertex -12.3917 -3.97991 0
      vertex -12.828 -4.90253 0.5
      vertex -12.828 -4.90253 0
    endloop
  endfacet
  facet normal -0.242992 -0.970028 0
    outer loop
      vertex -25.019 -9.95218 0
      vertex -24.0289 -10.2002 0.5
      vertex -25.019 -9.95218 0.5
    endloop
  endfacet
  facet normal -0.242992 -0.970028 -0
    outer loop
      vertex -24.0289 -10.2002 0.5
      vertex -25.019 -9.95218 0
      vertex -24.0289 -10.2002 0
    endloop
  endfacet
  facet normal -0.803196 -0.595715 0
    outer loop
      vertex -30.0393 -6.59769 0
      vertex -30.6473 -5.77793 0.5
      vertex -30.6473 -5.77793 0
    endloop
  endfacet
  facet normal -0.803196 -0.595715 0
    outer loop
      vertex -30.6473 -5.77793 0.5
      vertex -30.0393 -6.59769 0
      vertex -30.0393 -6.59769 0.5
    endloop
  endfacet
  facet normal 0.242992 -0.970028 0
    outer loop
      vertex -19.9711 -10.2002 0
      vertex -18.981 -9.95218 0.5
      vertex -19.9711 -10.2002 0.5
    endloop
  endfacet
  facet normal 0.242992 -0.970028 0
    outer loop
      vertex -18.981 -9.95218 0.5
      vertex -19.9711 -10.2002 0
      vertex -18.981 -9.95218 0
    endloop
  endfacet
  facet normal 0.336902 -0.94154 0
    outer loop
      vertex -18.981 -9.95218 0
      vertex -18.0201 -9.60835 0.5
      vertex -18.981 -9.95218 0.5
    endloop
  endfacet
  facet normal 0.336902 -0.94154 0
    outer loop
      vertex -18.0201 -9.60835 0.5
      vertex -18.981 -9.95218 0
      vertex -18.0201 -9.60835 0
    endloop
  endfacet
  facet normal 0.941523 -0.336948 0
    outer loop
      vertex -12.3917 -3.97991 0.5
      vertex -12.0478 -3.01896 0
      vertex -12.0478 -3.01896 0.5
    endloop
  endfacet
  facet normal 0.941523 -0.336948 0
    outer loop
      vertex -12.0478 -3.01896 0
      vertex -12.3917 -3.97991 0.5
      vertex -12.3917 -3.97991 0
    endloop
  endfacet
  facet normal 0.595677 -0.803224 0
    outer loop
      vertex -16.2221 -8.64728 0
      vertex -15.4023 -8.03931 0.5
      vertex -16.2221 -8.64728 0.5
    endloop
  endfacet
  facet normal 0.595677 -0.803224 0
    outer loop
      vertex -15.4023 -8.03931 0.5
      vertex -16.2221 -8.64728 0
      vertex -15.4023 -8.03931 0
    endloop
  endfacet
  facet normal -0.857726 0.514107 0
    outer loop
      vertex -31.172 4.90253 0
      vertex -30.6473 5.77793 0.5
      vertex -30.6473 5.77793 0
    endloop
  endfacet
  facet normal -0.857726 0.514107 0
    outer loop
      vertex -30.6473 5.77793 0.5
      vertex -31.172 4.90253 0
      vertex -31.172 4.90253 0.5
    endloop
  endfacet
  facet normal 0.514107 -0.857726 0
    outer loop
      vertex -17.0975 -9.17198 0
      vertex -16.2221 -8.64728 0.5
      vertex -17.0975 -9.17198 0.5
    endloop
  endfacet
  facet normal 0.514107 -0.857726 0
    outer loop
      vertex -16.2221 -8.64728 0.5
      vertex -17.0975 -9.17198 0
      vertex -16.2221 -8.64728 0
    endloop
  endfacet
  facet normal 0.941523 0.336948 0
    outer loop
      vertex -12.0478 3.01896 0.5
      vertex -12.3917 3.97991 0
      vertex -12.3917 3.97991 0.5
    endloop
  endfacet
  facet normal 0.941523 0.336948 0
    outer loop
      vertex -12.3917 3.97991 0
      vertex -12.0478 3.01896 0.5
      vertex -12.0478 3.01896 0
    endloop
  endfacet
  facet normal -0.857726 -0.514107 0
    outer loop
      vertex -30.6473 -5.77793 0
      vertex -31.172 -4.90253 0.5
      vertex -31.172 -4.90253 0
    endloop
  endfacet
  facet normal -0.857726 -0.514107 0
    outer loop
      vertex -31.172 -4.90253 0.5
      vertex -30.6473 -5.77793 0
      vertex -30.6473 -5.77793 0.5
    endloop
  endfacet
  facet normal -0.970028 0.242992 0
    outer loop
      vertex -32.2002 2.02894 0
      vertex -31.9522 3.01896 0.5
      vertex -31.9522 3.01896 0
    endloop
  endfacet
  facet normal -0.970028 0.242992 0
    outer loop
      vertex -31.9522 3.01896 0.5
      vertex -32.2002 2.02894 0
      vertex -32.2002 2.02894 0.5
    endloop
  endfacet
  facet normal 0.0490873 -0.998794 0
    outer loop
      vertex -22 -10.4 0
      vertex -20.9806 -10.3499 0.5
      vertex -22 -10.4 0.5
    endloop
  endfacet
  facet normal 0.0490873 -0.998794 0
    outer loop
      vertex -20.9806 -10.3499 0.5
      vertex -22 -10.4 0
      vertex -20.9806 -10.3499 0
    endloop
  endfacet
  facet normal 0.857726 -0.514107 0
    outer loop
      vertex -13.3527 -5.77793 0.5
      vertex -12.828 -4.90253 0
      vertex -12.828 -4.90253 0.5
    endloop
  endfacet
  facet normal 0.857726 -0.514107 0
    outer loop
      vertex -12.828 -4.90253 0
      vertex -13.3527 -5.77793 0.5
      vertex -13.3527 -5.77793 0
    endloop
  endfacet
  facet normal -0.941523 0.336948 0
    outer loop
      vertex -31.9522 3.01896 0
      vertex -31.6083 3.97991 0.5
      vertex -31.6083 3.97991 0
    endloop
  endfacet
  facet normal -0.941523 0.336948 0
    outer loop
      vertex -31.6083 3.97991 0.5
      vertex -31.9522 3.01896 0
      vertex -31.9522 3.01896 0.5
    endloop
  endfacet
  facet normal -0.67157 -0.740941 0
    outer loop
      vertex -29.3539 -7.35391 0
      vertex -28.5977 -8.03931 0.5
      vertex -29.3539 -7.35391 0.5
    endloop
  endfacet
  facet normal -0.67157 -0.740941 -0
    outer loop
      vertex -28.5977 -8.03931 0.5
      vertex -29.3539 -7.35391 0
      vertex -28.5977 -8.03931 0
    endloop
  endfacet
  facet normal 0.970028 0.242992 0
    outer loop
      vertex -11.7998 2.02894 0.5
      vertex -12.0478 3.01896 0
      vertex -12.0478 3.01896 0.5
    endloop
  endfacet
  facet normal 0.970028 0.242992 0
    outer loop
      vertex -12.0478 3.01896 0
      vertex -11.7998 2.02894 0.5
      vertex -11.7998 2.02894 0
    endloop
  endfacet
  facet normal -0.514107 -0.857726 0
    outer loop
      vertex -27.7779 -8.64728 0
      vertex -26.9025 -9.17198 0.5
      vertex -27.7779 -8.64728 0.5
    endloop
  endfacet
  facet normal -0.514107 -0.857726 -0
    outer loop
      vertex -26.9025 -9.17198 0.5
      vertex -27.7779 -8.64728 0
      vertex -26.9025 -9.17198 0
    endloop
  endfacet
  facet normal -0.998794 0.0490883 0
    outer loop
      vertex -32.4 0 0
      vertex -32.3499 1.01938 0.5
      vertex -32.3499 1.01938 0
    endloop
  endfacet
  facet normal -0.998794 0.0490883 0
    outer loop
      vertex -32.3499 1.01938 0.5
      vertex -32.4 0 0
      vertex -32.4 0 0.5
    endloop
  endfacet
  facet normal -0.970028 -0.242992 0
    outer loop
      vertex -31.9522 -3.01896 0
      vertex -32.2002 -2.02894 0.5
      vertex -32.2002 -2.02894 0
    endloop
  endfacet
  facet normal -0.970028 -0.242992 0
    outer loop
      vertex -32.2002 -2.02894 0.5
      vertex -31.9522 -3.01896 0
      vertex -31.9522 -3.01896 0.5
    endloop
  endfacet
  facet normal 0.427565 0.903984 -0
    outer loop
      vertex -17.0975 9.17198 0
      vertex -18.0201 9.60835 0.5
      vertex -17.0975 9.17198 0.5
    endloop
  endfacet
  facet normal 0.427565 0.903984 0
    outer loop
      vertex -18.0201 9.60835 0.5
      vertex -17.0975 9.17198 0
      vertex -18.0201 9.60835 0
    endloop
  endfacet
  facet normal -0.336902 -0.94154 0
    outer loop
      vertex -25.9799 -9.60835 0
      vertex -25.019 -9.95218 0.5
      vertex -25.9799 -9.60835 0.5
    endloop
  endfacet
  facet normal -0.336902 -0.94154 -0
    outer loop
      vertex -25.019 -9.95218 0.5
      vertex -25.9799 -9.60835 0
      vertex -25.019 -9.95218 0
    endloop
  endfacet
  facet normal 0.514107 0.857726 -0
    outer loop
      vertex -16.2221 8.64728 0
      vertex -17.0975 9.17198 0.5
      vertex -16.2221 8.64728 0.5
    endloop
  endfacet
  facet normal 0.514107 0.857726 0
    outer loop
      vertex -17.0975 9.17198 0.5
      vertex -16.2221 8.64728 0
      vertex -17.0975 9.17198 0
    endloop
  endfacet
  facet normal 0.146687 0.989183 -0
    outer loop
      vertex -19.9711 10.2002 0
      vertex -20.9806 10.3499 0.5
      vertex -19.9711 10.2002 0.5
    endloop
  endfacet
  facet normal 0.146687 0.989183 0
    outer loop
      vertex -20.9806 10.3499 0.5
      vertex -19.9711 10.2002 0
      vertex -20.9806 10.3499 0
    endloop
  endfacet
  facet normal 0.74095 0.67156 0
    outer loop
      vertex -13.9607 6.59769 0.5
      vertex -14.6461 7.35391 0
      vertex -14.6461 7.35391 0.5
    endloop
  endfacet
  facet normal 0.74095 0.67156 0
    outer loop
      vertex -14.6461 7.35391 0
      vertex -13.9607 6.59769 0.5
      vertex -13.9607 6.59769 0
    endloop
  endfacet
  facet normal 0.803196 0.595715 0
    outer loop
      vertex -13.3527 5.77793 0.5
      vertex -13.9607 6.59769 0
      vertex -13.9607 6.59769 0.5
    endloop
  endfacet
  facet normal 0.803196 0.595715 0
    outer loop
      vertex -13.9607 6.59769 0
      vertex -13.3527 5.77793 0.5
      vertex -13.3527 5.77793 0
    endloop
  endfacet
  facet normal -0.0490873 -0.998794 0
    outer loop
      vertex -23.0194 -10.3499 0
      vertex -22 -10.4 0.5
      vertex -23.0194 -10.3499 0.5
    endloop
  endfacet
  facet normal -0.0490873 -0.998794 -0
    outer loop
      vertex -22 -10.4 0.5
      vertex -23.0194 -10.3499 0
      vertex -22 -10.4 0
    endloop
  endfacet
  facet normal -0.427565 -0.903984 0
    outer loop
      vertex -26.9025 -9.17198 0
      vertex -25.9799 -9.60835 0.5
      vertex -26.9025 -9.17198 0.5
    endloop
  endfacet
  facet normal -0.427565 -0.903984 -0
    outer loop
      vertex -25.9799 -9.60835 0.5
      vertex -26.9025 -9.17198 0
      vertex -25.9799 -9.60835 0
    endloop
  endfacet
  facet normal -0.595677 -0.803224 0
    outer loop
      vertex -28.5977 -8.03931 0
      vertex -27.7779 -8.64728 0.5
      vertex -28.5977 -8.03931 0.5
    endloop
  endfacet
  facet normal -0.595677 -0.803224 -0
    outer loop
      vertex -27.7779 -8.64728 0.5
      vertex -28.5977 -8.03931 0
      vertex -27.7779 -8.64728 0
    endloop
  endfacet
  facet normal -0.989184 -0.146679 0
    outer loop
      vertex -32.2002 -2.02894 0
      vertex -32.3499 -1.01938 0.5
      vertex -32.3499 -1.01938 0
    endloop
  endfacet
  facet normal -0.989184 -0.146679 0
    outer loop
      vertex -32.3499 -1.01938 0.5
      vertex -32.2002 -2.02894 0
      vertex -32.2002 -2.02894 0.5
    endloop
  endfacet
  facet normal -0.242992 0.970028 0
    outer loop
      vertex -24.0289 10.2002 0
      vertex -25.019 9.95218 0.5
      vertex -24.0289 10.2002 0.5
    endloop
  endfacet
  facet normal -0.242992 0.970028 0
    outer loop
      vertex -25.019 9.95218 0.5
      vertex -24.0289 10.2002 0
      vertex -25.019 9.95218 0
    endloop
  endfacet
  facet normal 0.970028 -0.242992 0
    outer loop
      vertex -12.0478 -3.01896 0.5
      vertex -11.7998 -2.02894 0
      vertex -11.7998 -2.02894 0.5
    endloop
  endfacet
  facet normal 0.970028 -0.242992 0
    outer loop
      vertex -11.7998 -2.02894 0
      vertex -12.0478 -3.01896 0.5
      vertex -12.0478 -3.01896 0
    endloop
  endfacet
  facet normal 0.803196 -0.595715 0
    outer loop
      vertex -13.9607 -6.59769 0.5
      vertex -13.3527 -5.77793 0
      vertex -13.3527 -5.77793 0.5
    endloop
  endfacet
  facet normal 0.803196 -0.595715 0
    outer loop
      vertex -13.3527 -5.77793 0
      vertex -13.9607 -6.59769 0.5
      vertex -13.9607 -6.59769 0
    endloop
  endfacet
  facet normal -0.803196 0.595715 0
    outer loop
      vertex -30.6473 5.77793 0
      vertex -30.0393 6.59769 0.5
      vertex -30.0393 6.59769 0
    endloop
  endfacet
  facet normal -0.803196 0.595715 0
    outer loop
      vertex -30.0393 6.59769 0.5
      vertex -30.6473 5.77793 0
      vertex -30.6473 5.77793 0.5
    endloop
  endfacet
  facet normal -0.904015 0.427502 0
    outer loop
      vertex -31.6083 3.97991 0
      vertex -31.172 4.90253 0.5
      vertex -31.172 4.90253 0
    endloop
  endfacet
  facet normal -0.904015 0.427502 0
    outer loop
      vertex -31.172 4.90253 0.5
      vertex -31.6083 3.97991 0
      vertex -31.6083 3.97991 0.5
    endloop
  endfacet
  facet normal 0.146687 -0.989183 0
    outer loop
      vertex -20.9806 -10.3499 0
      vertex -19.9711 -10.2002 0.5
      vertex -20.9806 -10.3499 0.5
    endloop
  endfacet
  facet normal 0.146687 -0.989183 0
    outer loop
      vertex -19.9711 -10.2002 0.5
      vertex -20.9806 -10.3499 0
      vertex -19.9711 -10.2002 0
    endloop
  endfacet
  facet normal -0.427565 0.903984 0
    outer loop
      vertex -25.9799 9.60835 0
      vertex -26.9025 9.17198 0.5
      vertex -25.9799 9.60835 0.5
    endloop
  endfacet
  facet normal -0.427565 0.903984 0
    outer loop
      vertex -26.9025 9.17198 0.5
      vertex -25.9799 9.60835 0
      vertex -26.9025 9.17198 0
    endloop
  endfacet
  facet normal 0.595677 0.803224 -0
    outer loop
      vertex -15.4023 8.03931 0
      vertex -16.2221 8.64728 0.5
      vertex -15.4023 8.03931 0.5
    endloop
  endfacet
  facet normal 0.595677 0.803224 0
    outer loop
      vertex -16.2221 8.64728 0.5
      vertex -15.4023 8.03931 0
      vertex -16.2221 8.64728 0
    endloop
  endfacet
  facet normal 0.998794 0.0490883 0
    outer loop
      vertex -11.6 0 0.5
      vertex -11.6501 1.01938 0
      vertex -11.6501 1.01938 0.5
    endloop
  endfacet
  facet normal 0.998794 0.0490883 0
    outer loop
      vertex -11.6501 1.01938 0
      vertex -11.6 0 0.5
      vertex -11.6 0 0
    endloop
  endfacet
  facet normal -0.146687 -0.989183 0
    outer loop
      vertex -24.0289 -10.2002 0
      vertex -23.0194 -10.3499 0.5
      vertex -24.0289 -10.2002 0.5
    endloop
  endfacet
  facet normal -0.146687 -0.989183 -0
    outer loop
      vertex -23.0194 -10.3499 0.5
      vertex -24.0289 -10.2002 0
      vertex -23.0194 -10.3499 0
    endloop
  endfacet
  facet normal -0.989184 0.146679 0
    outer loop
      vertex -32.3499 1.01938 0
      vertex -32.2002 2.02894 0.5
      vertex -32.2002 2.02894 0
    endloop
  endfacet
  facet normal -0.989184 0.146679 0
    outer loop
      vertex -32.2002 2.02894 0.5
      vertex -32.3499 1.01938 0
      vertex -32.3499 1.01938 0.5
    endloop
  endfacet
  facet normal 0.336902 0.94154 -0
    outer loop
      vertex -18.0201 9.60835 0
      vertex -18.981 9.95218 0.5
      vertex -18.0201 9.60835 0.5
    endloop
  endfacet
  facet normal 0.336902 0.94154 0
    outer loop
      vertex -18.981 9.95218 0.5
      vertex -18.0201 9.60835 0
      vertex -18.981 9.95218 0
    endloop
  endfacet
  facet normal 0.242992 0.970028 -0
    outer loop
      vertex -18.981 9.95218 0
      vertex -19.9711 10.2002 0.5
      vertex -18.981 9.95218 0.5
    endloop
  endfacet
  facet normal 0.242992 0.970028 0
    outer loop
      vertex -19.9711 10.2002 0.5
      vertex -18.981 9.95218 0
      vertex -19.9711 10.2002 0
    endloop
  endfacet
  facet normal -0.74095 0.67156 0
    outer loop
      vertex -30.0393 6.59769 0
      vertex -29.3539 7.35391 0.5
      vertex -29.3539 7.35391 0
    endloop
  endfacet
  facet normal -0.74095 0.67156 0
    outer loop
      vertex -29.3539 7.35391 0.5
      vertex -30.0393 6.59769 0
      vertex -30.0393 6.59769 0.5
    endloop
  endfacet
  facet normal -0.904015 -0.427502 0
    outer loop
      vertex -31.172 -4.90253 0
      vertex -31.6083 -3.97991 0.5
      vertex -31.6083 -3.97991 0
    endloop
  endfacet
  facet normal -0.904015 -0.427502 0
    outer loop
      vertex -31.6083 -3.97991 0.5
      vertex -31.172 -4.90253 0
      vertex -31.172 -4.90253 0.5
    endloop
  endfacet
  facet normal -0.595677 0.803224 0
    outer loop
      vertex -27.7779 8.64728 0
      vertex -28.5977 8.03931 0.5
      vertex -27.7779 8.64728 0.5
    endloop
  endfacet
  facet normal -0.595677 0.803224 0
    outer loop
      vertex -28.5977 8.03931 0.5
      vertex -27.7779 8.64728 0
      vertex -28.5977 8.03931 0
    endloop
  endfacet
  facet normal 0.904015 0.427502 0
    outer loop
      vertex -12.3917 3.97991 0.5
      vertex -12.828 4.90253 0
      vertex -12.828 4.90253 0.5
    endloop
  endfacet
  facet normal 0.904015 0.427502 0
    outer loop
      vertex -12.828 4.90253 0
      vertex -12.3917 3.97991 0.5
      vertex -12.3917 3.97991 0
    endloop
  endfacet
  facet normal 0.857726 0.514107 0
    outer loop
      vertex -12.828 4.90253 0.5
      vertex -13.3527 5.77793 0
      vertex -13.3527 5.77793 0.5
    endloop
  endfacet
  facet normal 0.857726 0.514107 0
    outer loop
      vertex -13.3527 5.77793 0
      vertex -12.828 4.90253 0.5
      vertex -12.828 4.90253 0
    endloop
  endfacet
  facet normal -0.0490873 0.998794 0
    outer loop
      vertex -22 10.4 0
      vertex -23.0194 10.3499 0.5
      vertex -22 10.4 0.5
    endloop
  endfacet
  facet normal -0.0490873 0.998794 0
    outer loop
      vertex -23.0194 10.3499 0.5
      vertex -22 10.4 0
      vertex -23.0194 10.3499 0
    endloop
  endfacet
  facet normal -0.998794 -0.0490883 0
    outer loop
      vertex -32.3499 -1.01938 0
      vertex -32.4 0 0.5
      vertex -32.4 0 0
    endloop
  endfacet
  facet normal -0.998794 -0.0490883 0
    outer loop
      vertex -32.4 0 0.5
      vertex -32.3499 -1.01938 0
      vertex -32.3499 -1.01938 0.5
    endloop
  endfacet
  facet normal -0.336902 0.94154 0
    outer loop
      vertex -25.019 9.95218 0
      vertex -25.9799 9.60835 0.5
      vertex -25.019 9.95218 0.5
    endloop
  endfacet
  facet normal -0.336902 0.94154 0
    outer loop
      vertex -25.9799 9.60835 0.5
      vertex -25.019 9.95218 0
      vertex -25.9799 9.60835 0
    endloop
  endfacet
  facet normal 0.67157 0.740941 -0
    outer loop
      vertex -14.6461 7.35391 0
      vertex -15.4023 8.03931 0.5
      vertex -14.6461 7.35391 0.5
    endloop
  endfacet
  facet normal 0.67157 0.740941 0
    outer loop
      vertex -15.4023 8.03931 0.5
      vertex -14.6461 7.35391 0
      vertex -15.4023 8.03931 0
    endloop
  endfacet
  facet normal -0.989177 0.146728 0
    outer loop
      vertex -8.7594 -2.63372 4.2
      vertex -8.56501 -1.32323 5
      vertex -8.56501 -1.32323 4.2
    endloop
  endfacet
  facet normal -0.989177 0.146728 0
    outer loop
      vertex -8.56501 -1.32323 5
      vertex -8.7594 -2.63372 4.2
      vertex -8.7594 -2.63372 5
    endloop
  endfacet
  facet normal -0.998795 0.0490706 0
    outer loop
      vertex -8.56501 -1.32323 4.2
      vertex -8.5 0 5
      vertex -8.5 0 4.2
    endloop
  endfacet
  facet normal -0.998795 0.0490706 0
    outer loop
      vertex -8.5 0 5
      vertex -8.56501 -1.32323 4.2
      vertex -8.56501 -1.32323 5
    endloop
  endfacet
  facet normal -0.970032 0.242976 0
    outer loop
      vertex -9.0813 -3.91884 4.2
      vertex -8.7594 -2.63372 5
      vertex -8.7594 -2.63372 4.2
    endloop
  endfacet
  facet normal -0.970032 0.242976 0
    outer loop
      vertex -8.7594 -2.63372 5
      vertex -9.0813 -3.91884 4.2
      vertex -9.0813 -3.91884 5
    endloop
  endfacet
  facet normal -0.336872 -0.94155 0
    outer loop
      vertex -18.0812 12.9187 4.2
      vertex -16.8338 12.4724 5
      vertex -18.0812 12.9187 5
    endloop
  endfacet
  facet normal -0.336872 -0.94155 -0
    outer loop
      vertex -16.8338 12.4724 5
      vertex -18.0812 12.9187 4.2
      vertex -16.8338 12.4724 4.2
    endloop
  endfacet
  facet normal -0.941542 -0.336894 0
    outer loop
      vertex -9.0813 3.91884 4.2
      vertex -9.52763 5.16623 5
      vertex -9.52763 5.16623 4.2
    endloop
  endfacet
  facet normal -0.941542 -0.336894 0
    outer loop
      vertex -9.52763 5.16623 5
      vertex -9.0813 3.91884 4.2
      vertex -9.0813 3.91884 5
    endloop
  endfacet
  facet normal -0.941542 0.336894 0
    outer loop
      vertex -9.52763 -5.16623 4.2
      vertex -9.0813 -3.91884 5
      vertex -9.0813 -3.91884 4.2
    endloop
  endfacet
  facet normal -0.941542 0.336894 0
    outer loop
      vertex -9.0813 -3.91884 5
      vertex -9.52763 -5.16623 4.2
      vertex -9.52763 -5.16623 5
    endloop
  endfacet
  facet normal -0.0490642 -0.998796 0
    outer loop
      vertex -22 13.5 4.2
      vertex -20.6768 13.435 5
      vertex -22 13.5 5
    endloop
  endfacet
  facet normal -0.0490642 -0.998796 -0
    outer loop
      vertex -20.6768 13.435 5
      vertex -22 13.5 4.2
      vertex -20.6768 13.435 4.2
    endloop
  endfacet
  facet normal -0.514118 -0.857719 0
    outer loop
      vertex -15.6361 11.9059 4.2
      vertex -14.4998 11.2248 5
      vertex -15.6361 11.9059 5
    endloop
  endfacet
  facet normal -0.514118 -0.857719 -0
    outer loop
      vertex -14.4998 11.2248 5
      vertex -15.6361 11.9059 4.2
      vertex -14.4998 11.2248 4.2
    endloop
  endfacet
  facet normal -0.970032 -0.242976 0
    outer loop
      vertex -8.7594 2.63372 4.2
      vertex -9.0813 3.91884 5
      vertex -9.0813 3.91884 4.2
    endloop
  endfacet
  facet normal -0.970032 -0.242976 0
    outer loop
      vertex -9.0813 3.91884 5
      vertex -8.7594 2.63372 4.2
      vertex -8.7594 2.63372 5
    endloop
  endfacet
  facet normal -0.24298 -0.970031 0
    outer loop
      vertex -19.3663 13.2406 4.2
      vertex -18.0812 12.9187 5
      vertex -19.3663 13.2406 5
    endloop
  endfacet
  facet normal -0.24298 -0.970031 -0
    outer loop
      vertex -18.0812 12.9187 5
      vertex -19.3663 13.2406 4.2
      vertex -18.0812 12.9187 4.2
    endloop
  endfacet
  facet normal -0.671555 0.740955 0
    outer loop
      vertex -12.4541 -9.54594 4.2
      vertex -13.4357 -10.4356 5
      vertex -12.4541 -9.54594 5
    endloop
  endfacet
  facet normal -0.671555 0.740955 0
    outer loop
      vertex -13.4357 -10.4356 5
      vertex -12.4541 -9.54594 4.2
      vertex -13.4357 -10.4356 4.2
    endloop
  endfacet
  facet normal -0.514118 0.857719 0
    outer loop
      vertex -14.4998 -11.2248 4.2
      vertex -15.6361 -11.9059 5
      vertex -14.4998 -11.2248 5
    endloop
  endfacet
  facet normal -0.514118 0.857719 0
    outer loop
      vertex -15.6361 -11.9059 5
      vertex -14.4998 -11.2248 4.2
      vertex -15.6361 -11.9059 4.2
    endloop
  endfacet
  facet normal -0.989177 -0.146728 0
    outer loop
      vertex -8.56501 1.32323 4.2
      vertex -8.7594 2.63372 5
      vertex -8.7594 2.63372 4.2
    endloop
  endfacet
  facet normal -0.989177 -0.146728 0
    outer loop
      vertex -8.7594 2.63372 5
      vertex -8.56501 1.32323 4.2
      vertex -8.56501 1.32323 5
    endloop
  endfacet
  facet normal 0.595704 -0.803204 0
    outer loop
      vertex -30.5643 10.4356 4.2
      vertex -29.5002 11.2248 5
      vertex -30.5643 10.4356 5
    endloop
  endfacet
  facet normal 0.595704 -0.803204 0
    outer loop
      vertex -29.5002 11.2248 5
      vertex -30.5643 10.4356 4.2
      vertex -29.5002 11.2248 4.2
    endloop
  endfacet
  facet normal 0.24298 -0.970031 0
    outer loop
      vertex -25.9188 12.9187 4.2
      vertex -24.6337 13.2406 5
      vertex -25.9188 12.9187 5
    endloop
  endfacet
  facet normal 0.24298 -0.970031 0
    outer loop
      vertex -24.6337 13.2406 5
      vertex -25.9188 12.9187 4.2
      vertex -24.6337 13.2406 4.2
    endloop
  endfacet
  facet normal -0.24298 0.970031 0
    outer loop
      vertex -18.0812 -12.9187 4.2
      vertex -19.3663 -13.2406 5
      vertex -18.0812 -12.9187 5
    endloop
  endfacet
  facet normal -0.24298 0.970031 0
    outer loop
      vertex -19.3663 -13.2406 5
      vertex -18.0812 -12.9187 4.2
      vertex -19.3663 -13.2406 4.2
    endloop
  endfacet
  facet normal 0.74095 0.67156 0
    outer loop
      vertex -31.5459 -9.54594 5
      vertex -32.4356 -8.56431 4.2
      vertex -32.4356 -8.56431 5
    endloop
  endfacet
  facet normal 0.74095 0.67156 0
    outer loop
      vertex -32.4356 -8.56431 4.2
      vertex -31.5459 -9.54594 5
      vertex -31.5459 -9.54594 4.2
    endloop
  endfacet
  facet normal 0.903965 -0.427607 0
    outer loop
      vertex -34.15 5.84783 5
      vertex -33.9059 6.36386 4.2
      vertex -33.9059 6.36386 5
    endloop
  endfacet
  facet normal 0.903965 -0.427607 0
    outer loop
      vertex -33.9059 6.36386 4.2
      vertex -34.15 5.84783 5
      vertex -34.15 5.84783 4.2
    endloop
  endfacet
  facet normal 0.514118 0.857719 -0
    outer loop
      vertex -28.3639 -11.9059 4.2
      vertex -29.5002 -11.2248 5
      vertex -28.3639 -11.9059 5
    endloop
  endfacet
  facet normal 0.514118 0.857719 0
    outer loop
      vertex -29.5002 -11.2248 5
      vertex -28.3639 -11.9059 4.2
      vertex -29.5002 -11.2248 4.2
    endloop
  endfacet
  facet normal -0.90398 0.427576 0
    outer loop
      vertex -10.0941 -6.36386 4.2
      vertex -9.52763 -5.16623 5
      vertex -9.52763 -5.16623 4.2
    endloop
  endfacet
  facet normal -0.90398 0.427576 0
    outer loop
      vertex -9.52763 -5.16623 5
      vertex -10.0941 -6.36386 4.2
      vertex -10.0941 -6.36386 5
    endloop
  endfacet
  facet normal -0.998795 -0.0490706 0
    outer loop
      vertex -8.5 0 4.2
      vertex -8.56501 1.32323 5
      vertex -8.56501 1.32323 4.2
    endloop
  endfacet
  facet normal -0.998795 -0.0490706 0
    outer loop
      vertex -8.56501 1.32323 5
      vertex -8.5 0 4.2
      vertex -8.5 0 5
    endloop
  endfacet
  facet normal -0.595704 0.803204 0
    outer loop
      vertex -13.4357 -10.4356 4.2
      vertex -14.4998 -11.2248 5
      vertex -13.4357 -10.4356 5
    endloop
  endfacet
  facet normal -0.595704 0.803204 0
    outer loop
      vertex -14.4998 -11.2248 5
      vertex -13.4357 -10.4356 4.2
      vertex -14.4998 -11.2248 4.2
    endloop
  endfacet
  facet normal -0.857727 -0.514105 0
    outer loop
      vertex -10.0941 6.36386 4.2
      vertex -10.7752 7.5002 5
      vertex -10.7752 7.5002 4.2
    endloop
  endfacet
  facet normal -0.857727 -0.514105 0
    outer loop
      vertex -10.7752 7.5002 5
      vertex -10.0941 6.36386 4.2
      vertex -10.0941 6.36386 5
    endloop
  endfacet
  facet normal -0.146735 0.989176 0
    outer loop
      vertex -19.3663 -13.2406 4.2
      vertex -20.6768 -13.435 5
      vertex -19.3663 -13.2406 5
    endloop
  endfacet
  facet normal -0.146735 0.989176 0
    outer loop
      vertex -20.6768 -13.435 5
      vertex -19.3663 -13.2406 4.2
      vertex -20.6768 -13.435 4.2
    endloop
  endfacet
  facet normal -0.90398 -0.427576 0
    outer loop
      vertex -9.52763 5.16623 4.2
      vertex -10.0941 6.36386 5
      vertex -10.0941 6.36386 4.2
    endloop
  endfacet
  facet normal -0.90398 -0.427576 0
    outer loop
      vertex -10.0941 6.36386 5
      vertex -9.52763 5.16623 4.2
      vertex -9.52763 5.16623 5
    endloop
  endfacet
  facet normal 0.595704 0.803204 -0
    outer loop
      vertex -29.5002 -11.2248 4.2
      vertex -30.5643 -10.4356 5
      vertex -29.5002 -11.2248 5
    endloop
  endfacet
  facet normal 0.595704 0.803204 0
    outer loop
      vertex -30.5643 -10.4356 5
      vertex -29.5002 -11.2248 4.2
      vertex -30.5643 -10.4356 4.2
    endloop
  endfacet
  facet normal -0.427574 -0.903981 0
    outer loop
      vertex -16.8338 12.4724 4.2
      vertex -15.6361 11.9059 5
      vertex -16.8338 12.4724 5
    endloop
  endfacet
  facet normal -0.427574 -0.903981 -0
    outer loop
      vertex -15.6361 11.9059 5
      vertex -16.8338 12.4724 4.2
      vertex -15.6361 11.9059 4.2
    endloop
  endfacet
  facet normal 0.24298 0.970031 -0
    outer loop
      vertex -24.6337 -13.2406 4.2
      vertex -25.9188 -12.9187 5
      vertex -24.6337 -13.2406 5
    endloop
  endfacet
  facet normal 0.24298 0.970031 0
    outer loop
      vertex -25.9188 -12.9187 5
      vertex -24.6337 -13.2406 4.2
      vertex -25.9188 -12.9187 4.2
    endloop
  endfacet
  facet normal 0.671555 0.740955 -0
    outer loop
      vertex -30.5643 -10.4356 4.2
      vertex -31.5459 -9.54594 5
      vertex -30.5643 -10.4356 5
    endloop
  endfacet
  facet normal 0.671555 0.740955 0
    outer loop
      vertex -31.5459 -9.54594 5
      vertex -30.5643 -10.4356 4.2
      vertex -31.5459 -9.54594 4.2
    endloop
  endfacet
  facet normal -0.146735 -0.989176 0
    outer loop
      vertex -20.6768 13.435 4.2
      vertex -19.3663 13.2406 5
      vertex -20.6768 13.435 5
    endloop
  endfacet
  facet normal -0.146735 -0.989176 -0
    outer loop
      vertex -19.3663 13.2406 5
      vertex -20.6768 13.435 4.2
      vertex -19.3663 13.2406 4.2
    endloop
  endfacet
  facet normal 0.146735 0.989176 -0
    outer loop
      vertex -23.3232 -13.435 4.2
      vertex -24.6337 -13.2406 5
      vertex -23.3232 -13.435 5
    endloop
  endfacet
  facet normal 0.146735 0.989176 0
    outer loop
      vertex -24.6337 -13.2406 5
      vertex -23.3232 -13.435 4.2
      vertex -24.6337 -13.2406 4.2
    endloop
  endfacet
  facet normal -0.74095 -0.67156 0
    outer loop
      vertex -11.5644 8.56431 4.2
      vertex -12.4541 9.54594 5
      vertex -12.4541 9.54594 4.2
    endloop
  endfacet
  facet normal -0.74095 -0.67156 0
    outer loop
      vertex -12.4541 9.54594 5
      vertex -11.5644 8.56431 4.2
      vertex -11.5644 8.56431 5
    endloop
  endfacet
  facet normal -0.803207 -0.5957 0
    outer loop
      vertex -10.7752 7.5002 4.2
      vertex -11.5644 8.56431 5
      vertex -11.5644 8.56431 4.2
    endloop
  endfacet
  facet normal -0.803207 -0.5957 0
    outer loop
      vertex -11.5644 8.56431 5
      vertex -10.7752 7.5002 4.2
      vertex -10.7752 7.5002 5
    endloop
  endfacet
  facet normal -0.857727 0.514105 0
    outer loop
      vertex -10.7752 -7.5002 4.2
      vertex -10.0941 -6.36386 5
      vertex -10.0941 -6.36386 4.2
    endloop
  endfacet
  facet normal -0.857727 0.514105 0
    outer loop
      vertex -10.0941 -6.36386 5
      vertex -10.7752 -7.5002 4.2
      vertex -10.7752 -7.5002 5
    endloop
  endfacet
  facet normal -0.803207 0.5957 0
    outer loop
      vertex -11.5644 -8.56431 4.2
      vertex -10.7752 -7.5002 5
      vertex -10.7752 -7.5002 4.2
    endloop
  endfacet
  facet normal -0.803207 0.5957 0
    outer loop
      vertex -10.7752 -7.5002 5
      vertex -11.5644 -8.56431 4.2
      vertex -11.5644 -8.56431 5
    endloop
  endfacet
  facet normal -0.74095 0.67156 0
    outer loop
      vertex -12.4541 -9.54594 4.2
      vertex -11.5644 -8.56431 5
      vertex -11.5644 -8.56431 4.2
    endloop
  endfacet
  facet normal -0.74095 0.67156 0
    outer loop
      vertex -11.5644 -8.56431 5
      vertex -12.4541 -9.54594 4.2
      vertex -12.4541 -9.54594 5
    endloop
  endfacet
  facet normal -0.0490642 0.998796 0
    outer loop
      vertex -20.6768 -13.435 4.2
      vertex -22 -13.5 5
      vertex -20.6768 -13.435 5
    endloop
  endfacet
  facet normal -0.0490642 0.998796 0
    outer loop
      vertex -22 -13.5 5
      vertex -20.6768 -13.435 4.2
      vertex -22 -13.5 4.2
    endloop
  endfacet
  facet normal -0.427574 0.903981 0
    outer loop
      vertex -15.6361 -11.9059 4.2
      vertex -16.8338 -12.4724 5
      vertex -15.6361 -11.9059 5
    endloop
  endfacet
  facet normal -0.427574 0.903981 0
    outer loop
      vertex -16.8338 -12.4724 5
      vertex -15.6361 -11.9059 4.2
      vertex -16.8338 -12.4724 4.2
    endloop
  endfacet
  facet normal 0.857727 0.514105 0
    outer loop
      vertex -33.2248 -7.5002 5
      vertex -33.9059 -6.36386 4.2
      vertex -33.9059 -6.36386 5
    endloop
  endfacet
  facet normal 0.857727 0.514105 0
    outer loop
      vertex -33.9059 -6.36386 4.2
      vertex -33.2248 -7.5002 5
      vertex -33.2248 -7.5002 4.2
    endloop
  endfacet
  facet normal 0.427574 0.903981 -0
    outer loop
      vertex -27.1662 -12.4724 4.2
      vertex -28.3639 -11.9059 5
      vertex -27.1662 -12.4724 5
    endloop
  endfacet
  facet normal 0.427574 0.903981 0
    outer loop
      vertex -28.3639 -11.9059 5
      vertex -27.1662 -12.4724 4.2
      vertex -28.3639 -11.9059 4.2
    endloop
  endfacet
  facet normal 0.857727 -0.514105 0
    outer loop
      vertex -33.9059 6.36386 5
      vertex -33.2248 7.5002 4.2
      vertex -33.2248 7.5002 5
    endloop
  endfacet
  facet normal 0.857727 -0.514105 0
    outer loop
      vertex -33.2248 7.5002 4.2
      vertex -33.9059 6.36386 5
      vertex -33.9059 6.36386 4.2
    endloop
  endfacet
  facet normal 0.427574 -0.903981 0
    outer loop
      vertex -28.3639 11.9059 4.2
      vertex -27.1662 12.4724 5
      vertex -28.3639 11.9059 5
    endloop
  endfacet
  facet normal 0.427574 -0.903981 0
    outer loop
      vertex -27.1662 12.4724 5
      vertex -28.3639 11.9059 4.2
      vertex -27.1662 12.4724 4.2
    endloop
  endfacet
  facet normal 0.74095 -0.67156 0
    outer loop
      vertex -32.4356 8.56431 5
      vertex -31.5459 9.54594 4.2
      vertex -31.5459 9.54594 5
    endloop
  endfacet
  facet normal 0.74095 -0.67156 0
    outer loop
      vertex -31.5459 9.54594 4.2
      vertex -32.4356 8.56431 5
      vertex -32.4356 8.56431 4.2
    endloop
  endfacet
  facet normal 0.336872 0.94155 -0
    outer loop
      vertex -25.9188 -12.9187 4.2
      vertex -27.1662 -12.4724 5
      vertex -25.9188 -12.9187 5
    endloop
  endfacet
  facet normal 0.336872 0.94155 0
    outer loop
      vertex -27.1662 -12.4724 5
      vertex -25.9188 -12.9187 4.2
      vertex -27.1662 -12.4724 4.2
    endloop
  endfacet
  facet normal 0.514118 -0.857719 0
    outer loop
      vertex -29.5002 11.2248 4.2
      vertex -28.3639 11.9059 5
      vertex -29.5002 11.2248 5
    endloop
  endfacet
  facet normal 0.514118 -0.857719 0
    outer loop
      vertex -28.3639 11.9059 5
      vertex -29.5002 11.2248 4.2
      vertex -28.3639 11.9059 4.2
    endloop
  endfacet
  facet normal -0.595704 -0.803204 0
    outer loop
      vertex -14.4998 11.2248 4.2
      vertex -13.4357 10.4356 5
      vertex -14.4998 11.2248 5
    endloop
  endfacet
  facet normal -0.595704 -0.803204 -0
    outer loop
      vertex -13.4357 10.4356 5
      vertex -14.4998 11.2248 4.2
      vertex -13.4357 10.4356 4.2
    endloop
  endfacet
  facet normal 0.0490642 0.998796 -0
    outer loop
      vertex -22 -13.5 4.2
      vertex -23.3232 -13.435 5
      vertex -22 -13.5 5
    endloop
  endfacet
  facet normal 0.0490642 0.998796 0
    outer loop
      vertex -23.3232 -13.435 5
      vertex -22 -13.5 4.2
      vertex -23.3232 -13.435 4.2
    endloop
  endfacet
  facet normal -0.336872 0.94155 0
    outer loop
      vertex -16.8338 -12.4724 4.2
      vertex -18.0812 -12.9187 5
      vertex -16.8338 -12.4724 5
    endloop
  endfacet
  facet normal -0.336872 0.94155 0
    outer loop
      vertex -18.0812 -12.9187 5
      vertex -16.8338 -12.4724 4.2
      vertex -18.0812 -12.9187 4.2
    endloop
  endfacet
  facet normal 0.803207 -0.5957 0
    outer loop
      vertex -33.2248 7.5002 5
      vertex -32.4356 8.56431 4.2
      vertex -32.4356 8.56431 5
    endloop
  endfacet
  facet normal 0.803207 -0.5957 0
    outer loop
      vertex -32.4356 8.56431 4.2
      vertex -33.2248 7.5002 5
      vertex -33.2248 7.5002 4.2
    endloop
  endfacet
  facet normal 0.903965 0.427607 0
    outer loop
      vertex -33.9059 -6.36386 5
      vertex -34.15 -5.84783 4.2
      vertex -34.15 -5.84783 5
    endloop
  endfacet
  facet normal 0.903965 0.427607 0
    outer loop
      vertex -34.15 -5.84783 4.2
      vertex -33.9059 -6.36386 5
      vertex -33.9059 -6.36386 4.2
    endloop
  endfacet
  facet normal 0.671555 -0.740955 0
    outer loop
      vertex -31.5459 9.54594 4.2
      vertex -30.5643 10.4356 5
      vertex -31.5459 9.54594 5
    endloop
  endfacet
  facet normal 0.671555 -0.740955 0
    outer loop
      vertex -30.5643 10.4356 5
      vertex -31.5459 9.54594 4.2
      vertex -30.5643 10.4356 4.2
    endloop
  endfacet
  facet normal 0.803207 0.5957 0
    outer loop
      vertex -32.4356 -8.56431 5
      vertex -33.2248 -7.5002 4.2
      vertex -33.2248 -7.5002 5
    endloop
  endfacet
  facet normal 0.803207 0.5957 0
    outer loop
      vertex -33.2248 -7.5002 4.2
      vertex -32.4356 -8.56431 5
      vertex -32.4356 -8.56431 4.2
    endloop
  endfacet
  facet normal 0.0490642 -0.998796 0
    outer loop
      vertex -23.3232 13.435 4.2
      vertex -22 13.5 5
      vertex -23.3232 13.435 5
    endloop
  endfacet
  facet normal 0.0490642 -0.998796 0
    outer loop
      vertex -22 13.5 5
      vertex -23.3232 13.435 4.2
      vertex -22 13.5 4.2
    endloop
  endfacet
  facet normal 0.146735 -0.989176 0
    outer loop
      vertex -24.6337 13.2406 4.2
      vertex -23.3232 13.435 5
      vertex -24.6337 13.2406 5
    endloop
  endfacet
  facet normal 0.146735 -0.989176 0
    outer loop
      vertex -23.3232 13.435 5
      vertex -24.6337 13.2406 4.2
      vertex -23.3232 13.435 4.2
    endloop
  endfacet
  facet normal 0.336872 -0.94155 0
    outer loop
      vertex -27.1662 12.4724 4.2
      vertex -25.9188 12.9187 5
      vertex -27.1662 12.4724 5
    endloop
  endfacet
  facet normal 0.336872 -0.94155 0
    outer loop
      vertex -25.9188 12.9187 5
      vertex -27.1662 12.4724 4.2
      vertex -25.9188 12.9187 4.2
    endloop
  endfacet
  facet normal -0.671555 -0.740955 0
    outer loop
      vertex -13.4357 10.4356 4.2
      vertex -12.4541 9.54594 5
      vertex -13.4357 10.4356 5
    endloop
  endfacet
  facet normal -0.671555 -0.740955 -0
    outer loop
      vertex -12.4541 9.54594 5
      vertex -13.4357 10.4356 4.2
      vertex -12.4541 9.54594 4.2
    endloop
  endfacet
  facet normal 0 0 1
    outer loop
      vertex -8.56501 1.32323 4.2
      vertex -8.56501 -1.32323 4.2
      vertex -8.5 0 4.2
    endloop
  endfacet
  facet normal 0 0 1
    outer loop
      vertex -8.7594 2.63372 4.2
      vertex -8.56501 -1.32323 4.2
      vertex -8.56501 1.32323 4.2
    endloop
  endfacet
  facet normal 0 0 1
    outer loop
      vertex -8.7594 2.63372 4.2
      vertex -8.7594 -2.63372 4.2
      vertex -8.56501 -1.32323 4.2
    endloop
  endfacet
  facet normal 0 0 1
    outer loop
      vertex -9.0813 3.91884 4.2
      vertex -8.7594 -2.63372 4.2
      vertex -8.7594 2.63372 4.2
    endloop
  endfacet
  facet normal 0 0 1
    outer loop
      vertex -9.0813 3.91884 4.2
      vertex -9.0813 -3.91884 4.2
      vertex -8.7594 -2.63372 4.2
    endloop
  endfacet
  facet normal 0 0 1
    outer loop
      vertex -9.52763 5.16623 4.2
      vertex -9.0813 -3.91884 4.2
      vertex -9.0813 3.91884 4.2
    endloop
  endfacet
  facet normal 0 0 1
    outer loop
      vertex -9.52763 5.16623 4.2
      vertex -9.52763 -5.16623 4.2
      vertex -9.0813 -3.91884 4.2
    endloop
  endfacet
  facet normal 0 0 1
    outer loop
      vertex -10.0941 6.36386 4.2
      vertex -9.52763 -5.16623 4.2
      vertex -9.52763 5.16623 4.2
    endloop
  endfacet
  facet normal 0 0 1
    outer loop
      vertex -10.0941 6.36386 4.2
      vertex -10.0941 -6.36386 4.2
      vertex -9.52763 -5.16623 4.2
    endloop
  endfacet
  facet normal 0 0 1
    outer loop
      vertex -10.7752 7.5002 4.2
      vertex -10.0941 -6.36386 4.2
      vertex -10.0941 6.36386 4.2
    endloop
  endfacet
  facet normal 0 0 1
    outer loop
      vertex -10.7752 7.5002 4.2
      vertex -10.7752 -7.5002 4.2
      vertex -10.0941 -6.36386 4.2
    endloop
  endfacet
  facet normal 0 0 1
    outer loop
      vertex -11.5644 8.56431 4.2
      vertex -10.7752 -7.5002 4.2
      vertex -10.7752 7.5002 4.2
    endloop
  endfacet
  facet normal 0 0 1
    outer loop
      vertex -11.5644 8.56431 4.2
      vertex -11.5644 -8.56431 4.2
      vertex -10.7752 -7.5002 4.2
    endloop
  endfacet
  facet normal 0 0 1
    outer loop
      vertex -12.4541 9.54594 4.2
      vertex -11.5644 -8.56431 4.2
      vertex -11.5644 8.56431 4.2
    endloop
  endfacet
  facet normal 0 0 1
    outer loop
      vertex -12.4541 9.54594 4.2
      vertex -12.4541 -9.54594 4.2
      vertex -11.5644 -8.56431 4.2
    endloop
  endfacet
  facet normal 0 0 1
    outer loop
      vertex -13.4357 10.4356 4.2
      vertex -12.4541 -9.54594 4.2
      vertex -12.4541 9.54594 4.2
    endloop
  endfacet
  facet normal 0 0 1
    outer loop
      vertex -13.4357 10.4356 4.2
      vertex -13.4357 -10.4356 4.2
      vertex -12.4541 -9.54594 4.2
    endloop
  endfacet
  facet normal 0 0 1
    outer loop
      vertex -14.4998 11.2248 4.2
      vertex -13.4357 -10.4356 4.2
      vertex -13.4357 10.4356 4.2
    endloop
  endfacet
  facet normal 0 0 1
    outer loop
      vertex -14.4998 11.2248 4.2
      vertex -14.4998 -11.2248 4.2
      vertex -13.4357 -10.4356 4.2
    endloop
  endfacet
  facet normal 0 0 1
    outer loop
      vertex -15.6361 11.9059 4.2
      vertex -14.4998 -11.2248 4.2
      vertex -14.4998 11.2248 4.2
    endloop
  endfacet
  facet normal 0 0 1
    outer loop
      vertex -15.6361 11.9059 4.2
      vertex -15.6361 -11.9059 4.2
      vertex -14.4998 -11.2248 4.2
    endloop
  endfacet
  facet normal 0 0 1
    outer loop
      vertex -16.8338 12.4724 4.2
      vertex -15.6361 -11.9059 4.2
      vertex -15.6361 11.9059 4.2
    endloop
  endfacet
  facet normal 0 0 1
    outer loop
      vertex -16.8338 12.4724 4.2
      vertex -16.8338 -12.4724 4.2
      vertex -15.6361 -11.9059 4.2
    endloop
  endfacet
  facet normal 0 0 1
    outer loop
      vertex -18.0812 12.9187 4.2
      vertex -16.8338 -12.4724 4.2
      vertex -16.8338 12.4724 4.2
    endloop
  endfacet
  facet normal 0 0 1
    outer loop
      vertex -18.0812 12.9187 4.2
      vertex -18.0812 -12.9187 4.2
      vertex -16.8338 -12.4724 4.2
    endloop
  endfacet
  facet normal 0 0 1
    outer loop
      vertex -19.3663 13.2406 4.2
      vertex -18.0812 -12.9187 4.2
      vertex -18.0812 12.9187 4.2
    endloop
  endfacet
  facet normal 0 0 1
    outer loop
      vertex -19.3663 13.2406 4.2
      vertex -19.3663 -13.2406 4.2
      vertex -18.0812 -12.9187 4.2
    endloop
  endfacet
  facet normal 0 0 1
    outer loop
      vertex -20.6768 13.435 4.2
      vertex -19.3663 -13.2406 4.2
      vertex -19.3663 13.2406 4.2
    endloop
  endfacet
  facet normal 0 0 1
    outer loop
      vertex -20.6768 13.435 4.2
      vertex -20.6768 -13.435 4.2
      vertex -19.3663 -13.2406 4.2
    endloop
  endfacet
  facet normal 0 0 1
    outer loop
      vertex -22 13.5 4.2
      vertex -20.6768 -13.435 4.2
      vertex -20.6768 13.435 4.2
    endloop
  endfacet
  facet normal 0 0 1
    outer loop
      vertex -22 13.5 4.2
      vertex -22 -13.5 4.2
      vertex -20.6768 -13.435 4.2
    endloop
  endfacet
  facet normal -0 0 1
    outer loop
      vertex -23.3232 13.435 4.2
      vertex -22 -13.5 4.2
      vertex -22 13.5 4.2
    endloop
  endfacet
  facet normal 0 0 1
    outer loop
      vertex -23.3232 13.435 4.2
      vertex -23.3232 -13.435 4.2
      vertex -22 -13.5 4.2
    endloop
  endfacet
  facet normal -0 0 1
    outer loop
      vertex -24.6337 13.2406 4.2
      vertex -23.3232 -13.435 4.2
      vertex -23.3232 13.435 4.2
    endloop
  endfacet
  facet normal 0 0 1
    outer loop
      vertex -24.6337 13.2406 4.2
      vertex -24.6337 -13.2406 4.2
      vertex -23.3232 -13.435 4.2
    endloop
  endfacet
  facet normal -0 0 1
    outer loop
      vertex -25.9188 12.9187 4.2
      vertex -24.6337 -13.2406 4.2
      vertex -24.6337 13.2406 4.2
    endloop
  endfacet
  facet normal 0 0 1
    outer loop
      vertex -25.9188 12.9187 4.2
      vertex -25.9188 -12.9187 4.2
      vertex -24.6337 -13.2406 4.2
    endloop
  endfacet
  facet normal -0 0 1
    outer loop
      vertex -27.1662 12.4724 4.2
      vertex -25.9188 -12.9187 4.2
      vertex -25.9188 12.9187 4.2
    endloop
  endfacet
  facet normal 0 0 1
    outer loop
      vertex -27.1662 12.4724 4.2
      vertex -27.1662 -12.4724 4.2
      vertex -25.9188 -12.9187 4.2
    endloop
  endfacet
  facet normal -0 0 1
    outer loop
      vertex -28.3639 11.9059 4.2
      vertex -27.1662 -12.4724 4.2
      vertex -27.1662 12.4724 4.2
    endloop
  endfacet
  facet normal 0 0 1
    outer loop
      vertex -28.3639 11.9059 4.2
      vertex -28.3639 -11.9059 4.2
      vertex -27.1662 -12.4724 4.2
    endloop
  endfacet
  facet normal -0 0 1
    outer loop
      vertex -29.5002 11.2248 4.2
      vertex -28.3639 -11.9059 4.2
      vertex -28.3639 11.9059 4.2
    endloop
  endfacet
  facet normal 0 0 1
    outer loop
      vertex -29.5002 11.2248 4.2
      vertex -29.5002 -11.2248 4.2
      vertex -28.3639 -11.9059 4.2
    endloop
  endfacet
  facet normal -0 0 1
    outer loop
      vertex -30.5643 10.4356 4.2
      vertex -29.5002 -11.2248 4.2
      vertex -29.5002 11.2248 4.2
    endloop
  endfacet
  facet normal 0 0 1
    outer loop
      vertex -30.5643 10.4356 4.2
      vertex -30.5643 -10.4356 4.2
      vertex -29.5002 -11.2248 4.2
    endloop
  endfacet
  facet normal -0 0 1
    outer loop
      vertex -31.5459 9.54594 4.2
      vertex -30.5643 -10.4356 4.2
      vertex -30.5643 10.4356 4.2
    endloop
  endfacet
  facet normal 0 0 1
    outer loop
      vertex -31.5459 9.54594 4.2
      vertex -31.5459 -9.54594 4.2
      vertex -30.5643 -10.4356 4.2
    endloop
  endfacet
  facet normal -0 0 1
    outer loop
      vertex -32.4356 8.56431 4.2
      vertex -31.5459 -9.54594 4.2
      vertex -31.5459 9.54594 4.2
    endloop
  endfacet
  facet normal 0 0 1
    outer loop
      vertex -32.4356 8.56431 4.2
      vertex -32.4356 -8.56431 4.2
      vertex -31.5459 -9.54594 4.2
    endloop
  endfacet
  facet normal -0 0 1
    outer loop
      vertex -33.2248 7.5002 4.2
      vertex -32.4356 -8.56431 4.2
      vertex -32.4356 8.56431 4.2
    endloop
  endfacet
  facet normal 0 0 1
    outer loop
      vertex -33.2248 7.5002 4.2
      vertex -33.2248 -7.5002 4.2
      vertex -32.4356 -8.56431 4.2
    endloop
  endfacet
  facet normal 0 0 1
    outer loop
      vertex -34.15 5.84783 4.2
      vertex -33.2248 7.5002 4.2
      vertex -33.9059 6.36386 4.2
    endloop
  endfacet
  facet normal 0 0 1
    outer loop
      vertex -33.2248 7.5002 4.2
      vertex -34.15 5.84783 4.2
      vertex -33.2248 -7.5002 4.2
    endloop
  endfacet
  facet normal -0 0 1
    outer loop
      vertex -34.15 -5.84783 4.2
      vertex -33.2248 -7.5002 4.2
      vertex -34.15 5.84783 4.2
    endloop
  endfacet
  facet normal 0 0 1
    outer loop
      vertex -33.2248 -7.5002 4.2
      vertex -34.15 -5.84783 4.2
      vertex -33.9059 -6.36386 4.2
    endloop
  endfacet
  facet normal 0.671705 -0.740819 0
    outer loop
      vertex -48.2627 35.7627 0
      vertex -48.0301 35.9736 3
      vertex -48.2627 35.7627 3
    endloop
  endfacet
  facet normal 0.671705 -0.740819 0
    outer loop
      vertex -48.0301 35.9736 3
      vertex -48.2627 35.7627 0
      vertex -48.0301 35.9736 0
    endloop
  endfacet
  facet normal 0.941547 0.336881 0
    outer loop
      vertex -48.9564 32.2754 3
      vertex -49.0622 32.5711 0
      vertex -49.0622 32.5711 3
    endloop
  endfacet
  facet normal 0.941547 0.336881 0
    outer loop
      vertex -49.0622 32.5711 0
      vertex -48.9564 32.2754 3
      vertex -48.9564 32.2754 0
    endloop
  endfacet
  facet normal -0.989164 0.146814 0
    outer loop
      vertex -42.8615 32.8757 0
      vertex -42.8154 33.1863 3
      vertex -42.8154 33.1863 0
    endloop
  endfacet
  facet normal -0.989164 0.146814 0
    outer loop
      vertex -42.8154 33.1863 3
      vertex -42.8615 32.8757 0
      vertex -42.8615 32.8757 3
    endloop
  endfacet
  facet normal -0.998797 0.0490324 0
    outer loop
      vertex -42.8154 33.1863 0
      vertex -42.8 33.5 3
      vertex -42.8 33.5 0
    endloop
  endfacet
  facet normal -0.998797 0.0490324 0
    outer loop
      vertex -42.8 33.5 3
      vertex -42.8154 33.1863 0
      vertex -42.8154 33.1863 3
    endloop
  endfacet
  facet normal 0.514074 -0.857746 0
    outer loop
      vertex -47.7778 36.1607 0
      vertex -47.5085 36.3221 3
      vertex -47.7778 36.1607 3
    endloop
  endfacet
  facet normal 0.514074 -0.857746 0
    outer loop
      vertex -47.5085 36.3221 3
      vertex -47.7778 36.1607 0
      vertex -47.5085 36.3221 0
    endloop
  endfacet
  facet normal -0.671705 0.740819 0
    outer loop
      vertex -43.7373 31.2373 0
      vertex -43.9699 31.0264 3
      vertex -43.7373 31.2373 3
    endloop
  endfacet
  facet normal -0.671705 0.740819 0
    outer loop
      vertex -43.9699 31.0264 3
      vertex -43.7373 31.2373 0
      vertex -43.9699 31.0264 0
    endloop
  endfacet
  facet normal 0.146814 -0.989164 0
    outer loop
      vertex -46.6243 36.6385 0
      vertex -46.3137 36.6846 3
      vertex -46.6243 36.6385 3
    endloop
  endfacet
  facet normal 0.146814 -0.989164 0
    outer loop
      vertex -46.3137 36.6846 3
      vertex -46.6243 36.6385 0
      vertex -46.3137 36.6846 0
    endloop
  endfacet
  facet normal -0.740819 0.671705 0
    outer loop
      vertex -43.7373 31.2373 0
      vertex -43.5264 31.4699 3
      vertex -43.5264 31.4699 0
    endloop
  endfacet
  facet normal -0.740819 0.671705 0
    outer loop
      vertex -43.5264 31.4699 3
      vertex -43.7373 31.2373 0
      vertex -43.7373 31.2373 3
    endloop
  endfacet
  facet normal -0.427621 0.903958 0
    outer loop
      vertex -44.4915 30.6779 0
      vertex -44.7754 30.5436 3
      vertex -44.4915 30.6779 3
    endloop
  endfacet
  facet normal -0.427621 0.903958 0
    outer loop
      vertex -44.7754 30.5436 3
      vertex -44.4915 30.6779 0
      vertex -44.7754 30.5436 0
    endloop
  endfacet
  facet normal -0.0490324 -0.998797 0
    outer loop
      vertex -46 36.7 0
      vertex -45.6863 36.6846 3
      vertex -46 36.7 3
    endloop
  endfacet
  facet normal -0.0490324 -0.998797 -0
    outer loop
      vertex -45.6863 36.6846 3
      vertex -46 36.7 0
      vertex -45.6863 36.6846 0
    endloop
  endfacet
  facet normal 0.740819 0.671705 0
    outer loop
      vertex -48.2627 31.2373 3
      vertex -48.4736 31.4699 0
      vertex -48.4736 31.4699 3
    endloop
  endfacet
  facet normal 0.740819 0.671705 0
    outer loop
      vertex -48.4736 31.4699 0
      vertex -48.2627 31.2373 3
      vertex -48.2627 31.2373 0
    endloop
  endfacet
  facet normal -0.989164 -0.146814 0
    outer loop
      vertex -42.8154 33.8137 0
      vertex -42.8615 34.1243 3
      vertex -42.8615 34.1243 0
    endloop
  endfacet
  facet normal -0.989164 -0.146814 0
    outer loop
      vertex -42.8615 34.1243 3
      vertex -42.8154 33.8137 0
      vertex -42.8154 33.8137 3
    endloop
  endfacet
  facet normal -0.903958 0.427621 0
    outer loop
      vertex -43.1779 31.9915 0
      vertex -43.0436 32.2754 3
      vertex -43.0436 32.2754 0
    endloop
  endfacet
  facet normal -0.903958 0.427621 0
    outer loop
      vertex -43.0436 32.2754 3
      vertex -43.1779 31.9915 0
      vertex -43.1779 31.9915 3
    endloop
  endfacet
  facet normal 0.242985 0.97003 -0
    outer loop
      vertex -46.6243 30.3615 0
      vertex -46.9289 30.4378 3
      vertex -46.6243 30.3615 3
    endloop
  endfacet
  facet normal 0.242985 0.97003 0
    outer loop
      vertex -46.9289 30.4378 3
      vertex -46.6243 30.3615 0
      vertex -46.9289 30.4378 0
    endloop
  endfacet
  facet normal 0.803236 0.595661 0
    outer loop
      vertex -48.4736 31.4699 3
      vertex -48.6607 31.7222 0
      vertex -48.6607 31.7222 3
    endloop
  endfacet
  facet normal 0.803236 0.595661 0
    outer loop
      vertex -48.6607 31.7222 0
      vertex -48.4736 31.4699 3
      vertex -48.4736 31.4699 0
    endloop
  endfacet
  facet normal -0.242985 0.97003 0
    outer loop
      vertex -45.0711 30.4378 0
      vertex -45.3757 30.3615 3
      vertex -45.0711 30.4378 3
    endloop
  endfacet
  facet normal -0.242985 0.97003 0
    outer loop
      vertex -45.3757 30.3615 3
      vertex -45.0711 30.4378 0
      vertex -45.3757 30.3615 0
    endloop
  endfacet
  facet normal -0.336881 0.941547 0
    outer loop
      vertex -44.7754 30.5436 0
      vertex -45.0711 30.4378 3
      vertex -44.7754 30.5436 3
    endloop
  endfacet
  facet normal -0.336881 0.941547 0
    outer loop
      vertex -45.0711 30.4378 3
      vertex -44.7754 30.5436 0
      vertex -45.0711 30.4378 0
    endloop
  endfacet
  facet normal -0.941547 0.336881 0
    outer loop
      vertex -43.0436 32.2754 0
      vertex -42.9378 32.5711 3
      vertex -42.9378 32.5711 0
    endloop
  endfacet
  facet normal -0.941547 0.336881 0
    outer loop
      vertex -42.9378 32.5711 3
      vertex -43.0436 32.2754 0
      vertex -43.0436 32.2754 3
    endloop
  endfacet
  facet normal -0.595661 0.803236 0
    outer loop
      vertex -43.9699 31.0264 0
      vertex -44.2222 30.8393 3
      vertex -43.9699 31.0264 3
    endloop
  endfacet
  facet normal -0.595661 0.803236 0
    outer loop
      vertex -44.2222 30.8393 3
      vertex -43.9699 31.0264 0
      vertex -44.2222 30.8393 0
    endloop
  endfacet
  facet normal 0.857746 -0.514074 0
    outer loop
      vertex -48.8221 35.0085 3
      vertex -48.6607 35.2778 0
      vertex -48.6607 35.2778 3
    endloop
  endfacet
  facet normal 0.857746 -0.514074 0
    outer loop
      vertex -48.6607 35.2778 0
      vertex -48.8221 35.0085 3
      vertex -48.8221 35.0085 0
    endloop
  endfacet
  facet normal -0.514074 0.857746 0
    outer loop
      vertex -44.2222 30.8393 0
      vertex -44.4915 30.6779 3
      vertex -44.2222 30.8393 3
    endloop
  endfacet
  facet normal -0.514074 0.857746 0
    outer loop
      vertex -44.4915 30.6779 3
      vertex -44.2222 30.8393 0
      vertex -44.4915 30.6779 0
    endloop
  endfacet
  facet normal -0.941547 -0.336881 0
    outer loop
      vertex -42.9378 34.4289 0
      vertex -43.0436 34.7246 3
      vertex -43.0436 34.7246 0
    endloop
  endfacet
  facet normal -0.941547 -0.336881 0
    outer loop
      vertex -43.0436 34.7246 3
      vertex -42.9378 34.4289 0
      vertex -42.9378 34.4289 3
    endloop
  endfacet
  facet normal 0.857746 0.514074 0
    outer loop
      vertex -48.6607 31.7222 3
      vertex -48.8221 31.9915 0
      vertex -48.8221 31.9915 3
    endloop
  endfacet
  facet normal 0.857746 0.514074 0
    outer loop
      vertex -48.8221 31.9915 0
      vertex -48.6607 31.7222 3
      vertex -48.6607 31.7222 0
    endloop
  endfacet
  facet normal 0.97003 -0.242985 0
    outer loop
      vertex -49.1385 34.1243 3
      vertex -49.0622 34.4289 0
      vertex -49.0622 34.4289 3
    endloop
  endfacet
  facet normal 0.97003 -0.242985 0
    outer loop
      vertex -49.0622 34.4289 0
      vertex -49.1385 34.1243 3
      vertex -49.1385 34.1243 0
    endloop
  endfacet
  facet normal -0.0490324 0.998797 0
    outer loop
      vertex -45.6863 30.3154 0
      vertex -46 30.3 3
      vertex -45.6863 30.3154 3
    endloop
  endfacet
  facet normal -0.0490324 0.998797 0
    outer loop
      vertex -46 30.3 3
      vertex -45.6863 30.3154 0
      vertex -46 30.3 0
    endloop
  endfacet
  facet normal -0.857746 0.514074 0
    outer loop
      vertex -43.3393 31.7222 0
      vertex -43.1779 31.9915 3
      vertex -43.1779 31.9915 0
    endloop
  endfacet
  facet normal -0.857746 0.514074 0
    outer loop
      vertex -43.1779 31.9915 3
      vertex -43.3393 31.7222 0
      vertex -43.3393 31.7222 3
    endloop
  endfacet
  facet normal 0.941547 -0.336881 0
    outer loop
      vertex -49.0622 34.4289 3
      vertex -48.9564 34.7246 0
      vertex -48.9564 34.7246 3
    endloop
  endfacet
  facet normal 0.941547 -0.336881 0
    outer loop
      vertex -48.9564 34.7246 0
      vertex -49.0622 34.4289 3
      vertex -49.0622 34.4289 0
    endloop
  endfacet
  facet normal 0.671705 0.740819 -0
    outer loop
      vertex -48.0301 31.0264 0
      vertex -48.2627 31.2373 3
      vertex -48.0301 31.0264 3
    endloop
  endfacet
  facet normal 0.671705 0.740819 0
    outer loop
      vertex -48.2627 31.2373 3
      vertex -48.0301 31.0264 0
      vertex -48.2627 31.2373 0
    endloop
  endfacet
  facet normal -0.97003 -0.242985 0
    outer loop
      vertex -42.8615 34.1243 0
      vertex -42.9378 34.4289 3
      vertex -42.9378 34.4289 0
    endloop
  endfacet
  facet normal -0.97003 -0.242985 0
    outer loop
      vertex -42.9378 34.4289 3
      vertex -42.8615 34.1243 0
      vertex -42.8615 34.1243 3
    endloop
  endfacet
  facet normal 0.514074 0.857746 -0
    outer loop
      vertex -47.5085 30.6779 0
      vertex -47.7778 30.8393 3
      vertex -47.5085 30.6779 3
    endloop
  endfacet
  facet normal 0.514074 0.857746 0
    outer loop
      vertex -47.7778 30.8393 3
      vertex -47.5085 30.6779 0
      vertex -47.7778 30.8393 0
    endloop
  endfacet
  facet normal 0.998797 -0.0490324 0
    outer loop
      vertex -49.2 33.5 3
      vertex -49.1846 33.8137 0
      vertex -49.1846 33.8137 3
    endloop
  endfacet
  facet normal 0.998797 -0.0490324 0
    outer loop
      vertex -49.1846 33.8137 0
      vertex -49.2 33.5 3
      vertex -49.2 33.5 0
    endloop
  endfacet
  facet normal 0.97003 0.242985 0
    outer loop
      vertex -49.0622 32.5711 3
      vertex -49.1385 32.8757 0
      vertex -49.1385 32.8757 3
    endloop
  endfacet
  facet normal 0.97003 0.242985 0
    outer loop
      vertex -49.1385 32.8757 0
      vertex -49.0622 32.5711 3
      vertex -49.0622 32.5711 0
    endloop
  endfacet
  facet normal -0.427621 -0.903958 0
    outer loop
      vertex -44.7754 36.4564 0
      vertex -44.4915 36.3221 3
      vertex -44.7754 36.4564 3
    endloop
  endfacet
  facet normal -0.427621 -0.903958 -0
    outer loop
      vertex -44.4915 36.3221 3
      vertex -44.7754 36.4564 0
      vertex -44.4915 36.3221 0
    endloop
  endfacet
  facet normal 0.336881 -0.941547 0
    outer loop
      vertex -47.2246 36.4564 0
      vertex -46.9289 36.5622 3
      vertex -47.2246 36.4564 3
    endloop
  endfacet
  facet normal 0.336881 -0.941547 0
    outer loop
      vertex -46.9289 36.5622 3
      vertex -47.2246 36.4564 0
      vertex -46.9289 36.5622 0
    endloop
  endfacet
  facet normal 0.336881 0.941547 -0
    outer loop
      vertex -46.9289 30.4378 0
      vertex -47.2246 30.5436 3
      vertex -46.9289 30.4378 3
    endloop
  endfacet
  facet normal 0.336881 0.941547 0
    outer loop
      vertex -47.2246 30.5436 3
      vertex -46.9289 30.4378 0
      vertex -47.2246 30.5436 0
    endloop
  endfacet
  facet normal -0.514074 -0.857746 0
    outer loop
      vertex -44.4915 36.3221 0
      vertex -44.2222 36.1607 3
      vertex -44.4915 36.3221 3
    endloop
  endfacet
  facet normal -0.514074 -0.857746 -0
    outer loop
      vertex -44.2222 36.1607 3
      vertex -44.4915 36.3221 0
      vertex -44.2222 36.1607 0
    endloop
  endfacet
  facet normal -0.146814 -0.989164 0
    outer loop
      vertex -45.6863 36.6846 0
      vertex -45.3757 36.6385 3
      vertex -45.6863 36.6846 3
    endloop
  endfacet
  facet normal -0.146814 -0.989164 -0
    outer loop
      vertex -45.3757 36.6385 3
      vertex -45.6863 36.6846 0
      vertex -45.3757 36.6385 0
    endloop
  endfacet
  facet normal -0.740819 -0.671705 0
    outer loop
      vertex -43.5264 35.5301 0
      vertex -43.7373 35.7627 3
      vertex -43.7373 35.7627 0
    endloop
  endfacet
  facet normal -0.740819 -0.671705 0
    outer loop
      vertex -43.7373 35.7627 3
      vertex -43.5264 35.5301 0
      vertex -43.5264 35.5301 3
    endloop
  endfacet
  facet normal -0.803236 -0.595661 0
    outer loop
      vertex -43.3393 35.2778 0
      vertex -43.5264 35.5301 3
      vertex -43.5264 35.5301 0
    endloop
  endfacet
  facet normal -0.803236 -0.595661 0
    outer loop
      vertex -43.5264 35.5301 3
      vertex -43.3393 35.2778 0
      vertex -43.3393 35.2778 3
    endloop
  endfacet
  facet normal 0.0490324 0.998797 -0
    outer loop
      vertex -46 30.3 0
      vertex -46.3137 30.3154 3
      vertex -46 30.3 3
    endloop
  endfacet
  facet normal 0.0490324 0.998797 0
    outer loop
      vertex -46.3137 30.3154 3
      vertex -46 30.3 0
      vertex -46.3137 30.3154 0
    endloop
  endfacet
  facet normal 0.427621 0.903958 -0
    outer loop
      vertex -47.2246 30.5436 0
      vertex -47.5085 30.6779 3
      vertex -47.2246 30.5436 3
    endloop
  endfacet
  facet normal 0.427621 0.903958 0
    outer loop
      vertex -47.5085 30.6779 3
      vertex -47.2246 30.5436 0
      vertex -47.5085 30.6779 0
    endloop
  endfacet
  facet normal 0.595661 0.803236 -0
    outer loop
      vertex -47.7778 30.8393 0
      vertex -48.0301 31.0264 3
      vertex -47.7778 30.8393 3
    endloop
  endfacet
  facet normal 0.595661 0.803236 0
    outer loop
      vertex -48.0301 31.0264 3
      vertex -47.7778 30.8393 0
      vertex -48.0301 31.0264 0
    endloop
  endfacet
  facet normal 0.989164 0.146814 0
    outer loop
      vertex -49.1385 32.8757 3
      vertex -49.1846 33.1863 0
      vertex -49.1846 33.1863 3
    endloop
  endfacet
  facet normal 0.989164 0.146814 0
    outer loop
      vertex -49.1846 33.1863 0
      vertex -49.1385 32.8757 3
      vertex -49.1385 32.8757 0
    endloop
  endfacet
  facet normal 0.242985 -0.97003 0
    outer loop
      vertex -46.9289 36.5622 0
      vertex -46.6243 36.6385 3
      vertex -46.9289 36.5622 3
    endloop
  endfacet
  facet normal 0.242985 -0.97003 0
    outer loop
      vertex -46.6243 36.6385 3
      vertex -46.9289 36.5622 0
      vertex -46.6243 36.6385 0
    endloop
  endfacet
  facet normal -0.97003 0.242985 0
    outer loop
      vertex -42.9378 32.5711 0
      vertex -42.8615 32.8757 3
      vertex -42.8615 32.8757 0
    endloop
  endfacet
  facet normal -0.97003 0.242985 0
    outer loop
      vertex -42.8615 32.8757 3
      vertex -42.9378 32.5711 0
      vertex -42.9378 32.5711 3
    endloop
  endfacet
  facet normal -0.803236 0.595661 0
    outer loop
      vertex -43.5264 31.4699 0
      vertex -43.3393 31.7222 3
      vertex -43.3393 31.7222 0
    endloop
  endfacet
  facet normal -0.803236 0.595661 0
    outer loop
      vertex -43.3393 31.7222 3
      vertex -43.5264 31.4699 0
      vertex -43.5264 31.4699 3
    endloop
  endfacet
  facet normal 0.803236 -0.595661 0
    outer loop
      vertex -48.6607 35.2778 3
      vertex -48.4736 35.5301 0
      vertex -48.4736 35.5301 3
    endloop
  endfacet
  facet normal 0.803236 -0.595661 0
    outer loop
      vertex -48.4736 35.5301 0
      vertex -48.6607 35.2778 3
      vertex -48.6607 35.2778 0
    endloop
  endfacet
  facet normal 0.903958 -0.427621 0
    outer loop
      vertex -48.9564 34.7246 3
      vertex -48.8221 35.0085 0
      vertex -48.8221 35.0085 3
    endloop
  endfacet
  facet normal 0.903958 -0.427621 0
    outer loop
      vertex -48.8221 35.0085 0
      vertex -48.9564 34.7246 3
      vertex -48.9564 34.7246 0
    endloop
  endfacet
  facet normal -0.146814 0.989164 0
    outer loop
      vertex -45.3757 30.3615 0
      vertex -45.6863 30.3154 3
      vertex -45.3757 30.3615 3
    endloop
  endfacet
  facet normal -0.146814 0.989164 0
    outer loop
      vertex -45.6863 30.3154 3
      vertex -45.3757 30.3615 0
      vertex -45.6863 30.3154 0
    endloop
  endfacet
  facet normal 0.427621 -0.903958 0
    outer loop
      vertex -47.5085 36.3221 0
      vertex -47.2246 36.4564 3
      vertex -47.5085 36.3221 3
    endloop
  endfacet
  facet normal 0.427621 -0.903958 0
    outer loop
      vertex -47.2246 36.4564 3
      vertex -47.5085 36.3221 0
      vertex -47.2246 36.4564 0
    endloop
  endfacet
  facet normal -0.595661 -0.803236 0
    outer loop
      vertex -44.2222 36.1607 0
      vertex -43.9699 35.9736 3
      vertex -44.2222 36.1607 3
    endloop
  endfacet
  facet normal -0.595661 -0.803236 -0
    outer loop
      vertex -43.9699 35.9736 3
      vertex -44.2222 36.1607 0
      vertex -43.9699 35.9736 0
    endloop
  endfacet
  facet normal -0.998797 -0.0490324 0
    outer loop
      vertex -42.8 33.5 0
      vertex -42.8154 33.8137 3
      vertex -42.8154 33.8137 0
    endloop
  endfacet
  facet normal -0.998797 -0.0490324 0
    outer loop
      vertex -42.8154 33.8137 3
      vertex -42.8 33.5 0
      vertex -42.8 33.5 3
    endloop
  endfacet
  facet normal 0.146814 0.989164 -0
    outer loop
      vertex -46.3137 30.3154 0
      vertex -46.6243 30.3615 3
      vertex -46.3137 30.3154 3
    endloop
  endfacet
  facet normal 0.146814 0.989164 0
    outer loop
      vertex -46.6243 30.3615 3
      vertex -46.3137 30.3154 0
      vertex -46.6243 30.3615 0
    endloop
  endfacet
  facet normal 0.989164 -0.146814 0
    outer loop
      vertex -49.1846 33.8137 3
      vertex -49.1385 34.1243 0
      vertex -49.1385 34.1243 3
    endloop
  endfacet
  facet normal 0.989164 -0.146814 0
    outer loop
      vertex -49.1385 34.1243 0
      vertex -49.1846 33.8137 3
      vertex -49.1846 33.8137 0
    endloop
  endfacet
  facet normal -0.336881 -0.941547 0
    outer loop
      vertex -45.0711 36.5622 0
      vertex -44.7754 36.4564 3
      vertex -45.0711 36.5622 3
    endloop
  endfacet
  facet normal -0.336881 -0.941547 -0
    outer loop
      vertex -44.7754 36.4564 3
      vertex -45.0711 36.5622 0
      vertex -44.7754 36.4564 0
    endloop
  endfacet
  facet normal -0.242985 -0.97003 0
    outer loop
      vertex -45.3757 36.6385 0
      vertex -45.0711 36.5622 3
      vertex -45.3757 36.6385 3
    endloop
  endfacet
  facet normal -0.242985 -0.97003 -0
    outer loop
      vertex -45.0711 36.5622 3
      vertex -45.3757 36.6385 0
      vertex -45.0711 36.5622 0
    endloop
  endfacet
  facet normal 0.740819 -0.671705 0
    outer loop
      vertex -48.4736 35.5301 3
      vertex -48.2627 35.7627 0
      vertex -48.2627 35.7627 3
    endloop
  endfacet
  facet normal 0.740819 -0.671705 0
    outer loop
      vertex -48.2627 35.7627 0
      vertex -48.4736 35.5301 3
      vertex -48.4736 35.5301 0
    endloop
  endfacet
  facet normal 0.903958 0.427621 0
    outer loop
      vertex -48.8221 31.9915 3
      vertex -48.9564 32.2754 0
      vertex -48.9564 32.2754 3
    endloop
  endfacet
  facet normal 0.903958 0.427621 0
    outer loop
      vertex -48.9564 32.2754 0
      vertex -48.8221 31.9915 3
      vertex -48.8221 31.9915 0
    endloop
  endfacet
  facet normal 0.595661 -0.803236 0
    outer loop
      vertex -48.0301 35.9736 0
      vertex -47.7778 36.1607 3
      vertex -48.0301 35.9736 3
    endloop
  endfacet
  facet normal 0.595661 -0.803236 0
    outer loop
      vertex -47.7778 36.1607 3
      vertex -48.0301 35.9736 0
      vertex -47.7778 36.1607 0
    endloop
  endfacet
  facet normal -0.903958 -0.427621 0
    outer loop
      vertex -43.0436 34.7246 0
      vertex -43.1779 35.0085 3
      vertex -43.1779 35.0085 0
    endloop
  endfacet
  facet normal -0.903958 -0.427621 0
    outer loop
      vertex -43.1779 35.0085 3
      vertex -43.0436 34.7246 0
      vertex -43.0436 34.7246 3
    endloop
  endfacet
  facet normal -0.857746 -0.514074 0
    outer loop
      vertex -43.1779 35.0085 0
      vertex -43.3393 35.2778 3
      vertex -43.3393 35.2778 0
    endloop
  endfacet
  facet normal -0.857746 -0.514074 0
    outer loop
      vertex -43.3393 35.2778 3
      vertex -43.1779 35.0085 0
      vertex -43.1779 35.0085 3
    endloop
  endfacet
  facet normal 0.0490324 -0.998797 0
    outer loop
      vertex -46.3137 36.6846 0
      vertex -46 36.7 3
      vertex -46.3137 36.6846 3
    endloop
  endfacet
  facet normal 0.0490324 -0.998797 0
    outer loop
      vertex -46 36.7 3
      vertex -46.3137 36.6846 0
      vertex -46 36.7 0
    endloop
  endfacet
  facet normal 0.998797 0.0490324 0
    outer loop
      vertex -49.1846 33.1863 3
      vertex -49.2 33.5 0
      vertex -49.2 33.5 3
    endloop
  endfacet
  facet normal 0.998797 0.0490324 0
    outer loop
      vertex -49.2 33.5 0
      vertex -49.1846 33.1863 3
      vertex -49.1846 33.1863 0
    endloop
  endfacet
  facet normal -0.671705 -0.740819 0
    outer loop
      vertex -43.9699 35.9736 0
      vertex -43.7373 35.7627 3
      vertex -43.9699 35.9736 3
    endloop
  endfacet
  facet normal -0.671705 -0.740819 -0
    outer loop
      vertex -43.7373 35.7627 3
      vertex -43.9699 35.9736 0
      vertex -43.7373 35.7627 0
    endloop
  endfacet
  facet normal 0.671705 -0.740819 0
    outer loop
      vertex -48.2627 -31.2373 0
      vertex -48.0301 -31.0264 3
      vertex -48.2627 -31.2373 3
    endloop
  endfacet
  facet normal 0.671705 -0.740819 0
    outer loop
      vertex -48.0301 -31.0264 3
      vertex -48.2627 -31.2373 0
      vertex -48.0301 -31.0264 0
    endloop
  endfacet
  facet normal 0.941547 0.336881 0
    outer loop
      vertex -48.9564 -34.7246 3
      vertex -49.0622 -34.4289 0
      vertex -49.0622 -34.4289 3
    endloop
  endfacet
  facet normal 0.941547 0.336881 0
    outer loop
      vertex -49.0622 -34.4289 0
      vertex -48.9564 -34.7246 3
      vertex -48.9564 -34.7246 0
    endloop
  endfacet
  facet normal -0.989164 0.146814 0
    outer loop
      vertex -42.8615 -34.1243 0
      vertex -42.8154 -33.8137 3
      vertex -42.8154 -33.8137 0
    endloop
  endfacet
  facet normal -0.989164 0.146814 0
    outer loop
      vertex -42.8154 -33.8137 3
      vertex -42.8615 -34.1243 0
      vertex -42.8615 -34.1243 3
    endloop
  endfacet
  facet normal -0.998797 0.0490324 0
    outer loop
      vertex -42.8154 -33.8137 0
      vertex -42.8 -33.5 3
      vertex -42.8 -33.5 0
    endloop
  endfacet
  facet normal -0.998797 0.0490324 0
    outer loop
      vertex -42.8 -33.5 3
      vertex -42.8154 -33.8137 0
      vertex -42.8154 -33.8137 3
    endloop
  endfacet
  facet normal 0.514074 -0.857746 0
    outer loop
      vertex -47.7778 -30.8393 0
      vertex -47.5085 -30.6779 3
      vertex -47.7778 -30.8393 3
    endloop
  endfacet
  facet normal 0.514074 -0.857746 0
    outer loop
      vertex -47.5085 -30.6779 3
      vertex -47.7778 -30.8393 0
      vertex -47.5085 -30.6779 0
    endloop
  endfacet
  facet normal -0.671705 0.740819 0
    outer loop
      vertex -43.7373 -35.7627 0
      vertex -43.9699 -35.9736 3
      vertex -43.7373 -35.7627 3
    endloop
  endfacet
  facet normal -0.671705 0.740819 0
    outer loop
      vertex -43.9699 -35.9736 3
      vertex -43.7373 -35.7627 0
      vertex -43.9699 -35.9736 0
    endloop
  endfacet
  facet normal 0.146814 -0.989164 0
    outer loop
      vertex -46.6243 -30.3615 0
      vertex -46.3137 -30.3154 3
      vertex -46.6243 -30.3615 3
    endloop
  endfacet
  facet normal 0.146814 -0.989164 0
    outer loop
      vertex -46.3137 -30.3154 3
      vertex -46.6243 -30.3615 0
      vertex -46.3137 -30.3154 0
    endloop
  endfacet
  facet normal -0.740819 0.671705 0
    outer loop
      vertex -43.7373 -35.7627 0
      vertex -43.5264 -35.5301 3
      vertex -43.5264 -35.5301 0
    endloop
  endfacet
  facet normal -0.740819 0.671705 0
    outer loop
      vertex -43.5264 -35.5301 3
      vertex -43.7373 -35.7627 0
      vertex -43.7373 -35.7627 3
    endloop
  endfacet
  facet normal -0.427621 0.903958 0
    outer loop
      vertex -44.4915 -36.3221 0
      vertex -44.7754 -36.4564 3
      vertex -44.4915 -36.3221 3
    endloop
  endfacet
  facet normal -0.427621 0.903958 0
    outer loop
      vertex -44.7754 -36.4564 3
      vertex -44.4915 -36.3221 0
      vertex -44.7754 -36.4564 0
    endloop
  endfacet
  facet normal -0.0490324 -0.998797 0
    outer loop
      vertex -46 -30.3 0
      vertex -45.6863 -30.3154 3
      vertex -46 -30.3 3
    endloop
  endfacet
  facet normal -0.0490324 -0.998797 -0
    outer loop
      vertex -45.6863 -30.3154 3
      vertex -46 -30.3 0
      vertex -45.6863 -30.3154 0
    endloop
  endfacet
  facet normal 0.740819 0.671705 0
    outer loop
      vertex -48.2627 -35.7627 3
      vertex -48.4736 -35.5301 0
      vertex -48.4736 -35.5301 3
    endloop
  endfacet
  facet normal 0.740819 0.671705 0
    outer loop
      vertex -48.4736 -35.5301 0
      vertex -48.2627 -35.7627 3
      vertex -48.2627 -35.7627 0
    endloop
  endfacet
  facet normal -0.989164 -0.146814 0
    outer loop
      vertex -42.8154 -33.1863 0
      vertex -42.8615 -32.8757 3
      vertex -42.8615 -32.8757 0
    endloop
  endfacet
  facet normal -0.989164 -0.146814 0
    outer loop
      vertex -42.8615 -32.8757 3
      vertex -42.8154 -33.1863 0
      vertex -42.8154 -33.1863 3
    endloop
  endfacet
  facet normal -0.903958 0.427621 0
    outer loop
      vertex -43.1779 -35.0085 0
      vertex -43.0436 -34.7246 3
      vertex -43.0436 -34.7246 0
    endloop
  endfacet
  facet normal -0.903958 0.427621 0
    outer loop
      vertex -43.0436 -34.7246 3
      vertex -43.1779 -35.0085 0
      vertex -43.1779 -35.0085 3
    endloop
  endfacet
  facet normal 0.242985 0.97003 -0
    outer loop
      vertex -46.6243 -36.6385 0
      vertex -46.9289 -36.5622 3
      vertex -46.6243 -36.6385 3
    endloop
  endfacet
  facet normal 0.242985 0.97003 0
    outer loop
      vertex -46.9289 -36.5622 3
      vertex -46.6243 -36.6385 0
      vertex -46.9289 -36.5622 0
    endloop
  endfacet
  facet normal 0.803236 0.595661 0
    outer loop
      vertex -48.4736 -35.5301 3
      vertex -48.6607 -35.2778 0
      vertex -48.6607 -35.2778 3
    endloop
  endfacet
  facet normal 0.803236 0.595661 0
    outer loop
      vertex -48.6607 -35.2778 0
      vertex -48.4736 -35.5301 3
      vertex -48.4736 -35.5301 0
    endloop
  endfacet
  facet normal -0.242985 0.97003 0
    outer loop
      vertex -45.0711 -36.5622 0
      vertex -45.3757 -36.6385 3
      vertex -45.0711 -36.5622 3
    endloop
  endfacet
  facet normal -0.242985 0.97003 0
    outer loop
      vertex -45.3757 -36.6385 3
      vertex -45.0711 -36.5622 0
      vertex -45.3757 -36.6385 0
    endloop
  endfacet
  facet normal -0.336881 0.941547 0
    outer loop
      vertex -44.7754 -36.4564 0
      vertex -45.0711 -36.5622 3
      vertex -44.7754 -36.4564 3
    endloop
  endfacet
  facet normal -0.336881 0.941547 0
    outer loop
      vertex -45.0711 -36.5622 3
      vertex -44.7754 -36.4564 0
      vertex -45.0711 -36.5622 0
    endloop
  endfacet
  facet normal -0.941547 0.336881 0
    outer loop
      vertex -43.0436 -34.7246 0
      vertex -42.9378 -34.4289 3
      vertex -42.9378 -34.4289 0
    endloop
  endfacet
  facet normal -0.941547 0.336881 0
    outer loop
      vertex -42.9378 -34.4289 3
      vertex -43.0436 -34.7246 0
      vertex -43.0436 -34.7246 3
    endloop
  endfacet
  facet normal -0.595661 0.803236 0
    outer loop
      vertex -43.9699 -35.9736 0
      vertex -44.2222 -36.1607 3
      vertex -43.9699 -35.9736 3
    endloop
  endfacet
  facet normal -0.595661 0.803236 0
    outer loop
      vertex -44.2222 -36.1607 3
      vertex -43.9699 -35.9736 0
      vertex -44.2222 -36.1607 0
    endloop
  endfacet
  facet normal 0.857746 -0.514074 0
    outer loop
      vertex -48.8221 -31.9915 3
      vertex -48.6607 -31.7222 0
      vertex -48.6607 -31.7222 3
    endloop
  endfacet
  facet normal 0.857746 -0.514074 0
    outer loop
      vertex -48.6607 -31.7222 0
      vertex -48.8221 -31.9915 3
      vertex -48.8221 -31.9915 0
    endloop
  endfacet
  facet normal -0.514074 0.857746 0
    outer loop
      vertex -44.2222 -36.1607 0
      vertex -44.4915 -36.3221 3
      vertex -44.2222 -36.1607 3
    endloop
  endfacet
  facet normal -0.514074 0.857746 0
    outer loop
      vertex -44.4915 -36.3221 3
      vertex -44.2222 -36.1607 0
      vertex -44.4915 -36.3221 0
    endloop
  endfacet
  facet normal -0.941547 -0.336881 0
    outer loop
      vertex -42.9378 -32.5711 0
      vertex -43.0436 -32.2754 3
      vertex -43.0436 -32.2754 0
    endloop
  endfacet
  facet normal -0.941547 -0.336881 0
    outer loop
      vertex -43.0436 -32.2754 3
      vertex -42.9378 -32.5711 0
      vertex -42.9378 -32.5711 3
    endloop
  endfacet
  facet normal 0.857746 0.514074 0
    outer loop
      vertex -48.6607 -35.2778 3
      vertex -48.8221 -35.0085 0
      vertex -48.8221 -35.0085 3
    endloop
  endfacet
  facet normal 0.857746 0.514074 0
    outer loop
      vertex -48.8221 -35.0085 0
      vertex -48.6607 -35.2778 3
      vertex -48.6607 -35.2778 0
    endloop
  endfacet
  facet normal 0.97003 -0.242985 0
    outer loop
      vertex -49.1385 -32.8757 3
      vertex -49.0622 -32.5711 0
      vertex -49.0622 -32.5711 3
    endloop
  endfacet
  facet normal 0.97003 -0.242985 0
    outer loop
      vertex -49.0622 -32.5711 0
      vertex -49.1385 -32.8757 3
      vertex -49.1385 -32.8757 0
    endloop
  endfacet
  facet normal -0.0490324 0.998797 0
    outer loop
      vertex -45.6863 -36.6846 0
      vertex -46 -36.7 3
      vertex -45.6863 -36.6846 3
    endloop
  endfacet
  facet normal -0.0490324 0.998797 0
    outer loop
      vertex -46 -36.7 3
      vertex -45.6863 -36.6846 0
      vertex -46 -36.7 0
    endloop
  endfacet
  facet normal -0.857746 0.514074 0
    outer loop
      vertex -43.3393 -35.2778 0
      vertex -43.1779 -35.0085 3
      vertex -43.1779 -35.0085 0
    endloop
  endfacet
  facet normal -0.857746 0.514074 0
    outer loop
      vertex -43.1779 -35.0085 3
      vertex -43.3393 -35.2778 0
      vertex -43.3393 -35.2778 3
    endloop
  endfacet
  facet normal 0.941547 -0.336881 0
    outer loop
      vertex -49.0622 -32.5711 3
      vertex -48.9564 -32.2754 0
      vertex -48.9564 -32.2754 3
    endloop
  endfacet
  facet normal 0.941547 -0.336881 0
    outer loop
      vertex -48.9564 -32.2754 0
      vertex -49.0622 -32.5711 3
      vertex -49.0622 -32.5711 0
    endloop
  endfacet
  facet normal 0.671705 0.740819 -0
    outer loop
      vertex -48.0301 -35.9736 0
      vertex -48.2627 -35.7627 3
      vertex -48.0301 -35.9736 3
    endloop
  endfacet
  facet normal 0.671705 0.740819 0
    outer loop
      vertex -48.2627 -35.7627 3
      vertex -48.0301 -35.9736 0
      vertex -48.2627 -35.7627 0
    endloop
  endfacet
  facet normal -0.97003 -0.242985 0
    outer loop
      vertex -42.8615 -32.8757 0
      vertex -42.9378 -32.5711 3
      vertex -42.9378 -32.5711 0
    endloop
  endfacet
  facet normal -0.97003 -0.242985 0
    outer loop
      vertex -42.9378 -32.5711 3
      vertex -42.8615 -32.8757 0
      vertex -42.8615 -32.8757 3
    endloop
  endfacet
  facet normal 0.514074 0.857746 -0
    outer loop
      vertex -47.5085 -36.3221 0
      vertex -47.7778 -36.1607 3
      vertex -47.5085 -36.3221 3
    endloop
  endfacet
  facet normal 0.514074 0.857746 0
    outer loop
      vertex -47.7778 -36.1607 3
      vertex -47.5085 -36.3221 0
      vertex -47.7778 -36.1607 0
    endloop
  endfacet
  facet normal 0.998797 -0.0490324 0
    outer loop
      vertex -49.2 -33.5 3
      vertex -49.1846 -33.1863 0
      vertex -49.1846 -33.1863 3
    endloop
  endfacet
  facet normal 0.998797 -0.0490324 0
    outer loop
      vertex -49.1846 -33.1863 0
      vertex -49.2 -33.5 3
      vertex -49.2 -33.5 0
    endloop
  endfacet
  facet normal 0.97003 0.242985 0
    outer loop
      vertex -49.0622 -34.4289 3
      vertex -49.1385 -34.1243 0
      vertex -49.1385 -34.1243 3
    endloop
  endfacet
  facet normal 0.97003 0.242985 0
    outer loop
      vertex -49.1385 -34.1243 0
      vertex -49.0622 -34.4289 3
      vertex -49.0622 -34.4289 0
    endloop
  endfacet
  facet normal -0.427621 -0.903958 0
    outer loop
      vertex -44.7754 -30.5436 0
      vertex -44.4915 -30.6779 3
      vertex -44.7754 -30.5436 3
    endloop
  endfacet
  facet normal -0.427621 -0.903958 -0
    outer loop
      vertex -44.4915 -30.6779 3
      vertex -44.7754 -30.5436 0
      vertex -44.4915 -30.6779 0
    endloop
  endfacet
  facet normal 0.336881 -0.941547 0
    outer loop
      vertex -47.2246 -30.5436 0
      vertex -46.9289 -30.4378 3
      vertex -47.2246 -30.5436 3
    endloop
  endfacet
  facet normal 0.336881 -0.941547 0
    outer loop
      vertex -46.9289 -30.4378 3
      vertex -47.2246 -30.5436 0
      vertex -46.9289 -30.4378 0
    endloop
  endfacet
  facet normal 0.336881 0.941547 -0
    outer loop
      vertex -46.9289 -36.5622 0
      vertex -47.2246 -36.4564 3
      vertex -46.9289 -36.5622 3
    endloop
  endfacet
  facet normal 0.336881 0.941547 0
    outer loop
      vertex -47.2246 -36.4564 3
      vertex -46.9289 -36.5622 0
      vertex -47.2246 -36.4564 0
    endloop
  endfacet
  facet normal -0.514074 -0.857746 0
    outer loop
      vertex -44.4915 -30.6779 0
      vertex -44.2222 -30.8393 3
      vertex -44.4915 -30.6779 3
    endloop
  endfacet
  facet normal -0.514074 -0.857746 -0
    outer loop
      vertex -44.2222 -30.8393 3
      vertex -44.4915 -30.6779 0
      vertex -44.2222 -30.8393 0
    endloop
  endfacet
  facet normal -0.146814 -0.989164 0
    outer loop
      vertex -45.6863 -30.3154 0
      vertex -45.3757 -30.3615 3
      vertex -45.6863 -30.3154 3
    endloop
  endfacet
  facet normal -0.146814 -0.989164 -0
    outer loop
      vertex -45.3757 -30.3615 3
      vertex -45.6863 -30.3154 0
      vertex -45.3757 -30.3615 0
    endloop
  endfacet
  facet normal -0.740819 -0.671705 0
    outer loop
      vertex -43.5264 -31.4699 0
      vertex -43.7373 -31.2373 3
      vertex -43.7373 -31.2373 0
    endloop
  endfacet
  facet normal -0.740819 -0.671705 0
    outer loop
      vertex -43.7373 -31.2373 3
      vertex -43.5264 -31.4699 0
      vertex -43.5264 -31.4699 3
    endloop
  endfacet
  facet normal -0.803236 -0.595661 0
    outer loop
      vertex -43.3393 -31.7222 0
      vertex -43.5264 -31.4699 3
      vertex -43.5264 -31.4699 0
    endloop
  endfacet
  facet normal -0.803236 -0.595661 0
    outer loop
      vertex -43.5264 -31.4699 3
      vertex -43.3393 -31.7222 0
      vertex -43.3393 -31.7222 3
    endloop
  endfacet
  facet normal 0.0490324 0.998797 -0
    outer loop
      vertex -46 -36.7 0
      vertex -46.3137 -36.6846 3
      vertex -46 -36.7 3
    endloop
  endfacet
  facet normal 0.0490324 0.998797 0
    outer loop
      vertex -46.3137 -36.6846 3
      vertex -46 -36.7 0
      vertex -46.3137 -36.6846 0
    endloop
  endfacet
  facet normal 0.427621 0.903958 -0
    outer loop
      vertex -47.2246 -36.4564 0
      vertex -47.5085 -36.3221 3
      vertex -47.2246 -36.4564 3
    endloop
  endfacet
  facet normal 0.427621 0.903958 0
    outer loop
      vertex -47.5085 -36.3221 3
      vertex -47.2246 -36.4564 0
      vertex -47.5085 -36.3221 0
    endloop
  endfacet
  facet normal 0.595661 0.803236 -0
    outer loop
      vertex -47.7778 -36.1607 0
      vertex -48.0301 -35.9736 3
      vertex -47.7778 -36.1607 3
    endloop
  endfacet
  facet normal 0.595661 0.803236 0
    outer loop
      vertex -48.0301 -35.9736 3
      vertex -47.7778 -36.1607 0
      vertex -48.0301 -35.9736 0
    endloop
  endfacet
  facet normal 0.989164 0.146814 0
    outer loop
      vertex -49.1385 -34.1243 3
      vertex -49.1846 -33.8137 0
      vertex -49.1846 -33.8137 3
    endloop
  endfacet
  facet normal 0.989164 0.146814 0
    outer loop
      vertex -49.1846 -33.8137 0
      vertex -49.1385 -34.1243 3
      vertex -49.1385 -34.1243 0
    endloop
  endfacet
  facet normal 0.242985 -0.97003 0
    outer loop
      vertex -46.9289 -30.4378 0
      vertex -46.6243 -30.3615 3
      vertex -46.9289 -30.4378 3
    endloop
  endfacet
  facet normal 0.242985 -0.97003 0
    outer loop
      vertex -46.6243 -30.3615 3
      vertex -46.9289 -30.4378 0
      vertex -46.6243 -30.3615 0
    endloop
  endfacet
  facet normal -0.97003 0.242985 0
    outer loop
      vertex -42.9378 -34.4289 0
      vertex -42.8615 -34.1243 3
      vertex -42.8615 -34.1243 0
    endloop
  endfacet
  facet normal -0.97003 0.242985 0
    outer loop
      vertex -42.8615 -34.1243 3
      vertex -42.9378 -34.4289 0
      vertex -42.9378 -34.4289 3
    endloop
  endfacet
  facet normal -0.803236 0.595661 0
    outer loop
      vertex -43.5264 -35.5301 0
      vertex -43.3393 -35.2778 3
      vertex -43.3393 -35.2778 0
    endloop
  endfacet
  facet normal -0.803236 0.595661 0
    outer loop
      vertex -43.3393 -35.2778 3
      vertex -43.5264 -35.5301 0
      vertex -43.5264 -35.5301 3
    endloop
  endfacet
  facet normal 0.803236 -0.595661 0
    outer loop
      vertex -48.6607 -31.7222 3
      vertex -48.4736 -31.4699 0
      vertex -48.4736 -31.4699 3
    endloop
  endfacet
  facet normal 0.803236 -0.595661 0
    outer loop
      vertex -48.4736 -31.4699 0
      vertex -48.6607 -31.7222 3
      vertex -48.6607 -31.7222 0
    endloop
  endfacet
  facet normal 0.903958 -0.427621 0
    outer loop
      vertex -48.9564 -32.2754 3
      vertex -48.8221 -31.9915 0
      vertex -48.8221 -31.9915 3
    endloop
  endfacet
  facet normal 0.903958 -0.427621 0
    outer loop
      vertex -48.8221 -31.9915 0
      vertex -48.9564 -32.2754 3
      vertex -48.9564 -32.2754 0
    endloop
  endfacet
  facet normal -0.146814 0.989164 0
    outer loop
      vertex -45.3757 -36.6385 0
      vertex -45.6863 -36.6846 3
      vertex -45.3757 -36.6385 3
    endloop
  endfacet
  facet normal -0.146814 0.989164 0
    outer loop
      vertex -45.6863 -36.6846 3
      vertex -45.3757 -36.6385 0
      vertex -45.6863 -36.6846 0
    endloop
  endfacet
  facet normal 0.427621 -0.903958 0
    outer loop
      vertex -47.5085 -30.6779 0
      vertex -47.2246 -30.5436 3
      vertex -47.5085 -30.6779 3
    endloop
  endfacet
  facet normal 0.427621 -0.903958 0
    outer loop
      vertex -47.2246 -30.5436 3
      vertex -47.5085 -30.6779 0
      vertex -47.2246 -30.5436 0
    endloop
  endfacet
  facet normal -0.595661 -0.803236 0
    outer loop
      vertex -44.2222 -30.8393 0
      vertex -43.9699 -31.0264 3
      vertex -44.2222 -30.8393 3
    endloop
  endfacet
  facet normal -0.595661 -0.803236 -0
    outer loop
      vertex -43.9699 -31.0264 3
      vertex -44.2222 -30.8393 0
      vertex -43.9699 -31.0264 0
    endloop
  endfacet
  facet normal -0.998797 -0.0490324 0
    outer loop
      vertex -42.8 -33.5 0
      vertex -42.8154 -33.1863 3
      vertex -42.8154 -33.1863 0
    endloop
  endfacet
  facet normal -0.998797 -0.0490324 0
    outer loop
      vertex -42.8154 -33.1863 3
      vertex -42.8 -33.5 0
      vertex -42.8 -33.5 3
    endloop
  endfacet
  facet normal 0.146814 0.989164 -0
    outer loop
      vertex -46.3137 -36.6846 0
      vertex -46.6243 -36.6385 3
      vertex -46.3137 -36.6846 3
    endloop
  endfacet
  facet normal 0.146814 0.989164 0
    outer loop
      vertex -46.6243 -36.6385 3
      vertex -46.3137 -36.6846 0
      vertex -46.6243 -36.6385 0
    endloop
  endfacet
  facet normal 0.989164 -0.146814 0
    outer loop
      vertex -49.1846 -33.1863 3
      vertex -49.1385 -32.8757 0
      vertex -49.1385 -32.8757 3
    endloop
  endfacet
  facet normal 0.989164 -0.146814 0
    outer loop
      vertex -49.1385 -32.8757 0
      vertex -49.1846 -33.1863 3
      vertex -49.1846 -33.1863 0
    endloop
  endfacet
  facet normal -0.336881 -0.941547 0
    outer loop
      vertex -45.0711 -30.4378 0
      vertex -44.7754 -30.5436 3
      vertex -45.0711 -30.4378 3
    endloop
  endfacet
  facet normal -0.336881 -0.941547 -0
    outer loop
      vertex -44.7754 -30.5436 3
      vertex -45.0711 -30.4378 0
      vertex -44.7754 -30.5436 0
    endloop
  endfacet
  facet normal -0.242985 -0.97003 0
    outer loop
      vertex -45.3757 -30.3615 0
      vertex -45.0711 -30.4378 3
      vertex -45.3757 -30.3615 3
    endloop
  endfacet
  facet normal -0.242985 -0.97003 -0
    outer loop
      vertex -45.0711 -30.4378 3
      vertex -45.3757 -30.3615 0
      vertex -45.0711 -30.4378 0
    endloop
  endfacet
  facet normal 0.740819 -0.671705 0
    outer loop
      vertex -48.4736 -31.4699 3
      vertex -48.2627 -31.2373 0
      vertex -48.2627 -31.2373 3
    endloop
  endfacet
  facet normal 0.740819 -0.671705 0
    outer loop
      vertex -48.2627 -31.2373 0
      vertex -48.4736 -31.4699 3
      vertex -48.4736 -31.4699 0
    endloop
  endfacet
  facet normal 0.903958 0.427621 0
    outer loop
      vertex -48.8221 -35.0085 3
      vertex -48.9564 -34.7246 0
      vertex -48.9564 -34.7246 3
    endloop
  endfacet
  facet normal 0.903958 0.427621 0
    outer loop
      vertex -48.9564 -34.7246 0
      vertex -48.8221 -35.0085 3
      vertex -48.8221 -35.0085 0
    endloop
  endfacet
  facet normal 0.595661 -0.803236 0
    outer loop
      vertex -48.0301 -31.0264 0
      vertex -47.7778 -30.8393 3
      vertex -48.0301 -31.0264 3
    endloop
  endfacet
  facet normal 0.595661 -0.803236 0
    outer loop
      vertex -47.7778 -30.8393 3
      vertex -48.0301 -31.0264 0
      vertex -47.7778 -30.8393 0
    endloop
  endfacet
  facet normal -0.903958 -0.427621 0
    outer loop
      vertex -43.0436 -32.2754 0
      vertex -43.1779 -31.9915 3
      vertex -43.1779 -31.9915 0
    endloop
  endfacet
  facet normal -0.903958 -0.427621 0
    outer loop
      vertex -43.1779 -31.9915 3
      vertex -43.0436 -32.2754 0
      vertex -43.0436 -32.2754 3
    endloop
  endfacet
  facet normal -0.857746 -0.514074 0
    outer loop
      vertex -43.1779 -31.9915 0
      vertex -43.3393 -31.7222 3
      vertex -43.3393 -31.7222 0
    endloop
  endfacet
  facet normal -0.857746 -0.514074 0
    outer loop
      vertex -43.3393 -31.7222 3
      vertex -43.1779 -31.9915 0
      vertex -43.1779 -31.9915 3
    endloop
  endfacet
  facet normal 0.0490324 -0.998797 0
    outer loop
      vertex -46.3137 -30.3154 0
      vertex -46 -30.3 3
      vertex -46.3137 -30.3154 3
    endloop
  endfacet
  facet normal 0.0490324 -0.998797 0
    outer loop
      vertex -46 -30.3 3
      vertex -46.3137 -30.3154 0
      vertex -46 -30.3 0
    endloop
  endfacet
  facet normal 0.998797 0.0490324 0
    outer loop
      vertex -49.1846 -33.8137 3
      vertex -49.2 -33.5 0
      vertex -49.2 -33.5 3
    endloop
  endfacet
  facet normal 0.998797 0.0490324 0
    outer loop
      vertex -49.2 -33.5 0
      vertex -49.1846 -33.8137 3
      vertex -49.1846 -33.8137 0
    endloop
  endfacet
  facet normal -0.671705 -0.740819 0
    outer loop
      vertex -43.9699 -31.0264 0
      vertex -43.7373 -31.2373 3
      vertex -43.9699 -31.0264 3
    endloop
  endfacet
  facet normal -0.671705 -0.740819 -0
    outer loop
      vertex -43.7373 -31.2373 3
      vertex -43.9699 -31.0264 0
      vertex -43.7373 -31.2373 0
    endloop
  endfacet
  facet normal 0.671705 -0.740819 0
    outer loop
      vertex 43.7373 35.7627 0
      vertex 43.9699 35.9736 3
      vertex 43.7373 35.7627 3
    endloop
  endfacet
  facet normal 0.671705 -0.740819 0
    outer loop
      vertex 43.9699 35.9736 3
      vertex 43.7373 35.7627 0
      vertex 43.9699 35.9736 0
    endloop
  endfacet
  facet normal 0.941547 0.336881 0
    outer loop
      vertex 43.0436 32.2754 3
      vertex 42.9378 32.5711 0
      vertex 42.9378 32.5711 3
    endloop
  endfacet
  facet normal 0.941547 0.336881 0
    outer loop
      vertex 42.9378 32.5711 0
      vertex 43.0436 32.2754 3
      vertex 43.0436 32.2754 0
    endloop
  endfacet
  facet normal -0.989164 0.146814 0
    outer loop
      vertex 49.1385 32.8757 0
      vertex 49.1846 33.1863 3
      vertex 49.1846 33.1863 0
    endloop
  endfacet
  facet normal -0.989164 0.146814 0
    outer loop
      vertex 49.1846 33.1863 3
      vertex 49.1385 32.8757 0
      vertex 49.1385 32.8757 3
    endloop
  endfacet
  facet normal -0.998797 0.0490324 0
    outer loop
      vertex 49.1846 33.1863 0
      vertex 49.2 33.5 3
      vertex 49.2 33.5 0
    endloop
  endfacet
  facet normal -0.998797 0.0490324 0
    outer loop
      vertex 49.2 33.5 3
      vertex 49.1846 33.1863 0
      vertex 49.1846 33.1863 3
    endloop
  endfacet
  facet normal 0.514074 -0.857746 0
    outer loop
      vertex 44.2222 36.1607 0
      vertex 44.4915 36.3221 3
      vertex 44.2222 36.1607 3
    endloop
  endfacet
  facet normal 0.514074 -0.857746 0
    outer loop
      vertex 44.4915 36.3221 3
      vertex 44.2222 36.1607 0
      vertex 44.4915 36.3221 0
    endloop
  endfacet
  facet normal -0.671705 0.740819 0
    outer loop
      vertex 48.2627 31.2373 0
      vertex 48.0301 31.0264 3
      vertex 48.2627 31.2373 3
    endloop
  endfacet
  facet normal -0.671705 0.740819 0
    outer loop
      vertex 48.0301 31.0264 3
      vertex 48.2627 31.2373 0
      vertex 48.0301 31.0264 0
    endloop
  endfacet
  facet normal 0.146814 -0.989164 0
    outer loop
      vertex 45.3757 36.6385 0
      vertex 45.6863 36.6846 3
      vertex 45.3757 36.6385 3
    endloop
  endfacet
  facet normal 0.146814 -0.989164 0
    outer loop
      vertex 45.6863 36.6846 3
      vertex 45.3757 36.6385 0
      vertex 45.6863 36.6846 0
    endloop
  endfacet
  facet normal -0.740819 0.671705 0
    outer loop
      vertex 48.2627 31.2373 0
      vertex 48.4736 31.4699 3
      vertex 48.4736 31.4699 0
    endloop
  endfacet
  facet normal -0.740819 0.671705 0
    outer loop
      vertex 48.4736 31.4699 3
      vertex 48.2627 31.2373 0
      vertex 48.2627 31.2373 3
    endloop
  endfacet
  facet normal -0.427621 0.903958 0
    outer loop
      vertex 47.5085 30.6779 0
      vertex 47.2246 30.5436 3
      vertex 47.5085 30.6779 3
    endloop
  endfacet
  facet normal -0.427621 0.903958 0
    outer loop
      vertex 47.2246 30.5436 3
      vertex 47.5085 30.6779 0
      vertex 47.2246 30.5436 0
    endloop
  endfacet
  facet normal -0.0490324 -0.998797 0
    outer loop
      vertex 46 36.7 0
      vertex 46.3137 36.6846 3
      vertex 46 36.7 3
    endloop
  endfacet
  facet normal -0.0490324 -0.998797 -0
    outer loop
      vertex 46.3137 36.6846 3
      vertex 46 36.7 0
      vertex 46.3137 36.6846 0
    endloop
  endfacet
  facet normal 0.740819 0.671705 0
    outer loop
      vertex 43.7373 31.2373 3
      vertex 43.5264 31.4699 0
      vertex 43.5264 31.4699 3
    endloop
  endfacet
  facet normal 0.740819 0.671705 0
    outer loop
      vertex 43.5264 31.4699 0
      vertex 43.7373 31.2373 3
      vertex 43.7373 31.2373 0
    endloop
  endfacet
  facet normal -0.989164 -0.146814 0
    outer loop
      vertex 49.1846 33.8137 0
      vertex 49.1385 34.1243 3
      vertex 49.1385 34.1243 0
    endloop
  endfacet
  facet normal -0.989164 -0.146814 0
    outer loop
      vertex 49.1385 34.1243 3
      vertex 49.1846 33.8137 0
      vertex 49.1846 33.8137 3
    endloop
  endfacet
  facet normal -0.903958 0.427621 0
    outer loop
      vertex 48.8221 31.9915 0
      vertex 48.9564 32.2754 3
      vertex 48.9564 32.2754 0
    endloop
  endfacet
  facet normal -0.903958 0.427621 0
    outer loop
      vertex 48.9564 32.2754 3
      vertex 48.8221 31.9915 0
      vertex 48.8221 31.9915 3
    endloop
  endfacet
  facet normal 0.242985 0.97003 -0
    outer loop
      vertex 45.3757 30.3615 0
      vertex 45.0711 30.4378 3
      vertex 45.3757 30.3615 3
    endloop
  endfacet
  facet normal 0.242985 0.97003 0
    outer loop
      vertex 45.0711 30.4378 3
      vertex 45.3757 30.3615 0
      vertex 45.0711 30.4378 0
    endloop
  endfacet
  facet normal 0.803236 0.595661 0
    outer loop
      vertex 43.5264 31.4699 3
      vertex 43.3393 31.7222 0
      vertex 43.3393 31.7222 3
    endloop
  endfacet
  facet normal 0.803236 0.595661 0
    outer loop
      vertex 43.3393 31.7222 0
      vertex 43.5264 31.4699 3
      vertex 43.5264 31.4699 0
    endloop
  endfacet
  facet normal -0.242985 0.97003 0
    outer loop
      vertex 46.9289 30.4378 0
      vertex 46.6243 30.3615 3
      vertex 46.9289 30.4378 3
    endloop
  endfacet
  facet normal -0.242985 0.97003 0
    outer loop
      vertex 46.6243 30.3615 3
      vertex 46.9289 30.4378 0
      vertex 46.6243 30.3615 0
    endloop
  endfacet
  facet normal -0.336881 0.941547 0
    outer loop
      vertex 47.2246 30.5436 0
      vertex 46.9289 30.4378 3
      vertex 47.2246 30.5436 3
    endloop
  endfacet
  facet normal -0.336881 0.941547 0
    outer loop
      vertex 46.9289 30.4378 3
      vertex 47.2246 30.5436 0
      vertex 46.9289 30.4378 0
    endloop
  endfacet
  facet normal -0.941547 0.336881 0
    outer loop
      vertex 48.9564 32.2754 0
      vertex 49.0622 32.5711 3
      vertex 49.0622 32.5711 0
    endloop
  endfacet
  facet normal -0.941547 0.336881 0
    outer loop
      vertex 49.0622 32.5711 3
      vertex 48.9564 32.2754 0
      vertex 48.9564 32.2754 3
    endloop
  endfacet
  facet normal -0.595661 0.803236 0
    outer loop
      vertex 48.0301 31.0264 0
      vertex 47.7778 30.8393 3
      vertex 48.0301 31.0264 3
    endloop
  endfacet
  facet normal -0.595661 0.803236 0
    outer loop
      vertex 47.7778 30.8393 3
      vertex 48.0301 31.0264 0
      vertex 47.7778 30.8393 0
    endloop
  endfacet
  facet normal 0.857746 -0.514074 0
    outer loop
      vertex 43.1779 35.0085 3
      vertex 43.3393 35.2778 0
      vertex 43.3393 35.2778 3
    endloop
  endfacet
  facet normal 0.857746 -0.514074 0
    outer loop
      vertex 43.3393 35.2778 0
      vertex 43.1779 35.0085 3
      vertex 43.1779 35.0085 0
    endloop
  endfacet
  facet normal -0.514074 0.857746 0
    outer loop
      vertex 47.7778 30.8393 0
      vertex 47.5085 30.6779 3
      vertex 47.7778 30.8393 3
    endloop
  endfacet
  facet normal -0.514074 0.857746 0
    outer loop
      vertex 47.5085 30.6779 3
      vertex 47.7778 30.8393 0
      vertex 47.5085 30.6779 0
    endloop
  endfacet
  facet normal -0.941547 -0.336881 0
    outer loop
      vertex 49.0622 34.4289 0
      vertex 48.9564 34.7246 3
      vertex 48.9564 34.7246 0
    endloop
  endfacet
  facet normal -0.941547 -0.336881 0
    outer loop
      vertex 48.9564 34.7246 3
      vertex 49.0622 34.4289 0
      vertex 49.0622 34.4289 3
    endloop
  endfacet
  facet normal 0.857746 0.514074 0
    outer loop
      vertex 43.3393 31.7222 3
      vertex 43.1779 31.9915 0
      vertex 43.1779 31.9915 3
    endloop
  endfacet
  facet normal 0.857746 0.514074 0
    outer loop
      vertex 43.1779 31.9915 0
      vertex 43.3393 31.7222 3
      vertex 43.3393 31.7222 0
    endloop
  endfacet
  facet normal 0.97003 -0.242985 0
    outer loop
      vertex 42.8615 34.1243 3
      vertex 42.9378 34.4289 0
      vertex 42.9378 34.4289 3
    endloop
  endfacet
  facet normal 0.97003 -0.242985 0
    outer loop
      vertex 42.9378 34.4289 0
      vertex 42.8615 34.1243 3
      vertex 42.8615 34.1243 0
    endloop
  endfacet
  facet normal -0.0490324 0.998797 0
    outer loop
      vertex 46.3137 30.3154 0
      vertex 46 30.3 3
      vertex 46.3137 30.3154 3
    endloop
  endfacet
  facet normal -0.0490324 0.998797 0
    outer loop
      vertex 46 30.3 3
      vertex 46.3137 30.3154 0
      vertex 46 30.3 0
    endloop
  endfacet
  facet normal -0.857746 0.514074 0
    outer loop
      vertex 48.6607 31.7222 0
      vertex 48.8221 31.9915 3
      vertex 48.8221 31.9915 0
    endloop
  endfacet
  facet normal -0.857746 0.514074 0
    outer loop
      vertex 48.8221 31.9915 3
      vertex 48.6607 31.7222 0
      vertex 48.6607 31.7222 3
    endloop
  endfacet
  facet normal 0.941547 -0.336881 0
    outer loop
      vertex 42.9378 34.4289 3
      vertex 43.0436 34.7246 0
      vertex 43.0436 34.7246 3
    endloop
  endfacet
  facet normal 0.941547 -0.336881 0
    outer loop
      vertex 43.0436 34.7246 0
      vertex 42.9378 34.4289 3
      vertex 42.9378 34.4289 0
    endloop
  endfacet
  facet normal 0.671705 0.740819 -0
    outer loop
      vertex 43.9699 31.0264 0
      vertex 43.7373 31.2373 3
      vertex 43.9699 31.0264 3
    endloop
  endfacet
  facet normal 0.671705 0.740819 0
    outer loop
      vertex 43.7373 31.2373 3
      vertex 43.9699 31.0264 0
      vertex 43.7373 31.2373 0
    endloop
  endfacet
  facet normal -0.97003 -0.242985 0
    outer loop
      vertex 49.1385 34.1243 0
      vertex 49.0622 34.4289 3
      vertex 49.0622 34.4289 0
    endloop
  endfacet
  facet normal -0.97003 -0.242985 0
    outer loop
      vertex 49.0622 34.4289 3
      vertex 49.1385 34.1243 0
      vertex 49.1385 34.1243 3
    endloop
  endfacet
  facet normal 0.514074 0.857746 -0
    outer loop
      vertex 44.4915 30.6779 0
      vertex 44.2222 30.8393 3
      vertex 44.4915 30.6779 3
    endloop
  endfacet
  facet normal 0.514074 0.857746 0
    outer loop
      vertex 44.2222 30.8393 3
      vertex 44.4915 30.6779 0
      vertex 44.2222 30.8393 0
    endloop
  endfacet
  facet normal 0.998797 -0.0490324 0
    outer loop
      vertex 42.8 33.5 3
      vertex 42.8154 33.8137 0
      vertex 42.8154 33.8137 3
    endloop
  endfacet
  facet normal 0.998797 -0.0490324 0
    outer loop
      vertex 42.8154 33.8137 0
      vertex 42.8 33.5 3
      vertex 42.8 33.5 0
    endloop
  endfacet
  facet normal 0.97003 0.242985 0
    outer loop
      vertex 42.9378 32.5711 3
      vertex 42.8615 32.8757 0
      vertex 42.8615 32.8757 3
    endloop
  endfacet
  facet normal 0.97003 0.242985 0
    outer loop
      vertex 42.8615 32.8757 0
      vertex 42.9378 32.5711 3
      vertex 42.9378 32.5711 0
    endloop
  endfacet
  facet normal -0.427621 -0.903958 0
    outer loop
      vertex 47.2246 36.4564 0
      vertex 47.5085 36.3221 3
      vertex 47.2246 36.4564 3
    endloop
  endfacet
  facet normal -0.427621 -0.903958 -0
    outer loop
      vertex 47.5085 36.3221 3
      vertex 47.2246 36.4564 0
      vertex 47.5085 36.3221 0
    endloop
  endfacet
  facet normal 0.336881 0.941547 -0
    outer loop
      vertex 45.0711 30.4378 0
      vertex 44.7754 30.5436 3
      vertex 45.0711 30.4378 3
    endloop
  endfacet
  facet normal 0.336881 0.941547 0
    outer loop
      vertex 44.7754 30.5436 3
      vertex 45.0711 30.4378 0
      vertex 44.7754 30.5436 0
    endloop
  endfacet
  facet normal -0.514074 -0.857746 0
    outer loop
      vertex 47.5085 36.3221 0
      vertex 47.7778 36.1607 3
      vertex 47.5085 36.3221 3
    endloop
  endfacet
  facet normal -0.514074 -0.857746 -0
    outer loop
      vertex 47.7778 36.1607 3
      vertex 47.5085 36.3221 0
      vertex 47.7778 36.1607 0
    endloop
  endfacet
  facet normal -0.146814 -0.989164 0
    outer loop
      vertex 46.3137 36.6846 0
      vertex 46.6243 36.6385 3
      vertex 46.3137 36.6846 3
    endloop
  endfacet
  facet normal -0.146814 -0.989164 -0
    outer loop
      vertex 46.6243 36.6385 3
      vertex 46.3137 36.6846 0
      vertex 46.6243 36.6385 0
    endloop
  endfacet
  facet normal -0.740819 -0.671705 0
    outer loop
      vertex 48.4736 35.5301 0
      vertex 48.2627 35.7627 3
      vertex 48.2627 35.7627 0
    endloop
  endfacet
  facet normal -0.740819 -0.671705 0
    outer loop
      vertex 48.2627 35.7627 3
      vertex 48.4736 35.5301 0
      vertex 48.4736 35.5301 3
    endloop
  endfacet
  facet normal -0.803236 -0.595661 0
    outer loop
      vertex 48.6607 35.2778 0
      vertex 48.4736 35.5301 3
      vertex 48.4736 35.5301 0
    endloop
  endfacet
  facet normal -0.803236 -0.595661 0
    outer loop
      vertex 48.4736 35.5301 3
      vertex 48.6607 35.2778 0
      vertex 48.6607 35.2778 3
    endloop
  endfacet
  facet normal 0.0490324 0.998797 -0
    outer loop
      vertex 46 30.3 0
      vertex 45.6863 30.3154 3
      vertex 46 30.3 3
    endloop
  endfacet
  facet normal 0.0490324 0.998797 0
    outer loop
      vertex 45.6863 30.3154 3
      vertex 46 30.3 0
      vertex 45.6863 30.3154 0
    endloop
  endfacet
  facet normal 0.427621 0.903958 -0
    outer loop
      vertex 44.7754 30.5436 0
      vertex 44.4915 30.6779 3
      vertex 44.7754 30.5436 3
    endloop
  endfacet
  facet normal 0.427621 0.903958 0
    outer loop
      vertex 44.4915 30.6779 3
      vertex 44.7754 30.5436 0
      vertex 44.4915 30.6779 0
    endloop
  endfacet
  facet normal 0.595661 0.803236 -0
    outer loop
      vertex 44.2222 30.8393 0
      vertex 43.9699 31.0264 3
      vertex 44.2222 30.8393 3
    endloop
  endfacet
  facet normal 0.595661 0.803236 0
    outer loop
      vertex 43.9699 31.0264 3
      vertex 44.2222 30.8393 0
      vertex 43.9699 31.0264 0
    endloop
  endfacet
  facet normal 0.989164 0.146814 0
    outer loop
      vertex 42.8615 32.8757 3
      vertex 42.8154 33.1863 0
      vertex 42.8154 33.1863 3
    endloop
  endfacet
  facet normal 0.989164 0.146814 0
    outer loop
      vertex 42.8154 33.1863 0
      vertex 42.8615 32.8757 3
      vertex 42.8615 32.8757 0
    endloop
  endfacet
  facet normal 0.242985 -0.97003 0
    outer loop
      vertex 45.0711 36.5622 0
      vertex 45.3757 36.6385 3
      vertex 45.0711 36.5622 3
    endloop
  endfacet
  facet normal 0.242985 -0.97003 0
    outer loop
      vertex 45.3757 36.6385 3
      vertex 45.0711 36.5622 0
      vertex 45.3757 36.6385 0
    endloop
  endfacet
  facet normal -0.97003 0.242985 0
    outer loop
      vertex 49.0622 32.5711 0
      vertex 49.1385 32.8757 3
      vertex 49.1385 32.8757 0
    endloop
  endfacet
  facet normal -0.97003 0.242985 0
    outer loop
      vertex 49.1385 32.8757 3
      vertex 49.0622 32.5711 0
      vertex 49.0622 32.5711 3
    endloop
  endfacet
  facet normal -0.803236 0.595661 0
    outer loop
      vertex 48.4736 31.4699 0
      vertex 48.6607 31.7222 3
      vertex 48.6607 31.7222 0
    endloop
  endfacet
  facet normal -0.803236 0.595661 0
    outer loop
      vertex 48.6607 31.7222 3
      vertex 48.4736 31.4699 0
      vertex 48.4736 31.4699 3
    endloop
  endfacet
  facet normal 0.803236 -0.595661 0
    outer loop
      vertex 43.3393 35.2778 3
      vertex 43.5264 35.5301 0
      vertex 43.5264 35.5301 3
    endloop
  endfacet
  facet normal 0.803236 -0.595661 0
    outer loop
      vertex 43.5264 35.5301 0
      vertex 43.3393 35.2778 3
      vertex 43.3393 35.2778 0
    endloop
  endfacet
  facet normal 0.903958 -0.427621 0
    outer loop
      vertex 43.0436 34.7246 3
      vertex 43.1779 35.0085 0
      vertex 43.1779 35.0085 3
    endloop
  endfacet
  facet normal 0.903958 -0.427621 0
    outer loop
      vertex 43.1779 35.0085 0
      vertex 43.0436 34.7246 3
      vertex 43.0436 34.7246 0
    endloop
  endfacet
  facet normal -0.146814 0.989164 0
    outer loop
      vertex 46.6243 30.3615 0
      vertex 46.3137 30.3154 3
      vertex 46.6243 30.3615 3
    endloop
  endfacet
  facet normal -0.146814 0.989164 0
    outer loop
      vertex 46.3137 30.3154 3
      vertex 46.6243 30.3615 0
      vertex 46.3137 30.3154 0
    endloop
  endfacet
  facet normal 0.427621 -0.903958 0
    outer loop
      vertex 44.4915 36.3221 0
      vertex 44.7754 36.4564 3
      vertex 44.4915 36.3221 3
    endloop
  endfacet
  facet normal 0.427621 -0.903958 0
    outer loop
      vertex 44.7754 36.4564 3
      vertex 44.4915 36.3221 0
      vertex 44.7754 36.4564 0
    endloop
  endfacet
  facet normal -0.595661 -0.803236 0
    outer loop
      vertex 47.7778 36.1607 0
      vertex 48.0301 35.9736 3
      vertex 47.7778 36.1607 3
    endloop
  endfacet
  facet normal -0.595661 -0.803236 -0
    outer loop
      vertex 48.0301 35.9736 3
      vertex 47.7778 36.1607 0
      vertex 48.0301 35.9736 0
    endloop
  endfacet
  facet normal -0.998797 -0.0490324 0
    outer loop
      vertex 49.2 33.5 0
      vertex 49.1846 33.8137 3
      vertex 49.1846 33.8137 0
    endloop
  endfacet
  facet normal -0.998797 -0.0490324 0
    outer loop
      vertex 49.1846 33.8137 3
      vertex 49.2 33.5 0
      vertex 49.2 33.5 3
    endloop
  endfacet
  facet normal 0.146814 0.989164 -0
    outer loop
      vertex 45.6863 30.3154 0
      vertex 45.3757 30.3615 3
      vertex 45.6863 30.3154 3
    endloop
  endfacet
  facet normal 0.146814 0.989164 0
    outer loop
      vertex 45.3757 30.3615 3
      vertex 45.6863 30.3154 0
      vertex 45.3757 30.3615 0
    endloop
  endfacet
  facet normal 0.989164 -0.146814 0
    outer loop
      vertex 42.8154 33.8137 3
      vertex 42.8615 34.1243 0
      vertex 42.8615 34.1243 3
    endloop
  endfacet
  facet normal 0.989164 -0.146814 0
    outer loop
      vertex 42.8615 34.1243 0
      vertex 42.8154 33.8137 3
      vertex 42.8154 33.8137 0
    endloop
  endfacet
  facet normal -0.336881 -0.941547 0
    outer loop
      vertex 46.9289 36.5622 0
      vertex 47.2246 36.4564 3
      vertex 46.9289 36.5622 3
    endloop
  endfacet
  facet normal -0.336881 -0.941547 -0
    outer loop
      vertex 47.2246 36.4564 3
      vertex 46.9289 36.5622 0
      vertex 47.2246 36.4564 0
    endloop
  endfacet
  facet normal -0.242985 -0.97003 0
    outer loop
      vertex 46.6243 36.6385 0
      vertex 46.9289 36.5622 3
      vertex 46.6243 36.6385 3
    endloop
  endfacet
  facet normal -0.242985 -0.97003 -0
    outer loop
      vertex 46.9289 36.5622 3
      vertex 46.6243 36.6385 0
      vertex 46.9289 36.5622 0
    endloop
  endfacet
  facet normal 0.903958 0.427621 0
    outer loop
      vertex 43.1779 31.9915 3
      vertex 43.0436 32.2754 0
      vertex 43.0436 32.2754 3
    endloop
  endfacet
  facet normal 0.903958 0.427621 0
    outer loop
      vertex 43.0436 32.2754 0
      vertex 43.1779 31.9915 3
      vertex 43.1779 31.9915 0
    endloop
  endfacet
  facet normal 0.740819 -0.671705 0
    outer loop
      vertex 43.5264 35.5301 3
      vertex 43.7373 35.7627 0
      vertex 43.7373 35.7627 3
    endloop
  endfacet
  facet normal 0.740819 -0.671705 0
    outer loop
      vertex 43.7373 35.7627 0
      vertex 43.5264 35.5301 3
      vertex 43.5264 35.5301 0
    endloop
  endfacet
  facet normal 0.595661 -0.803236 0
    outer loop
      vertex 43.9699 35.9736 0
      vertex 44.2222 36.1607 3
      vertex 43.9699 35.9736 3
    endloop
  endfacet
  facet normal 0.595661 -0.803236 0
    outer loop
      vertex 44.2222 36.1607 3
      vertex 43.9699 35.9736 0
      vertex 44.2222 36.1607 0
    endloop
  endfacet
  facet normal -0.903958 -0.427621 0
    outer loop
      vertex 48.9564 34.7246 0
      vertex 48.8221 35.0085 3
      vertex 48.8221 35.0085 0
    endloop
  endfacet
  facet normal -0.903958 -0.427621 0
    outer loop
      vertex 48.8221 35.0085 3
      vertex 48.9564 34.7246 0
      vertex 48.9564 34.7246 3
    endloop
  endfacet
  facet normal -0.857746 -0.514074 0
    outer loop
      vertex 48.8221 35.0085 0
      vertex 48.6607 35.2778 3
      vertex 48.6607 35.2778 0
    endloop
  endfacet
  facet normal -0.857746 -0.514074 0
    outer loop
      vertex 48.6607 35.2778 3
      vertex 48.8221 35.0085 0
      vertex 48.8221 35.0085 3
    endloop
  endfacet
  facet normal 0.0490324 -0.998797 0
    outer loop
      vertex 45.6863 36.6846 0
      vertex 46 36.7 3
      vertex 45.6863 36.6846 3
    endloop
  endfacet
  facet normal 0.0490324 -0.998797 0
    outer loop
      vertex 46 36.7 3
      vertex 45.6863 36.6846 0
      vertex 46 36.7 0
    endloop
  endfacet
  facet normal 0.998797 0.0490324 0
    outer loop
      vertex 42.8154 33.1863 3
      vertex 42.8 33.5 0
      vertex 42.8 33.5 3
    endloop
  endfacet
  facet normal 0.998797 0.0490324 0
    outer loop
      vertex 42.8 33.5 0
      vertex 42.8154 33.1863 3
      vertex 42.8154 33.1863 0
    endloop
  endfacet
  facet normal 0.336881 -0.941547 0
    outer loop
      vertex 44.7754 36.4564 0
      vertex 45.0711 36.5622 3
      vertex 44.7754 36.4564 3
    endloop
  endfacet
  facet normal 0.336881 -0.941547 0
    outer loop
      vertex 45.0711 36.5622 3
      vertex 44.7754 36.4564 0
      vertex 45.0711 36.5622 0
    endloop
  endfacet
  facet normal -0.671705 -0.740819 0
    outer loop
      vertex 48.0301 35.9736 0
      vertex 48.2627 35.7627 3
      vertex 48.0301 35.9736 3
    endloop
  endfacet
  facet normal -0.671705 -0.740819 -0
    outer loop
      vertex 48.2627 35.7627 3
      vertex 48.0301 35.9736 0
      vertex 48.2627 35.7627 0
    endloop
  endfacet
  facet normal 0.671705 -0.740819 0
    outer loop
      vertex 43.7373 -31.2373 0
      vertex 43.9699 -31.0264 3
      vertex 43.7373 -31.2373 3
    endloop
  endfacet
  facet normal 0.671705 -0.740819 0
    outer loop
      vertex 43.9699 -31.0264 3
      vertex 43.7373 -31.2373 0
      vertex 43.9699 -31.0264 0
    endloop
  endfacet
  facet normal 0.941547 0.336881 0
    outer loop
      vertex 43.0436 -34.7246 3
      vertex 42.9378 -34.4289 0
      vertex 42.9378 -34.4289 3
    endloop
  endfacet
  facet normal 0.941547 0.336881 0
    outer loop
      vertex 42.9378 -34.4289 0
      vertex 43.0436 -34.7246 3
      vertex 43.0436 -34.7246 0
    endloop
  endfacet
  facet normal -0.989164 0.146814 0
    outer loop
      vertex 49.1385 -34.1243 0
      vertex 49.1846 -33.8137 3
      vertex 49.1846 -33.8137 0
    endloop
  endfacet
  facet normal -0.989164 0.146814 0
    outer loop
      vertex 49.1846 -33.8137 3
      vertex 49.1385 -34.1243 0
      vertex 49.1385 -34.1243 3
    endloop
  endfacet
  facet normal -0.998797 0.0490324 0
    outer loop
      vertex 49.1846 -33.8137 0
      vertex 49.2 -33.5 3
      vertex 49.2 -33.5 0
    endloop
  endfacet
  facet normal -0.998797 0.0490324 0
    outer loop
      vertex 49.2 -33.5 3
      vertex 49.1846 -33.8137 0
      vertex 49.1846 -33.8137 3
    endloop
  endfacet
  facet normal 0.514074 -0.857746 0
    outer loop
      vertex 44.2222 -30.8393 0
      vertex 44.4915 -30.6779 3
      vertex 44.2222 -30.8393 3
    endloop
  endfacet
  facet normal 0.514074 -0.857746 0
    outer loop
      vertex 44.4915 -30.6779 3
      vertex 44.2222 -30.8393 0
      vertex 44.4915 -30.6779 0
    endloop
  endfacet
  facet normal -0.671705 0.740819 0
    outer loop
      vertex 48.2627 -35.7627 0
      vertex 48.0301 -35.9736 3
      vertex 48.2627 -35.7627 3
    endloop
  endfacet
  facet normal -0.671705 0.740819 0
    outer loop
      vertex 48.0301 -35.9736 3
      vertex 48.2627 -35.7627 0
      vertex 48.0301 -35.9736 0
    endloop
  endfacet
  facet normal 0.146814 -0.989164 0
    outer loop
      vertex 45.3757 -30.3615 0
      vertex 45.6863 -30.3154 3
      vertex 45.3757 -30.3615 3
    endloop
  endfacet
  facet normal 0.146814 -0.989164 0
    outer loop
      vertex 45.6863 -30.3154 3
      vertex 45.3757 -30.3615 0
      vertex 45.6863 -30.3154 0
    endloop
  endfacet
  facet normal -0.740819 0.671705 0
    outer loop
      vertex 48.2627 -35.7627 0
      vertex 48.4736 -35.5301 3
      vertex 48.4736 -35.5301 0
    endloop
  endfacet
  facet normal -0.740819 0.671705 0
    outer loop
      vertex 48.4736 -35.5301 3
      vertex 48.2627 -35.7627 0
      vertex 48.2627 -35.7627 3
    endloop
  endfacet
  facet normal -0.427621 0.903958 0
    outer loop
      vertex 47.5085 -36.3221 0
      vertex 47.2246 -36.4564 3
      vertex 47.5085 -36.3221 3
    endloop
  endfacet
  facet normal -0.427621 0.903958 0
    outer loop
      vertex 47.2246 -36.4564 3
      vertex 47.5085 -36.3221 0
      vertex 47.2246 -36.4564 0
    endloop
  endfacet
  facet normal -0.0490324 -0.998797 0
    outer loop
      vertex 46 -30.3 0
      vertex 46.3137 -30.3154 3
      vertex 46 -30.3 3
    endloop
  endfacet
  facet normal -0.0490324 -0.998797 -0
    outer loop
      vertex 46.3137 -30.3154 3
      vertex 46 -30.3 0
      vertex 46.3137 -30.3154 0
    endloop
  endfacet
  facet normal 0.740819 0.671705 0
    outer loop
      vertex 43.7373 -35.7627 3
      vertex 43.5264 -35.5301 0
      vertex 43.5264 -35.5301 3
    endloop
  endfacet
  facet normal 0.740819 0.671705 0
    outer loop
      vertex 43.5264 -35.5301 0
      vertex 43.7373 -35.7627 3
      vertex 43.7373 -35.7627 0
    endloop
  endfacet
  facet normal -0.989164 -0.146814 0
    outer loop
      vertex 49.1846 -33.1863 0
      vertex 49.1385 -32.8757 3
      vertex 49.1385 -32.8757 0
    endloop
  endfacet
  facet normal -0.989164 -0.146814 0
    outer loop
      vertex 49.1385 -32.8757 3
      vertex 49.1846 -33.1863 0
      vertex 49.1846 -33.1863 3
    endloop
  endfacet
  facet normal -0.903958 0.427621 0
    outer loop
      vertex 48.8221 -35.0085 0
      vertex 48.9564 -34.7246 3
      vertex 48.9564 -34.7246 0
    endloop
  endfacet
  facet normal -0.903958 0.427621 0
    outer loop
      vertex 48.9564 -34.7246 3
      vertex 48.8221 -35.0085 0
      vertex 48.8221 -35.0085 3
    endloop
  endfacet
  facet normal 0.242985 0.97003 -0
    outer loop
      vertex 45.3757 -36.6385 0
      vertex 45.0711 -36.5622 3
      vertex 45.3757 -36.6385 3
    endloop
  endfacet
  facet normal 0.242985 0.97003 0
    outer loop
      vertex 45.0711 -36.5622 3
      vertex 45.3757 -36.6385 0
      vertex 45.0711 -36.5622 0
    endloop
  endfacet
  facet normal 0.803236 0.595661 0
    outer loop
      vertex 43.5264 -35.5301 3
      vertex 43.3393 -35.2778 0
      vertex 43.3393 -35.2778 3
    endloop
  endfacet
  facet normal 0.803236 0.595661 0
    outer loop
      vertex 43.3393 -35.2778 0
      vertex 43.5264 -35.5301 3
      vertex 43.5264 -35.5301 0
    endloop
  endfacet
  facet normal -0.242985 0.97003 0
    outer loop
      vertex 46.9289 -36.5622 0
      vertex 46.6243 -36.6385 3
      vertex 46.9289 -36.5622 3
    endloop
  endfacet
  facet normal -0.242985 0.97003 0
    outer loop
      vertex 46.6243 -36.6385 3
      vertex 46.9289 -36.5622 0
      vertex 46.6243 -36.6385 0
    endloop
  endfacet
  facet normal -0.336881 0.941547 0
    outer loop
      vertex 47.2246 -36.4564 0
      vertex 46.9289 -36.5622 3
      vertex 47.2246 -36.4564 3
    endloop
  endfacet
  facet normal -0.336881 0.941547 0
    outer loop
      vertex 46.9289 -36.5622 3
      vertex 47.2246 -36.4564 0
      vertex 46.9289 -36.5622 0
    endloop
  endfacet
  facet normal -0.941547 0.336881 0
    outer loop
      vertex 48.9564 -34.7246 0
      vertex 49.0622 -34.4289 3
      vertex 49.0622 -34.4289 0
    endloop
  endfacet
  facet normal -0.941547 0.336881 0
    outer loop
      vertex 49.0622 -34.4289 3
      vertex 48.9564 -34.7246 0
      vertex 48.9564 -34.7246 3
    endloop
  endfacet
  facet normal -0.595661 0.803236 0
    outer loop
      vertex 48.0301 -35.9736 0
      vertex 47.7778 -36.1607 3
      vertex 48.0301 -35.9736 3
    endloop
  endfacet
  facet normal -0.595661 0.803236 0
    outer loop
      vertex 47.7778 -36.1607 3
      vertex 48.0301 -35.9736 0
      vertex 47.7778 -36.1607 0
    endloop
  endfacet
  facet normal 0.857746 -0.514074 0
    outer loop
      vertex 43.1779 -31.9915 3
      vertex 43.3393 -31.7222 0
      vertex 43.3393 -31.7222 3
    endloop
  endfacet
  facet normal 0.857746 -0.514074 0
    outer loop
      vertex 43.3393 -31.7222 0
      vertex 43.1779 -31.9915 3
      vertex 43.1779 -31.9915 0
    endloop
  endfacet
  facet normal -0.514074 0.857746 0
    outer loop
      vertex 47.7778 -36.1607 0
      vertex 47.5085 -36.3221 3
      vertex 47.7778 -36.1607 3
    endloop
  endfacet
  facet normal -0.514074 0.857746 0
    outer loop
      vertex 47.5085 -36.3221 3
      vertex 47.7778 -36.1607 0
      vertex 47.5085 -36.3221 0
    endloop
  endfacet
  facet normal -0.941547 -0.336881 0
    outer loop
      vertex 49.0622 -32.5711 0
      vertex 48.9564 -32.2754 3
      vertex 48.9564 -32.2754 0
    endloop
  endfacet
  facet normal -0.941547 -0.336881 0
    outer loop
      vertex 48.9564 -32.2754 3
      vertex 49.0622 -32.5711 0
      vertex 49.0622 -32.5711 3
    endloop
  endfacet
  facet normal 0.857746 0.514074 0
    outer loop
      vertex 43.3393 -35.2778 3
      vertex 43.1779 -35.0085 0
      vertex 43.1779 -35.0085 3
    endloop
  endfacet
  facet normal 0.857746 0.514074 0
    outer loop
      vertex 43.1779 -35.0085 0
      vertex 43.3393 -35.2778 3
      vertex 43.3393 -35.2778 0
    endloop
  endfacet
  facet normal 0.97003 -0.242985 0
    outer loop
      vertex 42.8615 -32.8757 3
      vertex 42.9378 -32.5711 0
      vertex 42.9378 -32.5711 3
    endloop
  endfacet
  facet normal 0.97003 -0.242985 0
    outer loop
      vertex 42.9378 -32.5711 0
      vertex 42.8615 -32.8757 3
      vertex 42.8615 -32.8757 0
    endloop
  endfacet
  facet normal -0.0490324 0.998797 0
    outer loop
      vertex 46.3137 -36.6846 0
      vertex 46 -36.7 3
      vertex 46.3137 -36.6846 3
    endloop
  endfacet
  facet normal -0.0490324 0.998797 0
    outer loop
      vertex 46 -36.7 3
      vertex 46.3137 -36.6846 0
      vertex 46 -36.7 0
    endloop
  endfacet
  facet normal -0.857746 0.514074 0
    outer loop
      vertex 48.6607 -35.2778 0
      vertex 48.8221 -35.0085 3
      vertex 48.8221 -35.0085 0
    endloop
  endfacet
  facet normal -0.857746 0.514074 0
    outer loop
      vertex 48.8221 -35.0085 3
      vertex 48.6607 -35.2778 0
      vertex 48.6607 -35.2778 3
    endloop
  endfacet
  facet normal 0.941547 -0.336881 0
    outer loop
      vertex 42.9378 -32.5711 3
      vertex 43.0436 -32.2754 0
      vertex 43.0436 -32.2754 3
    endloop
  endfacet
  facet normal 0.941547 -0.336881 0
    outer loop
      vertex 43.0436 -32.2754 0
      vertex 42.9378 -32.5711 3
      vertex 42.9378 -32.5711 0
    endloop
  endfacet
  facet normal 0.671705 0.740819 -0
    outer loop
      vertex 43.9699 -35.9736 0
      vertex 43.7373 -35.7627 3
      vertex 43.9699 -35.9736 3
    endloop
  endfacet
  facet normal 0.671705 0.740819 0
    outer loop
      vertex 43.7373 -35.7627 3
      vertex 43.9699 -35.9736 0
      vertex 43.7373 -35.7627 0
    endloop
  endfacet
  facet normal -0.97003 -0.242985 0
    outer loop
      vertex 49.1385 -32.8757 0
      vertex 49.0622 -32.5711 3
      vertex 49.0622 -32.5711 0
    endloop
  endfacet
  facet normal -0.97003 -0.242985 0
    outer loop
      vertex 49.0622 -32.5711 3
      vertex 49.1385 -32.8757 0
      vertex 49.1385 -32.8757 3
    endloop
  endfacet
  facet normal 0.514074 0.857746 -0
    outer loop
      vertex 44.4915 -36.3221 0
      vertex 44.2222 -36.1607 3
      vertex 44.4915 -36.3221 3
    endloop
  endfacet
  facet normal 0.514074 0.857746 0
    outer loop
      vertex 44.2222 -36.1607 3
      vertex 44.4915 -36.3221 0
      vertex 44.2222 -36.1607 0
    endloop
  endfacet
  facet normal 0.998797 -0.0490324 0
    outer loop
      vertex 42.8 -33.5 3
      vertex 42.8154 -33.1863 0
      vertex 42.8154 -33.1863 3
    endloop
  endfacet
  facet normal 0.998797 -0.0490324 0
    outer loop
      vertex 42.8154 -33.1863 0
      vertex 42.8 -33.5 3
      vertex 42.8 -33.5 0
    endloop
  endfacet
  facet normal 0.97003 0.242985 0
    outer loop
      vertex 42.9378 -34.4289 3
      vertex 42.8615 -34.1243 0
      vertex 42.8615 -34.1243 3
    endloop
  endfacet
  facet normal 0.97003 0.242985 0
    outer loop
      vertex 42.8615 -34.1243 0
      vertex 42.9378 -34.4289 3
      vertex 42.9378 -34.4289 0
    endloop
  endfacet
  facet normal -0.427621 -0.903958 0
    outer loop
      vertex 47.2246 -30.5436 0
      vertex 47.5085 -30.6779 3
      vertex 47.2246 -30.5436 3
    endloop
  endfacet
  facet normal -0.427621 -0.903958 -0
    outer loop
      vertex 47.5085 -30.6779 3
      vertex 47.2246 -30.5436 0
      vertex 47.5085 -30.6779 0
    endloop
  endfacet
  facet normal 0.336881 0.941547 -0
    outer loop
      vertex 45.0711 -36.5622 0
      vertex 44.7754 -36.4564 3
      vertex 45.0711 -36.5622 3
    endloop
  endfacet
  facet normal 0.336881 0.941547 0
    outer loop
      vertex 44.7754 -36.4564 3
      vertex 45.0711 -36.5622 0
      vertex 44.7754 -36.4564 0
    endloop
  endfacet
  facet normal -0.514074 -0.857746 0
    outer loop
      vertex 47.5085 -30.6779 0
      vertex 47.7778 -30.8393 3
      vertex 47.5085 -30.6779 3
    endloop
  endfacet
  facet normal -0.514074 -0.857746 -0
    outer loop
      vertex 47.7778 -30.8393 3
      vertex 47.5085 -30.6779 0
      vertex 47.7778 -30.8393 0
    endloop
  endfacet
  facet normal -0.146814 -0.989164 0
    outer loop
      vertex 46.3137 -30.3154 0
      vertex 46.6243 -30.3615 3
      vertex 46.3137 -30.3154 3
    endloop
  endfacet
  facet normal -0.146814 -0.989164 -0
    outer loop
      vertex 46.6243 -30.3615 3
      vertex 46.3137 -30.3154 0
      vertex 46.6243 -30.3615 0
    endloop
  endfacet
  facet normal -0.740819 -0.671705 0
    outer loop
      vertex 48.4736 -31.4699 0
      vertex 48.2627 -31.2373 3
      vertex 48.2627 -31.2373 0
    endloop
  endfacet
  facet normal -0.740819 -0.671705 0
    outer loop
      vertex 48.2627 -31.2373 3
      vertex 48.4736 -31.4699 0
      vertex 48.4736 -31.4699 3
    endloop
  endfacet
  facet normal -0.803236 -0.595661 0
    outer loop
      vertex 48.6607 -31.7222 0
      vertex 48.4736 -31.4699 3
      vertex 48.4736 -31.4699 0
    endloop
  endfacet
  facet normal -0.803236 -0.595661 0
    outer loop
      vertex 48.4736 -31.4699 3
      vertex 48.6607 -31.7222 0
      vertex 48.6607 -31.7222 3
    endloop
  endfacet
  facet normal 0.0490324 0.998797 -0
    outer loop
      vertex 46 -36.7 0
      vertex 45.6863 -36.6846 3
      vertex 46 -36.7 3
    endloop
  endfacet
  facet normal 0.0490324 0.998797 0
    outer loop
      vertex 45.6863 -36.6846 3
      vertex 46 -36.7 0
      vertex 45.6863 -36.6846 0
    endloop
  endfacet
  facet normal 0.427621 0.903958 -0
    outer loop
      vertex 44.7754 -36.4564 0
      vertex 44.4915 -36.3221 3
      vertex 44.7754 -36.4564 3
    endloop
  endfacet
  facet normal 0.427621 0.903958 0
    outer loop
      vertex 44.4915 -36.3221 3
      vertex 44.7754 -36.4564 0
      vertex 44.4915 -36.3221 0
    endloop
  endfacet
  facet normal 0.595661 0.803236 -0
    outer loop
      vertex 44.2222 -36.1607 0
      vertex 43.9699 -35.9736 3
      vertex 44.2222 -36.1607 3
    endloop
  endfacet
  facet normal 0.595661 0.803236 0
    outer loop
      vertex 43.9699 -35.9736 3
      vertex 44.2222 -36.1607 0
      vertex 43.9699 -35.9736 0
    endloop
  endfacet
  facet normal 0.989164 0.146814 0
    outer loop
      vertex 42.8615 -34.1243 3
      vertex 42.8154 -33.8137 0
      vertex 42.8154 -33.8137 3
    endloop
  endfacet
  facet normal 0.989164 0.146814 0
    outer loop
      vertex 42.8154 -33.8137 0
      vertex 42.8615 -34.1243 3
      vertex 42.8615 -34.1243 0
    endloop
  endfacet
  facet normal 0.242985 -0.97003 0
    outer loop
      vertex 45.0711 -30.4378 0
      vertex 45.3757 -30.3615 3
      vertex 45.0711 -30.4378 3
    endloop
  endfacet
  facet normal 0.242985 -0.97003 0
    outer loop
      vertex 45.3757 -30.3615 3
      vertex 45.0711 -30.4378 0
      vertex 45.3757 -30.3615 0
    endloop
  endfacet
  facet normal -0.97003 0.242985 0
    outer loop
      vertex 49.0622 -34.4289 0
      vertex 49.1385 -34.1243 3
      vertex 49.1385 -34.1243 0
    endloop
  endfacet
  facet normal -0.97003 0.242985 0
    outer loop
      vertex 49.1385 -34.1243 3
      vertex 49.0622 -34.4289 0
      vertex 49.0622 -34.4289 3
    endloop
  endfacet
  facet normal -0.803236 0.595661 0
    outer loop
      vertex 48.4736 -35.5301 0
      vertex 48.6607 -35.2778 3
      vertex 48.6607 -35.2778 0
    endloop
  endfacet
  facet normal -0.803236 0.595661 0
    outer loop
      vertex 48.6607 -35.2778 3
      vertex 48.4736 -35.5301 0
      vertex 48.4736 -35.5301 3
    endloop
  endfacet
  facet normal 0.803236 -0.595661 0
    outer loop
      vertex 43.3393 -31.7222 3
      vertex 43.5264 -31.4699 0
      vertex 43.5264 -31.4699 3
    endloop
  endfacet
  facet normal 0.803236 -0.595661 0
    outer loop
      vertex 43.5264 -31.4699 0
      vertex 43.3393 -31.7222 3
      vertex 43.3393 -31.7222 0
    endloop
  endfacet
  facet normal 0.903958 -0.427621 0
    outer loop
      vertex 43.0436 -32.2754 3
      vertex 43.1779 -31.9915 0
      vertex 43.1779 -31.9915 3
    endloop
  endfacet
  facet normal 0.903958 -0.427621 0
    outer loop
      vertex 43.1779 -31.9915 0
      vertex 43.0436 -32.2754 3
      vertex 43.0436 -32.2754 0
    endloop
  endfacet
  facet normal -0.146814 0.989164 0
    outer loop
      vertex 46.6243 -36.6385 0
      vertex 46.3137 -36.6846 3
      vertex 46.6243 -36.6385 3
    endloop
  endfacet
  facet normal -0.146814 0.989164 0
    outer loop
      vertex 46.3137 -36.6846 3
      vertex 46.6243 -36.6385 0
      vertex 46.3137 -36.6846 0
    endloop
  endfacet
  facet normal 0.427621 -0.903958 0
    outer loop
      vertex 44.4915 -30.6779 0
      vertex 44.7754 -30.5436 3
      vertex 44.4915 -30.6779 3
    endloop
  endfacet
  facet normal 0.427621 -0.903958 0
    outer loop
      vertex 44.7754 -30.5436 3
      vertex 44.4915 -30.6779 0
      vertex 44.7754 -30.5436 0
    endloop
  endfacet
  facet normal -0.595661 -0.803236 0
    outer loop
      vertex 47.7778 -30.8393 0
      vertex 48.0301 -31.0264 3
      vertex 47.7778 -30.8393 3
    endloop
  endfacet
  facet normal -0.595661 -0.803236 -0
    outer loop
      vertex 48.0301 -31.0264 3
      vertex 47.7778 -30.8393 0
      vertex 48.0301 -31.0264 0
    endloop
  endfacet
  facet normal -0.998797 -0.0490324 0
    outer loop
      vertex 49.2 -33.5 0
      vertex 49.1846 -33.1863 3
      vertex 49.1846 -33.1863 0
    endloop
  endfacet
  facet normal -0.998797 -0.0490324 0
    outer loop
      vertex 49.1846 -33.1863 3
      vertex 49.2 -33.5 0
      vertex 49.2 -33.5 3
    endloop
  endfacet
  facet normal 0.146814 0.989164 -0
    outer loop
      vertex 45.6863 -36.6846 0
      vertex 45.3757 -36.6385 3
      vertex 45.6863 -36.6846 3
    endloop
  endfacet
  facet normal 0.146814 0.989164 0
    outer loop
      vertex 45.3757 -36.6385 3
      vertex 45.6863 -36.6846 0
      vertex 45.3757 -36.6385 0
    endloop
  endfacet
  facet normal 0.989164 -0.146814 0
    outer loop
      vertex 42.8154 -33.1863 3
      vertex 42.8615 -32.8757 0
      vertex 42.8615 -32.8757 3
    endloop
  endfacet
  facet normal 0.989164 -0.146814 0
    outer loop
      vertex 42.8615 -32.8757 0
      vertex 42.8154 -33.1863 3
      vertex 42.8154 -33.1863 0
    endloop
  endfacet
  facet normal -0.336881 -0.941547 0
    outer loop
      vertex 46.9289 -30.4378 0
      vertex 47.2246 -30.5436 3
      vertex 46.9289 -30.4378 3
    endloop
  endfacet
  facet normal -0.336881 -0.941547 -0
    outer loop
      vertex 47.2246 -30.5436 3
      vertex 46.9289 -30.4378 0
      vertex 47.2246 -30.5436 0
    endloop
  endfacet
  facet normal -0.242985 -0.97003 0
    outer loop
      vertex 46.6243 -30.3615 0
      vertex 46.9289 -30.4378 3
      vertex 46.6243 -30.3615 3
    endloop
  endfacet
  facet normal -0.242985 -0.97003 -0
    outer loop
      vertex 46.9289 -30.4378 3
      vertex 46.6243 -30.3615 0
      vertex 46.9289 -30.4378 0
    endloop
  endfacet
  facet normal 0.903958 0.427621 0
    outer loop
      vertex 43.1779 -35.0085 3
      vertex 43.0436 -34.7246 0
      vertex 43.0436 -34.7246 3
    endloop
  endfacet
  facet normal 0.903958 0.427621 0
    outer loop
      vertex 43.0436 -34.7246 0
      vertex 43.1779 -35.0085 3
      vertex 43.1779 -35.0085 0
    endloop
  endfacet
  facet normal 0.740819 -0.671705 0
    outer loop
      vertex 43.5264 -31.4699 3
      vertex 43.7373 -31.2373 0
      vertex 43.7373 -31.2373 3
    endloop
  endfacet
  facet normal 0.740819 -0.671705 0
    outer loop
      vertex 43.7373 -31.2373 0
      vertex 43.5264 -31.4699 3
      vertex 43.5264 -31.4699 0
    endloop
  endfacet
  facet normal 0.595661 -0.803236 0
    outer loop
      vertex 43.9699 -31.0264 0
      vertex 44.2222 -30.8393 3
      vertex 43.9699 -31.0264 3
    endloop
  endfacet
  facet normal 0.595661 -0.803236 0
    outer loop
      vertex 44.2222 -30.8393 3
      vertex 43.9699 -31.0264 0
      vertex 44.2222 -30.8393 0
    endloop
  endfacet
  facet normal -0.903958 -0.427621 0
    outer loop
      vertex 48.9564 -32.2754 0
      vertex 48.8221 -31.9915 3
      vertex 48.8221 -31.9915 0
    endloop
  endfacet
  facet normal -0.903958 -0.427621 0
    outer loop
      vertex 48.8221 -31.9915 3
      vertex 48.9564 -32.2754 0
      vertex 48.9564 -32.2754 3
    endloop
  endfacet
  facet normal -0.857746 -0.514074 0
    outer loop
      vertex 48.8221 -31.9915 0
      vertex 48.6607 -31.7222 3
      vertex 48.6607 -31.7222 0
    endloop
  endfacet
  facet normal -0.857746 -0.514074 0
    outer loop
      vertex 48.6607 -31.7222 3
      vertex 48.8221 -31.9915 0
      vertex 48.8221 -31.9915 3
    endloop
  endfacet
  facet normal 0.0490324 -0.998797 0
    outer loop
      vertex 45.6863 -30.3154 0
      vertex 46 -30.3 3
      vertex 45.6863 -30.3154 3
    endloop
  endfacet
  facet normal 0.0490324 -0.998797 0
    outer loop
      vertex 46 -30.3 3
      vertex 45.6863 -30.3154 0
      vertex 46 -30.3 0
    endloop
  endfacet
  facet normal 0.998797 0.0490324 0
    outer loop
      vertex 42.8154 -33.8137 3
      vertex 42.8 -33.5 0
      vertex 42.8 -33.5 3
    endloop
  endfacet
  facet normal 0.998797 0.0490324 0
    outer loop
      vertex 42.8 -33.5 0
      vertex 42.8154 -33.8137 3
      vertex 42.8154 -33.8137 0
    endloop
  endfacet
  facet normal 0.336881 -0.941547 0
    outer loop
      vertex 44.7754 -30.5436 0
      vertex 45.0711 -30.4378 3
      vertex 44.7754 -30.5436 3
    endloop
  endfacet
  facet normal 0.336881 -0.941547 0
    outer loop
      vertex 45.0711 -30.4378 3
      vertex 44.7754 -30.5436 0
      vertex 45.0711 -30.4378 0
    endloop
  endfacet
  facet normal -0.671705 -0.740819 0
    outer loop
      vertex 48.0301 -31.0264 0
      vertex 48.2627 -31.2373 3
      vertex 48.0301 -31.0264 3
    endloop
  endfacet
  facet normal -0.671705 -0.740819 -0
    outer loop
      vertex 48.2627 -31.2373 3
      vertex 48.0301 -31.0264 0
      vertex 48.2627 -31.2373 0
    endloop
  endfacet
  facet normal -0.989176 0.146736 0
    outer loop
      vertex 27.8847 -1.17054 0.6
      vertex 27.9711 -0.588102 5
      vertex 27.9711 -0.588102 0.6
    endloop
  endfacet
  facet normal -0.989176 0.146736 0
    outer loop
      vertex 27.9711 -0.588102 5
      vertex 27.8847 -1.17054 0.6
      vertex 27.8847 -1.17054 5
    endloop
  endfacet
  facet normal -0.998795 0.0490819 0
    outer loop
      vertex 27.9711 -0.588102 0.6
      vertex 28 0 5
      vertex 28 0 0.6
    endloop
  endfacet
  facet normal -0.998795 0.0490819 0
    outer loop
      vertex 28 0 5
      vertex 27.9711 -0.588102 0.6
      vertex 27.9711 -0.588102 5
    endloop
  endfacet
  facet normal -0.970019 0.243027 0
    outer loop
      vertex 27.7416 -1.74171 0.6
      vertex 27.8847 -1.17054 5
      vertex 27.8847 -1.17054 0.6
    endloop
  endfacet
  facet normal -0.970019 0.243027 0
    outer loop
      vertex 27.8847 -1.17054 5
      vertex 27.7416 -1.74171 0.6
      vertex 27.7416 -1.74171 5
    endloop
  endfacet
  facet normal 0.242967 0.970035 -0
    outer loop
      vertex 20.8295 -5.88471 0.6
      vertex 20.2583 -5.74164 5
      vertex 20.8295 -5.88471 5
    endloop
  endfacet
  facet normal 0.242967 0.970035 0
    outer loop
      vertex 20.2583 -5.74164 5
      vertex 20.8295 -5.88471 0.6
      vertex 20.2583 -5.74164 0.6
    endloop
  endfacet
  facet normal 0.146746 0.989174 -0
    outer loop
      vertex 21.4119 -5.97111 0.6
      vertex 20.8295 -5.88471 5
      vertex 21.4119 -5.97111 5
    endloop
  endfacet
  facet normal 0.146746 0.989174 0
    outer loop
      vertex 20.8295 -5.88471 5
      vertex 21.4119 -5.97111 0.6
      vertex 20.8295 -5.88471 0.6
    endloop
  endfacet
  facet normal -0.803253 0.595638 0
    outer loop
      vertex 26.6381 -3.80636 0.6
      vertex 26.9888 -3.33342 5
      vertex 26.9888 -3.33342 0.6
    endloop
  endfacet
  facet normal -0.803253 0.595638 0
    outer loop
      vertex 26.9888 -3.33342 5
      vertex 26.6381 -3.80636 0.6
      vertex 26.6381 -3.80636 5
    endloop
  endfacet
  facet normal -0.336879 -0.941548 0
    outer loop
      vertex 23.7417 5.74164 0.6
      vertex 24.2961 5.54328 5
      vertex 23.7417 5.74164 5
    endloop
  endfacet
  facet normal -0.336879 -0.941548 -0
    outer loop
      vertex 24.2961 5.54328 5
      vertex 23.7417 5.74164 0.6
      vertex 24.2961 5.54328 0.6
    endloop
  endfacet
  facet normal -0.242967 -0.970035 0
    outer loop
      vertex 23.1705 5.88471 0.6
      vertex 23.7417 5.74164 5
      vertex 23.1705 5.88471 5
    endloop
  endfacet
  facet normal -0.242967 -0.970035 -0
    outer loop
      vertex 23.7417 5.74164 5
      vertex 23.1705 5.88471 0.6
      vertex 23.7417 5.74164 0.6
    endloop
  endfacet
  facet normal 0.514134 0.85771 -0
    outer loop
      vertex 19.1716 -5.29153 0.6
      vertex 18.6666 -4.98882 5
      vertex 19.1716 -5.29153 5
    endloop
  endfacet
  facet normal 0.514134 0.85771 0
    outer loop
      vertex 18.6666 -4.98882 5
      vertex 19.1716 -5.29153 0.6
      vertex 18.6666 -4.98882 0.6
    endloop
  endfacet
  facet normal -0.998795 -0.0490819 0
    outer loop
      vertex 28 0 0.6
      vertex 27.9711 0.588102 5
      vertex 27.9711 0.588102 0.6
    endloop
  endfacet
  facet normal -0.998795 -0.0490819 0
    outer loop
      vertex 27.9711 0.588102 5
      vertex 28 0 0.6
      vertex 28 0 5
    endloop
  endfacet
  facet normal 0.857736 -0.514091 0
    outer loop
      vertex 16.7085 2.82838 5
      vertex 17.0112 3.33342 0.6
      vertex 17.0112 3.33342 5
    endloop
  endfacet
  facet normal 0.857736 -0.514091 0
    outer loop
      vertex 17.0112 3.33342 0.6
      vertex 16.7085 2.82838 5
      vertex 16.7085 2.82838 0.6
    endloop
  endfacet
  facet normal -0.595655 -0.803241 0
    outer loop
      vertex 25.3334 4.98882 0.6
      vertex 25.8064 4.63806 5
      vertex 25.3334 4.98882 5
    endloop
  endfacet
  facet normal -0.595655 -0.803241 -0
    outer loop
      vertex 25.8064 4.63806 5
      vertex 25.3334 4.98882 0.6
      vertex 25.8064 4.63806 0.6
    endloop
  endfacet
  facet normal -0.803253 -0.595638 0
    outer loop
      vertex 26.9888 3.33342 0.6
      vertex 26.6381 3.80636 5
      vertex 26.6381 3.80636 0.6
    endloop
  endfacet
  facet normal -0.803253 -0.595638 0
    outer loop
      vertex 26.6381 3.80636 5
      vertex 26.9888 3.33342 0.6
      vertex 26.9888 3.33342 5
    endloop
  endfacet
  facet normal 0.903956 0.427625 0
    outer loop
      vertex 16.7085 -2.82838 5
      vertex 16.4567 -2.2961 0.6
      vertex 16.4567 -2.2961 5
    endloop
  endfacet
  facet normal 0.903956 0.427625 0
    outer loop
      vertex 16.4567 -2.2961 0.6
      vertex 16.7085 -2.82838 5
      vertex 16.7085 -2.82838 0.6
    endloop
  endfacet
  facet normal -0.427542 -0.903995 0
    outer loop
      vertex 24.2961 5.54328 0.6
      vertex 24.8284 5.29153 5
      vertex 24.2961 5.54328 5
    endloop
  endfacet
  facet normal -0.427542 -0.903995 -0
    outer loop
      vertex 24.8284 5.29153 5
      vertex 24.2961 5.54328 0.6
      vertex 24.8284 5.29153 0.6
    endloop
  endfacet
  facet normal 0.740884 -0.671632 0
    outer loop
      vertex 17.3619 3.80636 5
      vertex 17.7574 4.24264 0.6
      vertex 17.7574 4.24264 5
    endloop
  endfacet
  facet normal 0.740884 -0.671632 0
    outer loop
      vertex 17.7574 4.24264 0.6
      vertex 17.3619 3.80636 5
      vertex 17.3619 3.80636 0.6
    endloop
  endfacet
  facet normal 0.0490651 0.998796 -0
    outer loop
      vertex 22 -6 0.6
      vertex 21.4119 -5.97111 5
      vertex 22 -6 5
    endloop
  endfacet
  facet normal 0.0490651 0.998796 0
    outer loop
      vertex 21.4119 -5.97111 5
      vertex 22 -6 0.6
      vertex 21.4119 -5.97111 0.6
    endloop
  endfacet
  facet normal 0.595655 0.803241 -0
    outer loop
      vertex 18.6666 -4.98882 0.6
      vertex 18.1936 -4.63806 5
      vertex 18.6666 -4.98882 5
    endloop
  endfacet
  facet normal 0.595655 0.803241 0
    outer loop
      vertex 18.1936 -4.63806 5
      vertex 18.6666 -4.98882 0.6
      vertex 18.1936 -4.63806 0.6
    endloop
  endfacet
  facet normal 0.146746 -0.989174 0
    outer loop
      vertex 20.8295 5.88471 0.6
      vertex 21.4119 5.97111 5
      vertex 20.8295 5.88471 5
    endloop
  endfacet
  facet normal 0.146746 -0.989174 0
    outer loop
      vertex 21.4119 5.97111 5
      vertex 20.8295 5.88471 0.6
      vertex 21.4119 5.97111 0.6
    endloop
  endfacet
  facet normal 0.427542 0.903995 -0
    outer loop
      vertex 19.7039 -5.54328 0.6
      vertex 19.1716 -5.29153 5
      vertex 19.7039 -5.54328 5
    endloop
  endfacet
  facet normal 0.427542 0.903995 0
    outer loop
      vertex 19.1716 -5.29153 5
      vertex 19.7039 -5.54328 0.6
      vertex 19.1716 -5.29153 0.6
    endloop
  endfacet
  facet normal -0.740884 0.671632 0
    outer loop
      vertex 26.2426 -4.24264 0.6
      vertex 26.6381 -3.80636 5
      vertex 26.6381 -3.80636 0.6
    endloop
  endfacet
  facet normal -0.740884 0.671632 0
    outer loop
      vertex 26.6381 -3.80636 5
      vertex 26.2426 -4.24264 0.6
      vertex 26.2426 -4.24264 5
    endloop
  endfacet
  facet normal -0.336879 0.941548 0
    outer loop
      vertex 24.2961 -5.54328 0.6
      vertex 23.7417 -5.74164 5
      vertex 24.2961 -5.54328 5
    endloop
  endfacet
  facet normal -0.336879 0.941548 0
    outer loop
      vertex 23.7417 -5.74164 5
      vertex 24.2961 -5.54328 0.6
      vertex 23.7417 -5.74164 0.6
    endloop
  endfacet
  facet normal 0.336879 0.941548 -0
    outer loop
      vertex 20.2583 -5.74164 0.6
      vertex 19.7039 -5.54328 5
      vertex 20.2583 -5.74164 5
    endloop
  endfacet
  facet normal 0.336879 0.941548 0
    outer loop
      vertex 19.7039 -5.54328 5
      vertex 20.2583 -5.74164 0.6
      vertex 19.7039 -5.54328 0.6
    endloop
  endfacet
  facet normal -0.0490651 -0.998796 0
    outer loop
      vertex 22 6 0.6
      vertex 22.5881 5.97111 5
      vertex 22 6 5
    endloop
  endfacet
  facet normal -0.0490651 -0.998796 -0
    outer loop
      vertex 22.5881 5.97111 5
      vertex 22 6 0.6
      vertex 22.5881 5.97111 0.6
    endloop
  endfacet
  facet normal -0.903956 0.427625 0
    outer loop
      vertex 27.2915 -2.82838 0.6
      vertex 27.5433 -2.2961 5
      vertex 27.5433 -2.2961 0.6
    endloop
  endfacet
  facet normal -0.903956 0.427625 0
    outer loop
      vertex 27.5433 -2.2961 5
      vertex 27.2915 -2.82838 0.6
      vertex 27.2915 -2.82838 5
    endloop
  endfacet
  facet normal 0.514134 -0.85771 0
    outer loop
      vertex 18.6666 4.98882 0.6
      vertex 19.1716 5.29153 5
      vertex 18.6666 4.98882 5
    endloop
  endfacet
  facet normal 0.514134 -0.85771 0
    outer loop
      vertex 19.1716 5.29153 5
      vertex 18.6666 4.98882 0.6
      vertex 19.1716 5.29153 0.6
    endloop
  endfacet
  facet normal -0.941578 0.336794 0
    outer loop
      vertex 27.5433 -2.2961 0.6
      vertex 27.7416 -1.74171 5
      vertex 27.7416 -1.74171 0.6
    endloop
  endfacet
  facet normal -0.941578 0.336794 0
    outer loop
      vertex 27.7416 -1.74171 5
      vertex 27.5433 -2.2961 0.6
      vertex 27.5433 -2.2961 5
    endloop
  endfacet
  facet normal 0.857736 0.514091 0
    outer loop
      vertex 17.0112 -3.33342 5
      vertex 16.7085 -2.82838 0.6
      vertex 16.7085 -2.82838 5
    endloop
  endfacet
  facet normal 0.857736 0.514091 0
    outer loop
      vertex 16.7085 -2.82838 0.6
      vertex 17.0112 -3.33342 5
      vertex 17.0112 -3.33342 0.6
    endloop
  endfacet
  facet normal -0.595655 0.803241 0
    outer loop
      vertex 25.8064 -4.63806 0.6
      vertex 25.3334 -4.98882 5
      vertex 25.8064 -4.63806 5
    endloop
  endfacet
  facet normal -0.595655 0.803241 0
    outer loop
      vertex 25.3334 -4.98882 5
      vertex 25.8064 -4.63806 0.6
      vertex 25.3334 -4.98882 0.6
    endloop
  endfacet
  facet normal -0.671625 -0.740891 0
    outer loop
      vertex 25.8064 4.63806 0.6
      vertex 26.2426 4.24264 5
      vertex 25.8064 4.63806 5
    endloop
  endfacet
  facet normal -0.671625 -0.740891 -0
    outer loop
      vertex 26.2426 4.24264 5
      vertex 25.8064 4.63806 0.6
      vertex 26.2426 4.24264 0.6
    endloop
  endfacet
  facet normal -0.242967 0.970035 0
    outer loop
      vertex 23.7417 -5.74164 0.6
      vertex 23.1705 -5.88471 5
      vertex 23.7417 -5.74164 5
    endloop
  endfacet
  facet normal -0.242967 0.970035 0
    outer loop
      vertex 23.1705 -5.88471 5
      vertex 23.7417 -5.74164 0.6
      vertex 23.1705 -5.88471 0.6
    endloop
  endfacet
  facet normal -0.146746 -0.989174 0
    outer loop
      vertex 22.5881 5.97111 0.6
      vertex 23.1705 5.88471 5
      vertex 22.5881 5.97111 5
    endloop
  endfacet
  facet normal -0.146746 -0.989174 -0
    outer loop
      vertex 23.1705 5.88471 5
      vertex 22.5881 5.97111 0.6
      vertex 23.1705 5.88471 0.6
    endloop
  endfacet
  facet normal -0.514134 0.85771 0
    outer loop
      vertex 25.3334 -4.98882 0.6
      vertex 24.8284 -5.29153 5
      vertex 25.3334 -4.98882 5
    endloop
  endfacet
  facet normal -0.514134 0.85771 0
    outer loop
      vertex 24.8284 -5.29153 5
      vertex 25.3334 -4.98882 0.6
      vertex 24.8284 -5.29153 0.6
    endloop
  endfacet
  facet normal 0.989176 0.146736 0
    outer loop
      vertex 16.1153 -1.17054 5
      vertex 16.0289 -0.588102 0.6
      vertex 16.0289 -0.588102 5
    endloop
  endfacet
  facet normal 0.989176 0.146736 0
    outer loop
      vertex 16.0289 -0.588102 0.6
      vertex 16.1153 -1.17054 5
      vertex 16.1153 -1.17054 0.6
    endloop
  endfacet
  facet normal -0.740884 -0.671632 0
    outer loop
      vertex 26.6381 3.80636 0.6
      vertex 26.2426 4.24264 5
      vertex 26.2426 4.24264 0.6
    endloop
  endfacet
  facet normal -0.740884 -0.671632 0
    outer loop
      vertex 26.2426 4.24264 5
      vertex 26.6381 3.80636 0.6
      vertex 26.6381 3.80636 5
    endloop
  endfacet
  facet normal -0.970019 -0.243027 0
    outer loop
      vertex 27.8847 1.17054 0.6
      vertex 27.7416 1.74171 5
      vertex 27.7416 1.74171 0.6
    endloop
  endfacet
  facet normal -0.970019 -0.243027 0
    outer loop
      vertex 27.7416 1.74171 5
      vertex 27.8847 1.17054 0.6
      vertex 27.8847 1.17054 5
    endloop
  endfacet
  facet normal 0.595655 -0.803241 0
    outer loop
      vertex 18.1936 4.63806 0.6
      vertex 18.6666 4.98882 5
      vertex 18.1936 4.63806 5
    endloop
  endfacet
  facet normal 0.595655 -0.803241 0
    outer loop
      vertex 18.6666 4.98882 5
      vertex 18.1936 4.63806 0.6
      vertex 18.6666 4.98882 0.6
    endloop
  endfacet
  facet normal -0.941578 -0.336794 0
    outer loop
      vertex 27.7416 1.74171 0.6
      vertex 27.5433 2.2961 5
      vertex 27.5433 2.2961 0.6
    endloop
  endfacet
  facet normal -0.941578 -0.336794 0
    outer loop
      vertex 27.5433 2.2961 5
      vertex 27.7416 1.74171 0.6
      vertex 27.7416 1.74171 5
    endloop
  endfacet
  facet normal 0.941578 0.336794 0
    outer loop
      vertex 16.4567 -2.2961 5
      vertex 16.2584 -1.74171 0.6
      vertex 16.2584 -1.74171 5
    endloop
  endfacet
  facet normal 0.941578 0.336794 0
    outer loop
      vertex 16.2584 -1.74171 0.6
      vertex 16.4567 -2.2961 5
      vertex 16.4567 -2.2961 0.6
    endloop
  endfacet
  facet normal -0.427542 0.903995 0
    outer loop
      vertex 24.8284 -5.29153 0.6
      vertex 24.2961 -5.54328 5
      vertex 24.8284 -5.29153 5
    endloop
  endfacet
  facet normal -0.427542 0.903995 0
    outer loop
      vertex 24.2961 -5.54328 5
      vertex 24.8284 -5.29153 0.6
      vertex 24.2961 -5.54328 0.6
    endloop
  endfacet
  facet normal -0.989176 -0.146736 0
    outer loop
      vertex 27.9711 0.588102 0.6
      vertex 27.8847 1.17054 5
      vertex 27.8847 1.17054 0.6
    endloop
  endfacet
  facet normal -0.989176 -0.146736 0
    outer loop
      vertex 27.8847 1.17054 5
      vertex 27.9711 0.588102 0.6
      vertex 27.9711 0.588102 5
    endloop
  endfacet
  facet normal 0.989176 -0.146736 0
    outer loop
      vertex 16.0289 0.588102 5
      vertex 16.1153 1.17054 0.6
      vertex 16.1153 1.17054 5
    endloop
  endfacet
  facet normal 0.989176 -0.146736 0
    outer loop
      vertex 16.1153 1.17054 0.6
      vertex 16.0289 0.588102 5
      vertex 16.0289 0.588102 0.6
    endloop
  endfacet
  facet normal -0.671625 0.740891 0
    outer loop
      vertex 26.2426 -4.24264 0.6
      vertex 25.8064 -4.63806 5
      vertex 26.2426 -4.24264 5
    endloop
  endfacet
  facet normal -0.671625 0.740891 0
    outer loop
      vertex 25.8064 -4.63806 5
      vertex 26.2426 -4.24264 0.6
      vertex 25.8064 -4.63806 0.6
    endloop
  endfacet
  facet normal 0.903956 -0.427625 0
    outer loop
      vertex 16.4567 2.2961 5
      vertex 16.7085 2.82838 0.6
      vertex 16.7085 2.82838 5
    endloop
  endfacet
  facet normal 0.903956 -0.427625 0
    outer loop
      vertex 16.7085 2.82838 0.6
      vertex 16.4567 2.2961 5
      vertex 16.4567 2.2961 0.6
    endloop
  endfacet
  facet normal 0.970019 -0.243027 0
    outer loop
      vertex 16.1153 1.17054 5
      vertex 16.2584 1.74171 0.6
      vertex 16.2584 1.74171 5
    endloop
  endfacet
  facet normal 0.970019 -0.243027 0
    outer loop
      vertex 16.2584 1.74171 0.6
      vertex 16.1153 1.17054 5
      vertex 16.1153 1.17054 0.6
    endloop
  endfacet
  facet normal 0.970019 0.243027 0
    outer loop
      vertex 16.2584 -1.74171 5
      vertex 16.1153 -1.17054 0.6
      vertex 16.1153 -1.17054 5
    endloop
  endfacet
  facet normal 0.970019 0.243027 0
    outer loop
      vertex 16.1153 -1.17054 0.6
      vertex 16.2584 -1.74171 5
      vertex 16.2584 -1.74171 0.6
    endloop
  endfacet
  facet normal -0.857736 0.514091 0
    outer loop
      vertex 26.9888 -3.33342 0.6
      vertex 27.2915 -2.82838 5
      vertex 27.2915 -2.82838 0.6
    endloop
  endfacet
  facet normal -0.857736 0.514091 0
    outer loop
      vertex 27.2915 -2.82838 5
      vertex 26.9888 -3.33342 0.6
      vertex 26.9888 -3.33342 5
    endloop
  endfacet
  facet normal 0.671625 0.740891 -0
    outer loop
      vertex 18.1936 -4.63806 0.6
      vertex 17.7574 -4.24264 5
      vertex 18.1936 -4.63806 5
    endloop
  endfacet
  facet normal 0.671625 0.740891 0
    outer loop
      vertex 17.7574 -4.24264 5
      vertex 18.1936 -4.63806 0.6
      vertex 17.7574 -4.24264 0.6
    endloop
  endfacet
  facet normal -0.857736 -0.514091 0
    outer loop
      vertex 27.2915 2.82838 0.6
      vertex 26.9888 3.33342 5
      vertex 26.9888 3.33342 0.6
    endloop
  endfacet
  facet normal -0.857736 -0.514091 0
    outer loop
      vertex 26.9888 3.33342 5
      vertex 27.2915 2.82838 0.6
      vertex 27.2915 2.82838 5
    endloop
  endfacet
  facet normal -0.514134 -0.85771 0
    outer loop
      vertex 24.8284 5.29153 0.6
      vertex 25.3334 4.98882 5
      vertex 24.8284 5.29153 5
    endloop
  endfacet
  facet normal -0.514134 -0.85771 -0
    outer loop
      vertex 25.3334 4.98882 5
      vertex 24.8284 5.29153 0.6
      vertex 25.3334 4.98882 0.6
    endloop
  endfacet
  facet normal 0.803253 -0.595638 0
    outer loop
      vertex 17.0112 3.33342 5
      vertex 17.3619 3.80636 0.6
      vertex 17.3619 3.80636 5
    endloop
  endfacet
  facet normal 0.803253 -0.595638 0
    outer loop
      vertex 17.3619 3.80636 0.6
      vertex 17.0112 3.33342 5
      vertex 17.0112 3.33342 0.6
    endloop
  endfacet
  facet normal 0.740884 0.671632 0
    outer loop
      vertex 17.7574 -4.24264 5
      vertex 17.3619 -3.80636 0.6
      vertex 17.3619 -3.80636 5
    endloop
  endfacet
  facet normal 0.740884 0.671632 0
    outer loop
      vertex 17.3619 -3.80636 0.6
      vertex 17.7574 -4.24264 5
      vertex 17.7574 -4.24264 0.6
    endloop
  endfacet
  facet normal 0.803253 0.595638 0
    outer loop
      vertex 17.3619 -3.80636 5
      vertex 17.0112 -3.33342 0.6
      vertex 17.0112 -3.33342 5
    endloop
  endfacet
  facet normal 0.803253 0.595638 0
    outer loop
      vertex 17.0112 -3.33342 0.6
      vertex 17.3619 -3.80636 5
      vertex 17.3619 -3.80636 0.6
    endloop
  endfacet
  facet normal -0.146746 0.989174 0
    outer loop
      vertex 23.1705 -5.88471 0.6
      vertex 22.5881 -5.97111 5
      vertex 23.1705 -5.88471 5
    endloop
  endfacet
  facet normal -0.146746 0.989174 0
    outer loop
      vertex 22.5881 -5.97111 5
      vertex 23.1705 -5.88471 0.6
      vertex 22.5881 -5.97111 0.6
    endloop
  endfacet
  facet normal -0.903956 -0.427625 0
    outer loop
      vertex 27.5433 2.2961 0.6
      vertex 27.2915 2.82838 5
      vertex 27.2915 2.82838 0.6
    endloop
  endfacet
  facet normal -0.903956 -0.427625 0
    outer loop
      vertex 27.2915 2.82838 5
      vertex 27.5433 2.2961 0.6
      vertex 27.5433 2.2961 5
    endloop
  endfacet
  facet normal 0.0490651 -0.998796 0
    outer loop
      vertex 21.4119 5.97111 0.6
      vertex 22 6 5
      vertex 21.4119 5.97111 5
    endloop
  endfacet
  facet normal 0.0490651 -0.998796 0
    outer loop
      vertex 22 6 5
      vertex 21.4119 5.97111 0.6
      vertex 22 6 0.6
    endloop
  endfacet
  facet normal 0.941578 -0.336794 0
    outer loop
      vertex 16.2584 1.74171 5
      vertex 16.4567 2.2961 0.6
      vertex 16.4567 2.2961 5
    endloop
  endfacet
  facet normal 0.941578 -0.336794 0
    outer loop
      vertex 16.4567 2.2961 0.6
      vertex 16.2584 1.74171 5
      vertex 16.2584 1.74171 0.6
    endloop
  endfacet
  facet normal -0.0490651 0.998796 0
    outer loop
      vertex 22.5881 -5.97111 0.6
      vertex 22 -6 5
      vertex 22.5881 -5.97111 5
    endloop
  endfacet
  facet normal -0.0490651 0.998796 0
    outer loop
      vertex 22 -6 5
      vertex 22.5881 -5.97111 0.6
      vertex 22 -6 0.6
    endloop
  endfacet
  facet normal 0 0 1
    outer loop
      vertex 27.9711 0.588102 0.6
      vertex 27.9711 -0.588102 0.6
      vertex 28 0 0.6
    endloop
  endfacet
  facet normal 0 0 1
    outer loop
      vertex 27.8847 1.17054 0.6
      vertex 27.9711 -0.588102 0.6
      vertex 27.9711 0.588102 0.6
    endloop
  endfacet
  facet normal 0 0 1
    outer loop
      vertex 27.8847 1.17054 0.6
      vertex 27.8847 -1.17054 0.6
      vertex 27.9711 -0.588102 0.6
    endloop
  endfacet
  facet normal 0 0 1
    outer loop
      vertex 27.7416 1.74171 0.6
      vertex 27.8847 -1.17054 0.6
      vertex 27.8847 1.17054 0.6
    endloop
  endfacet
  facet normal 0 0 1
    outer loop
      vertex 27.7416 1.74171 0.6
      vertex 27.7416 -1.74171 0.6
      vertex 27.8847 -1.17054 0.6
    endloop
  endfacet
  facet normal 0 0 1
    outer loop
      vertex 27.5433 2.2961 0.6
      vertex 27.7416 -1.74171 0.6
      vertex 27.7416 1.74171 0.6
    endloop
  endfacet
  facet normal 0 0 1
    outer loop
      vertex 27.5433 2.2961 0.6
      vertex 27.5433 -2.2961 0.6
      vertex 27.7416 -1.74171 0.6
    endloop
  endfacet
  facet normal 0 0 1
    outer loop
      vertex 27.2915 2.82838 0.6
      vertex 27.5433 -2.2961 0.6
      vertex 27.5433 2.2961 0.6
    endloop
  endfacet
  facet normal 0 0 1
    outer loop
      vertex 27.2915 2.82838 0.6
      vertex 27.2915 -2.82838 0.6
      vertex 27.5433 -2.2961 0.6
    endloop
  endfacet
  facet normal 0 0 1
    outer loop
      vertex 26.9888 3.33342 0.6
      vertex 27.2915 -2.82838 0.6
      vertex 27.2915 2.82838 0.6
    endloop
  endfacet
  facet normal 0 0 1
    outer loop
      vertex 26.9888 3.33342 0.6
      vertex 26.9888 -3.33342 0.6
      vertex 27.2915 -2.82838 0.6
    endloop
  endfacet
  facet normal 0 0 1
    outer loop
      vertex 26.6381 3.80636 0.6
      vertex 26.9888 -3.33342 0.6
      vertex 26.9888 3.33342 0.6
    endloop
  endfacet
  facet normal 0 0 1
    outer loop
      vertex 26.6381 3.80636 0.6
      vertex 26.6381 -3.80636 0.6
      vertex 26.9888 -3.33342 0.6
    endloop
  endfacet
  facet normal 0 0 1
    outer loop
      vertex 26.2426 4.24264 0.6
      vertex 26.6381 -3.80636 0.6
      vertex 26.6381 3.80636 0.6
    endloop
  endfacet
  facet normal 0 0 1
    outer loop
      vertex 26.2426 4.24264 0.6
      vertex 26.2426 -4.24264 0.6
      vertex 26.6381 -3.80636 0.6
    endloop
  endfacet
  facet normal 0 0 1
    outer loop
      vertex 25.8064 4.63806 0.6
      vertex 26.2426 -4.24264 0.6
      vertex 26.2426 4.24264 0.6
    endloop
  endfacet
  facet normal 0 0 1
    outer loop
      vertex 25.8064 4.63806 0.6
      vertex 25.8064 -4.63806 0.6
      vertex 26.2426 -4.24264 0.6
    endloop
  endfacet
  facet normal 0 0 1
    outer loop
      vertex 25.3334 4.98882 0.6
      vertex 25.8064 -4.63806 0.6
      vertex 25.8064 4.63806 0.6
    endloop
  endfacet
  facet normal 0 0 1
    outer loop
      vertex 25.3334 4.98882 0.6
      vertex 25.3334 -4.98882 0.6
      vertex 25.8064 -4.63806 0.6
    endloop
  endfacet
  facet normal 0 0 1
    outer loop
      vertex 24.8284 5.29153 0.6
      vertex 25.3334 -4.98882 0.6
      vertex 25.3334 4.98882 0.6
    endloop
  endfacet
  facet normal 0 0 1
    outer loop
      vertex 24.8284 5.29153 0.6
      vertex 24.8284 -5.29153 0.6
      vertex 25.3334 -4.98882 0.6
    endloop
  endfacet
  facet normal 0 0 1
    outer loop
      vertex 24.2961 5.54328 0.6
      vertex 24.8284 -5.29153 0.6
      vertex 24.8284 5.29153 0.6
    endloop
  endfacet
  facet normal 0 0 1
    outer loop
      vertex 24.2961 5.54328 0.6
      vertex 24.2961 -5.54328 0.6
      vertex 24.8284 -5.29153 0.6
    endloop
  endfacet
  facet normal 0 0 1
    outer loop
      vertex 23.7417 5.74164 0.6
      vertex 24.2961 -5.54328 0.6
      vertex 24.2961 5.54328 0.6
    endloop
  endfacet
  facet normal 0 0 1
    outer loop
      vertex 23.7417 5.74164 0.6
      vertex 23.7417 -5.74164 0.6
      vertex 24.2961 -5.54328 0.6
    endloop
  endfacet
  facet normal 0 0 1
    outer loop
      vertex 23.1705 5.88471 0.6
      vertex 23.7417 -5.74164 0.6
      vertex 23.7417 5.74164 0.6
    endloop
  endfacet
  facet normal 0 0 1
    outer loop
      vertex 23.1705 5.88471 0.6
      vertex 23.1705 -5.88471 0.6
      vertex 23.7417 -5.74164 0.6
    endloop
  endfacet
  facet normal 0 0 1
    outer loop
      vertex 22.5881 5.97111 0.6
      vertex 23.1705 -5.88471 0.6
      vertex 23.1705 5.88471 0.6
    endloop
  endfacet
  facet normal 0 0 1
    outer loop
      vertex 22.5881 5.97111 0.6
      vertex 22.5881 -5.97111 0.6
      vertex 23.1705 -5.88471 0.6
    endloop
  endfacet
  facet normal 0 0 1
    outer loop
      vertex 22 6 0.6
      vertex 22.5881 -5.97111 0.6
      vertex 22.5881 5.97111 0.6
    endloop
  endfacet
  facet normal 0 0 1
    outer loop
      vertex 22 6 0.6
      vertex 22 -6 0.6
      vertex 22.5881 -5.97111 0.6
    endloop
  endfacet
  facet normal -0 0 1
    outer loop
      vertex 21.4119 5.97111 0.6
      vertex 22 -6 0.6
      vertex 22 6 0.6
    endloop
  endfacet
  facet normal 0 0 1
    outer loop
      vertex 21.4119 5.97111 0.6
      vertex 21.4119 -5.97111 0.6
      vertex 22 -6 0.6
    endloop
  endfacet
  facet normal -0 0 1
    outer loop
      vertex 20.8295 5.88471 0.6
      vertex 21.4119 -5.97111 0.6
      vertex 21.4119 5.97111 0.6
    endloop
  endfacet
  facet normal 0 0 1
    outer loop
      vertex 20.8295 5.88471 0.6
      vertex 20.8295 -5.88471 0.6
      vertex 21.4119 -5.97111 0.6
    endloop
  endfacet
  facet normal -0 0 1
    outer loop
      vertex 20.2583 5.74164 0.6
      vertex 20.8295 -5.88471 0.6
      vertex 20.8295 5.88471 0.6
    endloop
  endfacet
  facet normal 0 0 1
    outer loop
      vertex 20.2583 5.74164 0.6
      vertex 20.2583 -5.74164 0.6
      vertex 20.8295 -5.88471 0.6
    endloop
  endfacet
  facet normal -0 0 1
    outer loop
      vertex 19.7039 5.54328 0.6
      vertex 20.2583 -5.74164 0.6
      vertex 20.2583 5.74164 0.6
    endloop
  endfacet
  facet normal 0 0 1
    outer loop
      vertex 19.7039 5.54328 0.6
      vertex 19.7039 -5.54328 0.6
      vertex 20.2583 -5.74164 0.6
    endloop
  endfacet
  facet normal -0 0 1
    outer loop
      vertex 19.1716 5.29153 0.6
      vertex 19.7039 -5.54328 0.6
      vertex 19.7039 5.54328 0.6
    endloop
  endfacet
  facet normal 0 0 1
    outer loop
      vertex 19.1716 5.29153 0.6
      vertex 19.1716 -5.29153 0.6
      vertex 19.7039 -5.54328 0.6
    endloop
  endfacet
  facet normal -0 0 1
    outer loop
      vertex 18.6666 4.98882 0.6
      vertex 19.1716 -5.29153 0.6
      vertex 19.1716 5.29153 0.6
    endloop
  endfacet
  facet normal 0 0 1
    outer loop
      vertex 18.6666 4.98882 0.6
      vertex 18.6666 -4.98882 0.6
      vertex 19.1716 -5.29153 0.6
    endloop
  endfacet
  facet normal -0 0 1
    outer loop
      vertex 18.1936 4.63806 0.6
      vertex 18.6666 -4.98882 0.6
      vertex 18.6666 4.98882 0.6
    endloop
  endfacet
  facet normal 0 0 1
    outer loop
      vertex 18.1936 4.63806 0.6
      vertex 18.1936 -4.63806 0.6
      vertex 18.6666 -4.98882 0.6
    endloop
  endfacet
  facet normal -0 0 1
    outer loop
      vertex 17.7574 4.24264 0.6
      vertex 18.1936 -4.63806 0.6
      vertex 18.1936 4.63806 0.6
    endloop
  endfacet
  facet normal 0 0 1
    outer loop
      vertex 17.7574 4.24264 0.6
      vertex 17.7574 -4.24264 0.6
      vertex 18.1936 -4.63806 0.6
    endloop
  endfacet
  facet normal -0 0 1
    outer loop
      vertex 17.3619 3.80636 0.6
      vertex 17.7574 -4.24264 0.6
      vertex 17.7574 4.24264 0.6
    endloop
  endfacet
  facet normal 0 0 1
    outer loop
      vertex 17.3619 3.80636 0.6
      vertex 17.3619 -3.80636 0.6
      vertex 17.7574 -4.24264 0.6
    endloop
  endfacet
  facet normal -0 0 1
    outer loop
      vertex 17.0112 3.33342 0.6
      vertex 17.3619 -3.80636 0.6
      vertex 17.3619 3.80636 0.6
    endloop
  endfacet
  facet normal 0 0 1
    outer loop
      vertex 17.0112 3.33342 0.6
      vertex 17.0112 -3.33342 0.6
      vertex 17.3619 -3.80636 0.6
    endloop
  endfacet
  facet normal -0 0 1
    outer loop
      vertex 16.7085 2.82838 0.6
      vertex 17.0112 -3.33342 0.6
      vertex 17.0112 3.33342 0.6
    endloop
  endfacet
  facet normal 0 0 1
    outer loop
      vertex 16.7085 2.82838 0.6
      vertex 16.7085 -2.82838 0.6
      vertex 17.0112 -3.33342 0.6
    endloop
  endfacet
  facet normal -0 0 1
    outer loop
      vertex 16.4567 2.2961 0.6
      vertex 16.7085 -2.82838 0.6
      vertex 16.7085 2.82838 0.6
    endloop
  endfacet
  facet normal 0 0 1
    outer loop
      vertex 16.4567 2.2961 0.6
      vertex 16.4567 -2.2961 0.6
      vertex 16.7085 -2.82838 0.6
    endloop
  endfacet
  facet normal -0 0 1
    outer loop
      vertex 16.2584 1.74171 0.6
      vertex 16.4567 -2.2961 0.6
      vertex 16.4567 2.2961 0.6
    endloop
  endfacet
  facet normal 0 0 1
    outer loop
      vertex 16.2584 1.74171 0.6
      vertex 16.2584 -1.74171 0.6
      vertex 16.4567 -2.2961 0.6
    endloop
  endfacet
  facet normal -0 0 1
    outer loop
      vertex 16.1153 1.17054 0.6
      vertex 16.2584 -1.74171 0.6
      vertex 16.2584 1.74171 0.6
    endloop
  endfacet
  facet normal 0 0 1
    outer loop
      vertex 16.1153 1.17054 0.6
      vertex 16.1153 -1.17054 0.6
      vertex 16.2584 -1.74171 0.6
    endloop
  endfacet
  facet normal -0 0 1
    outer loop
      vertex 16.0289 0.588102 0.6
      vertex 16.1153 -1.17054 0.6
      vertex 16.1153 1.17054 0.6
    endloop
  endfacet
  facet normal 0 0 1
    outer loop
      vertex 16.0289 0.588102 0.6
      vertex 16.0289 -0.588102 0.6
      vertex 16.1153 -1.17054 0.6
    endloop
  endfacet
  facet normal 0 -0 1
    outer loop
      vertex 16.0289 -0.588102 0.6
      vertex 16.0289 0.588102 0.6
      vertex 16 0 0.6
    endloop
  endfacet
  facet normal 0.242967 -0.970035 0
    outer loop
      vertex 20.2583 5.74164 0.6
      vertex 20.8295 5.88471 5
      vertex 20.2583 5.74164 5
    endloop
  endfacet
  facet normal 0.242967 -0.970035 0
    outer loop
      vertex 20.8295 5.88471 5
      vertex 20.2583 5.74164 0.6
      vertex 20.8295 5.88471 0.6
    endloop
  endfacet
  facet normal 0.427542 -0.903995 0
    outer loop
      vertex 19.1716 5.29153 0.6
      vertex 19.7039 5.54328 5
      vertex 19.1716 5.29153 5
    endloop
  endfacet
  facet normal 0.427542 -0.903995 0
    outer loop
      vertex 19.7039 5.54328 5
      vertex 19.1716 5.29153 0.6
      vertex 19.7039 5.54328 0.6
    endloop
  endfacet
  facet normal 0.671625 -0.740891 0
    outer loop
      vertex 17.7574 4.24264 0.6
      vertex 18.1936 4.63806 5
      vertex 17.7574 4.24264 5
    endloop
  endfacet
  facet normal 0.671625 -0.740891 0
    outer loop
      vertex 18.1936 4.63806 5
      vertex 17.7574 4.24264 0.6
      vertex 18.1936 4.63806 0.6
    endloop
  endfacet
  facet normal 0.336879 -0.941548 0
    outer loop
      vertex 19.7039 5.54328 0.6
      vertex 20.2583 5.74164 5
      vertex 19.7039 5.54328 5
    endloop
  endfacet
  facet normal 0.336879 -0.941548 0
    outer loop
      vertex 20.2583 5.74164 5
      vertex 19.7039 5.54328 0.6
      vertex 20.2583 5.74164 0.6
    endloop
  endfacet
  facet normal 0.998795 0.0490819 0
    outer loop
      vertex 16.0289 -0.588102 5
      vertex 16 0 0.6
      vertex 16 0 5
    endloop
  endfacet
  facet normal 0.998795 0.0490819 0
    outer loop
      vertex 16 0 0.6
      vertex 16.0289 -0.588102 5
      vertex 16.0289 -0.588102 0.6
    endloop
  endfacet
  facet normal 0.998795 -0.0490819 0
    outer loop
      vertex 16 0 5
      vertex 16.0289 0.588102 0.6
      vertex 16.0289 0.588102 5
    endloop
  endfacet
  facet normal 0.998795 -0.0490819 0
    outer loop
      vertex 16.0289 0.588102 0.6
      vertex 16 0 5
      vertex 16 0 0.6
    endloop
  endfacet
endsolid OpenSCAD_Model
